
> @metrolinx/next.upexpress.com@1.0.0 pretest
> npm run build:config


> @metrolinx/next.upexpress.com@1.0.0 build:config
> esbuild next.config.ts --bundle --outfile=next.config.js --platform=node --external:./node_modules/* --target=es2020 --minify


  next.config.js  20.9kb

⚡ Done in 20ms

> @metrolinx/next.upexpress.com@1.0.0 test
> jest

[0m[7m[1m[32m PASS [39m[22m[27m[0m [2m__tests__/[22m[1mnext.config.spec.ts[22m ([0m[1m[41m6.508 s[49m[22m[0m)
[0m[7m[1m[32m PASS [39m[22m[27m[0m [2msrc/utils/__tests__/[22m[1mtickets.spec.ts[22m ([0m[1m[41m6.51 s[49m[22m[0m)
{"level":50,"time":1786735330331,"pid":1386884,"hostname":"EPCATORW0499","msg":"data: [{\"severity\":\"error\",\"message\":\"some error test message\",\"timestamp\":1673427025009,\"source\":\"static\",\"userAgent\":\"Mozilla/5.0 (Windows NT 10.0; Win64; x64) AppleWebKit/537.36 (KHTML, like Gecko) Chrome/108.0.0.0 Safari/537.36\",\"host\":\"localhost:3000\",\"path\":\"/en\"},{\"severity\":\"warning\",\"message\":\"anotherm warning test message\",\"details\":[1,2,3,\"4\",true],\"timestamp\":1673427025525,\"source\":\"static\",\"userAgent\":\"Mozilla/5.0 (Windows NT 10.0; Win64; x64) AppleWebKit/537.36 (KHTML, like Gecko) Chrome/108.0.0.0 Safari/537.36\",\"host\":\"localhost:3000\",\"path\":\"/en/find-a-station/wereqw-r-qwe-rqw-r-q\"},{\"severity\":\"info\",\"message\":\"\",\"timestamp\":1673427025960,\"source\":\"static\",\"userAgent\":\"Mozilla/5.0 (Windows NT 10.0; Win64; x64) AppleWebKit/537.36 (KHTML, like Gecko) Chrome/108.0.0.0 Safari/537.36\",\"host\":\"localhost:3000\",\"path\":\"/en?search=union\"}]; URL: https://some-test-url.example.com; Status code: 500"}
[0m[7m[1m[32m PASS [39m[22m[27m[0m [2msrc/services/__tests__/[22m[1mcontentstack.spec.ts[22m ([0m[1m[41m6.755 s[49m[22m[0m)
[0m[7m[1m[32m PASS [39m[22m[27m[0m [2msrc/api/__tests__/[22m[1mlogger.spec.ts[22m ([0m[1m[41m6.962 s[49m[22m[0m)
[0m[7m[1m[32m PASS [39m[22m[27m[0m [2msrc/utils/__tests__/[22m[1mgenerateCspHeader.spec.ts[22m ([0m[1m[41m7.114 s[49m[22m[0m)
[0m[7m[1m[32m PASS [39m[22m[27m[0m [2msrc/api/__tests__/[22m[1mretrieveUserProfile.spec.ts[22m ([0m[1m[41m7.276 s[49m[22m[0m)
[0m[7m[1m[32m PASS [39m[22m[27m[0m [2msrc/services/__tests__/[22m[1mlogger-1.spec.ts[22m
[0m[7m[1m[32m PASS [39m[22m[27m[0m [2msrc/api/__tests__/[22m[1mupdateUserProfile.spec.ts[22m ([0m[1m[41m7.849 s[49m[22m[0m)
[0m[7m[1m[32m PASS [39m[22m[27m[0m [2msrc/api/services/webchat/generate-webchat-token/[22m[1mgenerateWechatToken.spec.ts[22m ([0m[1m[41m8.029 s[49m[22m[0m)
[0m[7m[1m[32m PASS [39m[22m[27m[0m [2msrc/services/__tests__/[22m[1mpageService.spec.ts[22m ([0m[1m[41m8.051 s[49m[22m[0m)
[0m[7m[1m[32m PASS [39m[22m[27m[0m [2msrc/components/pages/__tests__/[22m[1mPageHead.spec.tsx[22m ([0m[1m[41m8.047 s[49m[22m[0m)
[0m[7m[1m[32m PASS [39m[22m[27m[0m [2msrc/services/__tests__/[22m[1mstaticPathsResolver.spec.ts[22m ([0m[1m[41m8.194 s[49m[22m[0m)
[0m[7m[1m[32m PASS [39m[22m[27m[0m [2msrc/hooks/__tests__/[22m[1museSearchAutosuggest.spec.ts[22m ([0m[1m[41m8.195 s[49m[22m[0m)
[0m[7m[1m[32m PASS [39m[22m[27m[0m [2msrc/utils/__tests__/[22m[1mcommon.spec.ts[22m
[0m[7m[1m[32m PASS [39m[22m[27m[0m [2msrc/utils/__tests__/[22m[1mfsCache.spec.ts[22m
[0m[7m[1m[32m PASS [39m[22m[27m[0m [2msrc/utils/__tests__/[22m[1mmapPageEntryToContentCard.spec.ts[22m
[0m[7m[1m[32m PASS [39m[22m[27m[0m [2msrc/components/CommonAnalytics/[22m[1mCommonAnalytics.spec.tsx[22m
[0m[7m[1m[32m PASS [39m[22m[27m[0m [2msrc/components/AuthOnlineChat/__tests__/[22m[1mAuthOnlineChat.spec.tsx[22m
[0m[7m[1m[32m PASS [39m[22m[27m[0m [2msrc/__tests__/pages/api/v1/[22m[1mblog-articles.spec.ts[22m
[0m[7m[1m[32m PASS [39m[22m[27m[0m [2msrc/components/pages/StationHub/__tests__/[22m[1mStationHubHeroBanner.spec.tsx[22m
[0m[7m[1m[32m PASS [39m[22m[27m[0m [2msrc/components/Header/__tests__/[22m[1mCart.spec.tsx[22m
[0m[7m[1m[32m PASS [39m[22m[27m[0m [2msrc/components/FormField/CardInput/__tests__/[22m[1mCardInput.spec.tsx[22m ([0m[1m[41m11.07 s[49m[22m[0m)
[0m[7m[1m[32m PASS [39m[22m[27m[0m [2msrc/__tests__/pages/api/v1/[22m[1mautocomplete.spec.ts[22m
{"level":50,"time":1786735334854,"pid":1386883,"hostname":"EPCATORW0499","err":{"type":"s","message":"Only GET method(-s) are allowed","stack":"HttpError: Only GET method(-s) are allowed\n    at /home/bradleyjerome/projects/metrolinx/next.upexpress.com/src/api/middlewares/withRequestMethods.ts:14:13\n    at handler (/home/bradleyjerome/projects/metrolinx/next.upexpress.com/src/api/middlewares/withErrorBoundary.ts:9:11)\n    at Object.<anonymous> (/home/bradleyjerome/projects/metrolinx/next.upexpress.com/src/__tests__/pages/api/v1/autocomplete.spec.ts:59:16)\n    at Promise.then.completed (/home/bradleyjerome/projects/metrolinx/next.upexpress.com/node_modules/jest-circus/build/utils.js:293:28)\n    at new Promise (<anonymous>)\n    at callAsyncCircusFn (/home/bradleyjerome/projects/metrolinx/next.upexpress.com/node_modules/jest-circus/build/utils.js:226:10)\n    at _callCircusTest (/home/bradleyjerome/projects/metrolinx/next.upexpress.com/node_modules/jest-circus/build/run.js:297:40)\n    at processTicksAndRejections (node:internal/process/task_queues:103:5)\n    at _runTest (/home/bradleyjerome/projects/metrolinx/next.upexpress.com/node_modules/jest-circus/build/run.js:233:3)\n    at _runTestsForDescribeBlock (/home/bradleyjerome/projects/metrolinx/next.upexpress.com/node_modules/jest-circus/build/run.js:135:9)\n    at _runTestsForDescribeBlock (/home/bradleyjerome/projects/metrolinx/next.upexpress.com/node_modules/jest-circus/build/run.js:130:9)\n    at run (/home/bradleyjerome/projects/metrolinx/next.upexpress.com/node_modules/jest-circus/build/run.js:68:3)\n    at runAndTransformResultsToJestFormat (/home/bradleyjerome/projects/metrolinx/next.upexpress.com/node_modules/jest-circus/build/legacy-code-todo-rewrite/jestAdapterInit.js:122:21)\n    at jestAdapter (/home/bradleyjerome/projects/metrolinx/next.upexpress.com/node_modules/jest-circus/build/legacy-code-todo-rewrite/jestAdapter.js:79:19)\n    at runTestInternal (/home/bradleyjerome/projects/metrolinx/next.upexpress.com/node_modules/jest-runner/build/runTest.js:367:16)\n    at runTest (/home/bradleyjerome/projects/metrolinx/next.upexpress.com/node_modules/jest-runner/build/runTest.js:444:34)\n    at Object.worker (/home/bradleyjerome/projects/metrolinx/next.upexpress.com/node_modules/jest-runner/build/testWorker.js:106:12)","name":"HttpError","status":405,"createdAt":"2026-08-14T19:22:14.852Z"},"msg":"Only GET method(-s) are allowed"}
{"level":50,"time":1786735334899,"pid":1386883,"hostname":"EPCATORW0499","err":{"type":"TypeError","message":"_search.default.addSearchHeaders is not a function","stack":"TypeError: _search.default.addSearchHeaders is not a function\n    at addSearchHeaders (/home/bradleyjerome/projects/metrolinx/next.upexpress.com/src/pages/api/v1/autocomplete.ts:35:31)\n    at handler (/home/bradleyjerome/projects/metrolinx/next.upexpress.com/src/api/middlewares/withRequestMethods.ts:21:11)\n    at handler (/home/bradleyjerome/projects/metrolinx/next.upexpress.com/src/api/middlewares/withErrorBoundary.ts:9:11)\n    at Object.<anonymous> (/home/bradleyjerome/projects/metrolinx/next.upexpress.com/src/__tests__/pages/api/v1/autocomplete.spec.ts:84:16)\n    at Promise.then.completed (/home/bradleyjerome/projects/metrolinx/next.upexpress.com/node_modules/jest-circus/build/utils.js:293:28)\n    at new Promise (<anonymous>)\n    at callAsyncCircusFn (/home/bradleyjerome/projects/metrolinx/next.upexpress.com/node_modules/jest-circus/build/utils.js:226:10)\n    at _callCircusTest (/home/bradleyjerome/projects/metrolinx/next.upexpress.com/node_modules/jest-circus/build/run.js:297:40)\n    at processTicksAndRejections (node:internal/process/task_queues:103:5)\n    at _runTest (/home/bradleyjerome/projects/metrolinx/next.upexpress.com/node_modules/jest-circus/build/run.js:233:3)\n    at _runTestsForDescribeBlock (/home/bradleyjerome/projects/metrolinx/next.upexpress.com/node_modules/jest-circus/build/run.js:135:9)\n    at _runTestsForDescribeBlock (/home/bradleyjerome/projects/metrolinx/next.upexpress.com/node_modules/jest-circus/build/run.js:130:9)\n    at run (/home/bradleyjerome/projects/metrolinx/next.upexpress.com/node_modules/jest-circus/build/run.js:68:3)\n    at runAndTransformResultsToJestFormat (/home/bradleyjerome/projects/metrolinx/next.upexpress.com/node_modules/jest-circus/build/legacy-code-todo-rewrite/jestAdapterInit.js:122:21)\n    at jestAdapter (/home/bradleyjerome/projects/metrolinx/next.upexpress.com/node_modules/jest-circus/build/legacy-code-todo-rewrite/jestAdapter.js:79:19)\n    at runTestInternal (/home/bradleyjerome/projects/metrolinx/next.upexpress.com/node_modules/jest-runner/build/runTest.js:367:16)\n    at runTest (/home/bradleyjerome/projects/metrolinx/next.upexpress.com/node_modules/jest-runner/build/runTest.js:444:34)\n    at Object.worker (/home/bradleyjerome/projects/metrolinx/next.upexpress.com/node_modules/jest-runner/build/testWorker.js:106:12)"},"msg":"_search.default.addSearchHeaders is not a function"}
[0m[7m[1m[32m PASS [39m[22m[27m[0m [2msrc/api/utils/__tests__/[22m[1msearch.spec.ts[22m ([0m[1m[41m11.289 s[49m[22m[0m)
[0m[7m[1m[32m PASS [39m[22m[27m[0m [2msrc/components/Departures/__tests__/[22m[1mCardSections.spec.tsx[22m
[0m[7m[1m[32m PASS [39m[22m[27m[0m [2msrc/components/pages/Homepage/DeparturesAndSchedule/__tests__/[22m[1mutils.spec.tsx[22m
[0m[7m[1m[32m PASS [39m[22m[27m[0m [2msrc/components/Departures/__tests__/[22m[1mGoTransitDepartures.spec.tsx[22m
[0m[7m[1m[32m PASS [39m[22m[27m[0m [2msrc/api/utils/__tests__/[22m[1mschema.spec.ts[22m
[0m[7m[1m[32m PASS [39m[22m[27m[0m [2m__tests__/[22m[1mnext-sitemap.config.spec.ts[22m
[0m[7m[1m[32m PASS [39m[22m[27m[0m [2msrc/components/SearchResultsItem/[22m[1mSearchResultsItem.spec.tsx[22m
[0m[7m[1m[32m PASS [39m[22m[27m[0m [2msrc/hooks/__tests__/[22m[1museAd.spec.tsx[22m
[0m[7m[1m[32m PASS [39m[22m[27m[0m [2msrc/hooks/__tests__/[22m[1museGenerateWebchatTokenSWR.spec.tsx[22m
[0m[7m[1m[32m PASS [39m[22m[27m[0m [2msrc/services/__tests__/[22m[1mlogger-2.spec.ts[22m
[0m[7m[1m[32m PASS [39m[22m[27m[0m [2msrc/components/pages/Homepage/BuyTickets/ProductSelector/__tests__/[22m[1mProductSelector.spec.tsx[22m
[0m[7m[1m[32m PASS [39m[22m[27m[0m [2msrc/__tests__/pages/api/v1/[22m[1memail-sign-up.spec.ts[22m
[0m[7m[1m[32m PASS [39m[22m[27m[0m [2msrc/services/up-api/departures/get-go-transit-departures/__tests__/[22m[1mgetGoTransitDepartures.spec.ts[22m
[0m[7m[1m[32m PASS [39m[22m[27m[0m [2msrc/api/middlewares/__tests__/[22m[1mwithOcpApimParams.spec.ts[22m
[0m[7m[1m[32m PASS [39m[22m[27m[0m [2msrc/api/middlewares/__tests__/[22m[1mwithSFMCParams.spec.ts[22m
[0m[7m[1m[32m PASS [39m[22m[27m[0m [2msrc/components/SignUp/__tests__/[22m[1mSignUp.spec.tsx[22m ([0m[1m[41m7.709 s[49m[22m[0m)
  [1m● [22mConsole

    [2m[33mconsole.warn[39m[22m
[33m      Image with src "/images/error-image-for-api-error.svg" has a "loader" property that does not implement width. Please implement it or use the "unoptimized" property instead.[39m
[33m      Read more: https://nextjs.org/docs/messages/next-image-missing-loader-width[39m
[2m[22m
[2m    [0m [90m 73 |[39m       data[33m:[39m [36mnull[39m[33m,[39m[22m
[2m     [90m 74 |[39m     }[33m;[39m[22m
[2m    [31m[1m>[22m[2m[39m[90m 75 |[39m     [36mconst[39m { findByTestId } [33m=[39m render([22m
[2m     [90m    |[39m                                    [31m[1m^[22m[2m[39m[22m
[2m     [90m 76 |[39m       [33m<[39m[33mUserProfileContext[39m[33m.[39m[33mProvider[39m value[33m=[39m{{ userContext[33m,[39m setUserContext[33m:[39m () [33m=>[39m undefined }}[33m>[39m[22m
[2m     [90m 77 |[39m         [33m<[39m[33mSignUp[39m [33m/[39m[33m>[39m[22m
[2m     [90m 78 |[39m       [33m<[39m[33m/[39m[33mUserProfileContext[39m[33m.[39m[33mProvider[39m[33m>[39m[33m,[39m[0m[22m
[2m[22m
[2m      [2mat warn ([22m[2mnode_modules/next/src/shared/lib/utils/warn-once.ts[2m:6:15)[22m[2m[22m
[2m      [2mat Image ([22m[2mnode_modules/next/src/client/legacy/image.tsx[2m:876:9)[22m[2m[22m
[2m      [2mat renderWithHooks ([22m[2mnode_modules/react-dom/cjs/react-dom.development.js[2m:16305:18)[22m[2m[22m
[2m      [2mat mountIndeterminateComponent ([22m[2mnode_modules/react-dom/cjs/react-dom.development.js[2m:20074:13)[22m[2m[22m
[2m      [2mat beginWork ([22m[2mnode_modules/react-dom/cjs/react-dom.development.js[2m:21587:16)[22m[2m[22m
[2m      [2mat beginWork$1 ([22m[2mnode_modules/react-dom/cjs/react-dom.development.js[2m:27426:14)[22m[2m[22m
[2m      [2mat performUnitOfWork ([22m[2mnode_modules/react-dom/cjs/react-dom.development.js[2m:26560:12)[22m[2m[22m
[2m      [2mat workLoopSync ([22m[2mnode_modules/react-dom/cjs/react-dom.development.js[2m:26466:5)[22m[2m[22m
[2m      [2mat renderRootSync ([22m[2mnode_modules/react-dom/cjs/react-dom.development.js[2m:26434:7)[22m[2m[22m
[2m      [2mat performConcurrentWorkOnRoot ([22m[2mnode_modules/react-dom/cjs/react-dom.development.js[2m:25738:74)[22m[2m[22m
[2m      [2mat flushActQueue ([22m[2mnode_modules/react/cjs/react.development.js[2m:2667:24)[22m[2m[22m
[2m      [2mat act ([22m[2mnode_modules/react/cjs/react.development.js[2m:2582:11)[22m[2m[22m
[2m      [2mat [22m[2mnode_modules/@testing-library/react/dist/act-compat.js[2m:46:25[22m[2m[22m
[2m      [2mat renderRoot ([22m[2mnode_modules/@testing-library/react/dist/pure.js[2m:161:26)[22m[2m[22m
[2m      [2mat render ([22m[2mnode_modules/@testing-library/react/dist/pure.js[2m:247:10)[22m[2m[22m
[2m      [2mat Object.<anonymous> ([22m[2m[0m[36msrc/components/SignUp/__tests__/SignUp.spec.tsx[39m[0m[2m:75:36)[22m[2m[22m

{"level":50,"time":1786735338986,"pid":1386934,"hostname":"EPCATORW0499","err":{"type":"TypeError","message":"(0 , _react.signIn) is not a function","stack":"TypeError: (0 , _react.signIn) is not a function\n    at /home/bradleyjerome/projects/metrolinx/next.upexpress.com/src/hooks/useAd.ts:43:18\n    at handleCreateAccount (/home/bradleyjerome/projects/metrolinx/next.upexpress.com/src/hooks/useSignIn.tsx:21:41)\n    at HTMLUnknownElement.callCallback (/home/bradleyjerome/projects/metrolinx/next.upexpress.com/node_modules/react-dom/cjs/react-dom.development.js:4164:14)\n    at HTMLUnknownElement.callTheUserObjectsOperation (/home/bradleyjerome/projects/metrolinx/next.upexpress.com/node_modules/jest-environment-jsdom/node_modules/jsdom/lib/jsdom/living/generated/EventListener.js:26:30)\n    at innerInvokeEventListeners (/home/bradleyjerome/projects/metrolinx/next.upexpress.com/node_modules/jest-environment-jsdom/node_modules/jsdom/lib/jsdom/living/events/EventTarget-impl.js:350:25)\n    at invokeEventListeners (/home/bradleyjerome/projects/metrolinx/next.upexpress.com/node_modules/jest-environment-jsdom/node_modules/jsdom/lib/jsdom/living/events/EventTarget-impl.js:286:3)\n    at HTMLUnknownElementImpl._dispatch (/home/bradleyjerome/projects/metrolinx/next.upexpress.com/node_modules/jest-environment-jsdom/node_modules/jsdom/lib/jsdom/living/events/EventTarget-impl.js:233:9)\n    at HTMLUnknownElementImpl.dispatchEvent (/home/bradleyjerome/projects/metrolinx/next.upexpress.com/node_modules/jest-environment-jsdom/node_modules/jsdom/lib/jsdom/living/events/EventTarget-impl.js:104:17)\n    at HTMLUnknownElement.dispatchEvent (/home/bradleyjerome/projects/metrolinx/next.upexpress.com/node_modules/jest-environment-jsdom/node_modules/jsdom/lib/jsdom/living/generated/EventTarget.js:241:34)\n    at Object.invokeGuardedCallbackDev (/home/bradleyjerome/projects/metrolinx/next.upexpress.com/node_modules/react-dom/cjs/react-dom.development.js:4213:16)\n    at invokeGuardedCallback (/home/bradleyjerome/projects/metrolinx/next.upexpress.com/node_modules/react-dom/cjs/react-dom.development.js:4277:31)\n    at invokeGuardedCallbackAndCatchFirstError (/home/bradleyjerome/projects/metrolinx/next.upexpress.com/node_modules/react-dom/cjs/react-dom.development.js:4291:25)\n    at executeDispatch (/home/bradleyjerome/projects/metrolinx/next.upexpress.com/node_modules/react-dom/cjs/react-dom.development.js:9041:3)\n    at processDispatchQueueItemsInOrder (/home/bradleyjerome/projects/metrolinx/next.upexpress.com/node_modules/react-dom/cjs/react-dom.development.js:9073:7)\n    at processDispatchQueue (/home/bradleyjerome/projects/metrolinx/next.upexpress.com/node_modules/react-dom/cjs/react-dom.development.js:9086:5)\n    at dispatchEventsForPlugins (/home/bradleyjerome/projects/metrolinx/next.upexpress.com/node_modules/react-dom/cjs/react-dom.development.js:9097:3)\n    at /home/bradleyjerome/projects/metrolinx/next.upexpress.com/node_modules/react-dom/cjs/react-dom.development.js:9288:12\n    at batchedUpdates$1 (/home/bradleyjerome/projects/metrolinx/next.upexpress.com/node_modules/react-dom/cjs/react-dom.development.js:26140:12)\n    at batchedUpdates (/home/bradleyjerome/projects/metrolinx/next.upexpress.com/node_modules/react-dom/cjs/react-dom.development.js:3991:12)\n    at dispatchEventForPluginEventSystem (/home/bradleyjerome/projects/metrolinx/next.upexpress.com/node_modules/react-dom/cjs/react-dom.development.js:9287:3)\n    at dispatchEventWithEnableCapturePhaseSelectiveHydrationWithoutDiscreteEventReplay (/home/bradleyjerome/projects/metrolinx/next.upexpress.com/node_modules/react-dom/cjs/react-dom.development.js:6465:5)\n    at dispatchEvent (/home/bradleyjerome/projects/metrolinx/next.upexpress.com/node_modules/react-dom/cjs/react-dom.development.js:6457:5)\n    at dispatchDiscreteEvent (/home/bradleyjerome/projects/metrolinx/next.upexpress.com/node_modules/react-dom/cjs/react-dom.development.js:6430:5)\n    at HTMLDivElement.callTheUserObjectsOperation (/home/bradleyjerome/projects/metrolinx/next.upexpress.com/node_modules/jest-environment-jsdom/node_modules/jsdom/lib/jsdom/living/generated/EventListener.js:26:30)\n    at innerInvokeEventListeners (/home/bradleyjerome/projects/metrolinx/next.upexpress.com/node_modules/jest-environment-jsdom/node_modules/jsdom/lib/jsdom/living/events/EventTarget-impl.js:350:25)\n    at invokeEventListeners (/home/bradleyjerome/projects/metrolinx/next.upexpress.com/node_modules/jest-environment-jsdom/node_modules/jsdom/lib/jsdom/living/events/EventTarget-impl.js:286:3)\n    at HTMLButtonElementImpl._dispatch (/home/bradleyjerome/projects/metrolinx/next.upexpress.com/node_modules/jest-environment-jsdom/node_modules/jsdom/lib/jsdom/living/events/EventTarget-impl.js:233:9)\n    at HTMLButtonElementImpl.dispatchEvent (/home/bradleyjerome/projects/metrolinx/next.upexpress.com/node_modules/jest-environment-jsdom/node_modules/jsdom/lib/jsdom/living/events/EventTarget-impl.js:104:17)\n    at HTMLButtonElement.dispatchEvent (/home/bradleyjerome/projects/metrolinx/next.upexpress.com/node_modules/jest-environment-jsdom/node_modules/jsdom/lib/jsdom/living/generated/EventTarget.js:241:34)\n    at /home/bradleyjerome/projects/metrolinx/next.upexpress.com/node_modules/@testing-library/user-event/dist/cjs/event/dispatchEvent.js:47:43\n    at /home/bradleyjerome/projects/metrolinx/next.upexpress.com/node_modules/@testing-library/react/dist/pure.js:93:16\n    at /home/bradleyjerome/projects/metrolinx/next.upexpress.com/node_modules/@testing-library/react/dist/act-compat.js:47:24\n    at act (/home/bradleyjerome/projects/metrolinx/next.upexpress.com/node_modules/react/cjs/react.development.js:2512:16)\n    at /home/bradleyjerome/projects/metrolinx/next.upexpress.com/node_modules/@testing-library/react/dist/act-compat.js:46:25\n    at Object.eventWrapper (/home/bradleyjerome/projects/metrolinx/next.upexpress.com/node_modules/@testing-library/react/dist/pure.js:92:28)\n    at Object.wrapEvent (/home/bradleyjerome/projects/metrolinx/next.upexpress.com/node_modules/@testing-library/user-event/dist/cjs/event/wrapEvent.js:8:28)\n    at Object.dispatchEvent (/home/bradleyjerome/projects/metrolinx/next.upexpress.com/node_modules/@testing-library/user-event/dist/cjs/event/dispatchEvent.js:47:22)\n    at Object.dispatchUIEvent (/home/bradleyjerome/projects/metrolinx/next.upexpress.com/node_modules/@testing-library/user-event/dist/cjs/event/dispatchEvent.js:24:26)\n    at Mouse.up (/home/bradleyjerome/projects/metrolinx/next.upexpress.com/node_modules/@testing-library/user-event/dist/cjs/system/pointer/mouse.js:91:30)\n    at PointerHost.release (/home/bradleyjerome/projects/metrolinx/next.upexpress.com/node_modules/@testing-library/user-event/dist/cjs/system/pointer/index.js:74:28)\n    at pointerAction (/home/bradleyjerome/projects/metrolinx/next.upexpress.com/node_modules/@testing-library/user-event/dist/cjs/pointer/index.js:62:47)\n    at Object.pointer (/home/bradleyjerome/projects/metrolinx/next.upexpress.com/node_modules/@testing-library/user-event/dist/cjs/pointer/index.js:35:9)\n    at Object.asyncWrapper (/home/bradleyjerome/projects/metrolinx/next.upexpress.com/node_modules/@testing-library/react/dist/pure.js:73:22)\n    at Object.<anonymous> (/home/bradleyjerome/projects/metrolinx/next.upexpress.com/src/components/SignUp/__tests__/SignUp.spec.tsx:146:5)"},"msg":"Error while directing user to Sign in page"}
[0m[7m[1m[32m PASS [39m[22m[27m[0m [2msrc/__tests__/pages/api/v1/[22m[1m_tickets.spec.ts[22m ([0m[1m[41m7.059 s[49m[22m[0m)
[0m[7m[1m[32m PASS [39m[22m[27m[0m [2msrc/api/__tests__/[22m[1mtickets.spec.ts[22m ([0m[1m[41m8.521 s[49m[22m[0m)
[0m[7m[1m[32m PASS [39m[22m[27m[0m [2msrc/components/pages/StationHub/__tests__/[22m[1mConnectingTransit.spec.tsx[22m
  [1m● [22mConsole

    [2m[31mconsole.error[39m[22m
[31m      Warning: An update to GoTransitDepartures inside a test was not wrapped in act(...).[39m
[31m      [39m
[31m      When testing, code that causes React state updates should be wrapped into act(...):[39m
[31m      [39m
[31m      act(() => {[39m
[31m        /* fire events that update state */[39m
[31m      });[39m
[31m      /* assert on the output */[39m
[31m      [39m
[31m      This ensures that you're testing the behavior the user would see in the browser. Learn more at https://reactjs.org/link/wrap-tests-with-act[39m
[31m          at stationCode (/home/bradleyjerome/projects/metrolinx/next.upexpress.com/src/components/Departures/GoTransitDepartures.tsx:41:3)[39m
[31m          at div[39m
[31m          at div[39m
[31m          at tabName (/home/bradleyjerome/projects/metrolinx/next.upexpress.com/src/components/pages/StationHub/DeparturesWrapper.tsx:11:72)[39m
[31m          at div[39m
[31m          at div[39m
[31m          at div[39m
[31m          at div[39m
[31m          at div[39m
[31m          at page (/home/bradleyjerome/projects/metrolinx/next.upexpress.com/src/components/pages/StationHub/ConnectingTransitPage.tsx:37:11)[39m
[31m          at children (/home/bradleyjerome/projects/metrolinx/next.upexpress.com/node_modules/next-auth/react/index.js:364:24)[39m
[2m[22m
[2m      [2mat printWarning ([22m[2mnode_modules/react-dom/cjs/react-dom.development.js[2m:86:30)[22m[2m[22m
[2m      [2mat error ([22m[2mnode_modules/react-dom/cjs/react-dom.development.js[2m:60:7)[22m[2m[22m
[2m      [2mat warnIfUpdatesNotWrappedWithActDEV ([22m[2mnode_modules/react-dom/cjs/react-dom.development.js[2m:27589:9)[22m[2m[22m
[2m      [2mat scheduleUpdateOnFiber ([22m[2mnode_modules/react-dom/cjs/react-dom.development.js[2m:25508:5)[22m[2m[22m
[2m      [2mat forceStoreRerender ([22m[2mnode_modules/react-dom/cjs/react-dom.development.js[2m:16977:5)[22m[2m[22m
[2m      [2mat handleStoreChange ([22m[2mnode_modules/react-dom/cjs/react-dom.development.js[2m:16953:7)[22m[2m[22m
[2m      [2mat [22m[2mnode_modules/swr/dist/index/index.js[2m:244:42[22m[2m[22m
[2m      [2mat Array.setter ([22m[2mnode_modules/swr/dist/_internal/config-context-client-BKoingCI.js[2m:435:21)[22m[2m[22m
[2m      [2mat [22m[2mnode_modules/swr/dist/_internal/config-context-client-BKoingCI.js[2m:70:25[22m[2m[22m
[2m      [2mat finishRequestAndUpdateState ([22m[2mnode_modules/swr/dist/index/index.js[2m:317:13)[22m[2m[22m
[2m      [2mat [22m[2mnode_modules/swr/dist/index/index.js[2m:451:9[22m[2m[22m

    [2m[31mconsole.error[39m[22m
[31m      Warning: An update to GoTransitDepartures inside a test was not wrapped in act(...).[39m
[31m      [39m
[31m      When testing, code that causes React state updates should be wrapped into act(...):[39m
[31m      [39m
[31m      act(() => {[39m
[31m        /* fire events that update state */[39m
[31m      });[39m
[31m      /* assert on the output */[39m
[31m      [39m
[31m      This ensures that you're testing the behavior the user would see in the browser. Learn more at https://reactjs.org/link/wrap-tests-with-act[39m
[31m          at stationCode (/home/bradleyjerome/projects/metrolinx/next.upexpress.com/src/components/Departures/GoTransitDepartures.tsx:41:3)[39m
[31m          at div[39m
[31m          at div[39m
[31m          at tabName (/home/bradleyjerome/projects/metrolinx/next.upexpress.com/src/components/pages/StationHub/DeparturesWrapper.tsx:11:72)[39m
[31m          at div[39m
[31m          at div[39m
[31m          at div[39m
[31m          at div[39m
[31m          at div[39m
[31m          at page (/home/bradleyjerome/projects/metrolinx/next.upexpress.com/src/components/pages/StationHub/ConnectingTransitPage.tsx:37:11)[39m
[31m          at children (/home/bradleyjerome/projects/metrolinx/next.upexpress.com/node_modules/next-auth/react/index.js:364:24)[39m
[2m[22m
[2m    [0m [90m 81 |[39m[22m
[2m     [90m 82 |[39m   useEffect(() [33m=>[39m {[22m
[2m    [31m[1m>[22m[2m[39m[90m 83 |[39m     [36mif[39m ([33m![39misValidating) setIsLoadingMore([36mfalse[39m)[33m;[39m[22m
[2m     [90m    |[39m                        [31m[1m^[22m[2m[39m[22m
[2m     [90m 84 |[39m   }[33m,[39m [isValidating])[33m;[39m[22m
[2m     [90m 85 |[39m[22m
[2m     [90m 86 |[39m   [36mconst[39m departuresData [33m=[39m useMemo(() [33m=>[39m refineData(resData)[33m,[39m [resData])[33m;[39m[0m[22m
[2m[22m
[2m      [2mat printWarning ([22m[2mnode_modules/react-dom/cjs/react-dom.development.js[2m:86:30)[22m[2m[22m
[2m      [2mat error ([22m[2mnode_modules/react-dom/cjs/react-dom.development.js[2m:60:7)[22m[2m[22m
[2m      [2mat warnIfUpdatesNotWrappedWithActDEV ([22m[2mnode_modules/react-dom/cjs/react-dom.development.js[2m:27589:9)[22m[2m[22m
[2m      [2mat scheduleUpdateOnFiber ([22m[2mnode_modules/react-dom/cjs/react-dom.development.js[2m:25508:5)[22m[2m[22m
[2m      [2mat dispatchSetState ([22m[2mnode_modules/react-dom/cjs/react-dom.development.js[2m:17527:7)[22m[2m[22m
[2m      [2mat setIsLoadingMore ([22m[2msrc/hooks/useGoTransitDepartures.ts[2m:83:24)[22m[2m[22m
[2m      [2mat commitHookEffectListMount ([22m[2mnode_modules/react-dom/cjs/react-dom.development.js[2m:23150:26)[22m[2m[22m
[2m      [2mat commitPassiveMountOnFiber ([22m[2mnode_modules/react-dom/cjs/react-dom.development.js[2m:24931:11)[22m[2m[22m
[2m      [2mat commitPassiveMountEffects_complete ([22m[2mnode_modules/react-dom/cjs/react-dom.development.js[2m:24891:9)[22m[2m[22m
[2m      [2mat commitPassiveMountEffects_begin ([22m[2mnode_modules/react-dom/cjs/react-dom.development.js[2m:24878:7)[22m[2m[22m
[2m      [2mat commitPassiveMountEffects ([22m[2mnode_modules/react-dom/cjs/react-dom.development.js[2m:24866:3)[22m[2m[22m
[2m      [2mat flushPassiveEffectsImpl ([22m[2mnode_modules/react-dom/cjs/react-dom.development.js[2m:27039:3)[22m[2m[22m
[2m      [2mat flushPassiveEffects ([22m[2mnode_modules/react-dom/cjs/react-dom.development.js[2m:26984:14)[22m[2m[22m
[2m      [2mat commitRootImpl ([22m[2mnode_modules/react-dom/cjs/react-dom.development.js[2m:26935:5)[22m[2m[22m
[2m      [2mat commitRoot ([22m[2mnode_modules/react-dom/cjs/react-dom.development.js[2m:26682:5)[22m[2m[22m
[2m      [2mat performSyncWorkOnRoot ([22m[2mnode_modules/react-dom/cjs/react-dom.development.js[2m:26117:3)[22m[2m[22m
[2m      [2mat flushSyncCallbacks ([22m[2mnode_modules/react-dom/cjs/react-dom.development.js[2m:12042:22)[22m[2m[22m
[2m      [2mat [22m[2mnode_modules/react-dom/cjs/react-dom.development.js[2m:25651:13[22m[2m[22m

    [2m[31mconsole.error[39m[22m
[31m      Warning: An update to GoTransitDepartures inside a test was not wrapped in act(...).[39m
[31m      [39m
[31m      When testing, code that causes React state updates should be wrapped into act(...):[39m
[31m      [39m
[31m      act(() => {[39m
[31m        /* fire events that update state */[39m
[31m      });[39m
[31m      /* assert on the output */[39m
[31m      [39m
[31m      This ensures that you're testing the behavior the user would see in the browser. Learn more at https://reactjs.org/link/wrap-tests-with-act[39m
[31m          at stationCode (/home/bradleyjerome/projects/metrolinx/next.upexpress.com/src/components/Departures/GoTransitDepartures.tsx:41:3)[39m
[31m          at div[39m
[31m          at div[39m
[31m          at tabName (/home/bradleyjerome/projects/metrolinx/next.upexpress.com/src/components/pages/StationHub/DeparturesWrapper.tsx:11:72)[39m
[31m          at div[39m
[31m          at div[39m
[31m          at div[39m
[31m          at div[39m
[31m          at div[39m
[31m          at page (/home/bradleyjerome/projects/metrolinx/next.upexpress.com/src/components/pages/StationHub/ConnectingTransitPage.tsx:37:11)[39m
[31m          at children (/home/bradleyjerome/projects/metrolinx/next.upexpress.com/node_modules/next-auth/react/index.js:364:24)[39m
[2m[22m
[2m      [2mat printWarning ([22m[2mnode_modules/react-dom/cjs/react-dom.development.js[2m:86:30)[22m[2m[22m
[2m      [2mat error ([22m[2mnode_modules/react-dom/cjs/react-dom.development.js[2m:60:7)[22m[2m[22m
[2m      [2mat warnIfUpdatesNotWrappedWithActDEV ([22m[2mnode_modules/react-dom/cjs/react-dom.development.js[2m:27589:9)[22m[2m[22m
[2m      [2mat scheduleUpdateOnFiber ([22m[2mnode_modules/react-dom/cjs/react-dom.development.js[2m:25508:5)[22m[2m[22m
[2m      [2mat forceStoreRerender ([22m[2mnode_modules/react-dom/cjs/react-dom.development.js[2m:16977:5)[22m[2m[22m
[2m      [2mat handleStoreChange ([22m[2mnode_modules/react-dom/cjs/react-dom.development.js[2m:16953:7)[22m[2m[22m
[2m      [2mat [22m[2mnode_modules/swr/dist/index/index.js[2m:244:42[22m[2m[22m
[2m      [2mat Array.setter ([22m[2mnode_modules/swr/dist/_internal/config-context-client-BKoingCI.js[2m:435:21)[22m[2m[22m
[2m      [2mat [22m[2mnode_modules/swr/dist/_internal/config-context-client-BKoingCI.js[2m:70:25[22m[2m[22m
[2m      [2mat finishRequestAndUpdateState ([22m[2mnode_modules/swr/dist/index/index.js[2m:317:13)[22m[2m[22m
[2m      [2mat [22m[2mnode_modules/swr/dist/index/index.js[2m:451:9[22m[2m[22m

    [2m[31mconsole.error[39m[22m
[31m      Warning: An update to GoTransitDepartures inside a test was not wrapped in act(...).[39m
[31m      [39m
[31m      When testing, code that causes React state updates should be wrapped into act(...):[39m
[31m      [39m
[31m      act(() => {[39m
[31m        /* fire events that update state */[39m
[31m      });[39m
[31m      /* assert on the output */[39m
[31m      [39m
[31m      This ensures that you're testing the behavior the user would see in the browser. Learn more at https://reactjs.org/link/wrap-tests-with-act[39m
[31m          at stationCode (/home/bradleyjerome/projects/metrolinx/next.upexpress.com/src/components/Departures/GoTransitDepartures.tsx:41:3)[39m
[31m          at div[39m
[31m          at div[39m
[31m          at tabName (/home/bradleyjerome/projects/metrolinx/next.upexpress.com/src/components/pages/StationHub/DeparturesWrapper.tsx:11:72)[39m
[31m          at div[39m
[31m          at div[39m
[31m          at div[39m
[31m          at div[39m
[31m          at div[39m
[31m          at page (/home/bradleyjerome/projects/metrolinx/next.upexpress.com/src/components/pages/StationHub/ConnectingTransitPage.tsx:37:11)[39m
[31m          at children (/home/bradleyjerome/projects/metrolinx/next.upexpress.com/node_modules/next-auth/react/index.js:364:24)[39m
[2m[22m
[2m    [0m [90m 81 |[39m[22m
[2m     [90m 82 |[39m   useEffect(() [33m=>[39m {[22m
[2m    [31m[1m>[22m[2m[39m[90m 83 |[39m     [36mif[39m ([33m![39misValidating) setIsLoadingMore([36mfalse[39m)[33m;[39m[22m
[2m     [90m    |[39m                        [31m[1m^[22m[2m[39m[22m
[2m     [90m 84 |[39m   }[33m,[39m [isValidating])[33m;[39m[22m
[2m     [90m 85 |[39m[22m
[2m     [90m 86 |[39m   [36mconst[39m departuresData [33m=[39m useMemo(() [33m=>[39m refineData(resData)[33m,[39m [resData])[33m;[39m[0m[22m
[2m[22m
[2m      [2mat printWarning ([22m[2mnode_modules/react-dom/cjs/react-dom.development.js[2m:86:30)[22m[2m[22m
[2m      [2mat error ([22m[2mnode_modules/react-dom/cjs/react-dom.development.js[2m:60:7)[22m[2m[22m
[2m      [2mat warnIfUpdatesNotWrappedWithActDEV ([22m[2mnode_modules/react-dom/cjs/react-dom.development.js[2m:27589:9)[22m[2m[22m
[2m      [2mat scheduleUpdateOnFiber ([22m[2mnode_modules/react-dom/cjs/react-dom.development.js[2m:25508:5)[22m[2m[22m
[2m      [2mat dispatchSetState ([22m[2mnode_modules/react-dom/cjs/react-dom.development.js[2m:17527:7)[22m[2m[22m
[2m      [2mat setIsLoadingMore ([22m[2msrc/hooks/useGoTransitDepartures.ts[2m:83:24)[22m[2m[22m
[2m      [2mat commitHookEffectListMount ([22m[2mnode_modules/react-dom/cjs/react-dom.development.js[2m:23150:26)[22m[2m[22m
[2m      [2mat commitPassiveMountOnFiber ([22m[2mnode_modules/react-dom/cjs/react-dom.development.js[2m:24931:11)[22m[2m[22m
[2m      [2mat commitPassiveMountEffects_complete ([22m[2mnode_modules/react-dom/cjs/react-dom.development.js[2m:24891:9)[22m[2m[22m
[2m      [2mat commitPassiveMountEffects_begin ([22m[2mnode_modules/react-dom/cjs/react-dom.development.js[2m:24878:7)[22m[2m[22m
[2m      [2mat commitPassiveMountEffects ([22m[2mnode_modules/react-dom/cjs/react-dom.development.js[2m:24866:3)[22m[2m[22m
[2m      [2mat flushPassiveEffectsImpl ([22m[2mnode_modules/react-dom/cjs/react-dom.development.js[2m:27039:3)[22m[2m[22m
[2m      [2mat flushPassiveEffects ([22m[2mnode_modules/react-dom/cjs/react-dom.development.js[2m:26984:14)[22m[2m[22m
[2m      [2mat commitRootImpl ([22m[2mnode_modules/react-dom/cjs/react-dom.development.js[2m:26935:5)[22m[2m[22m
[2m      [2mat commitRoot ([22m[2mnode_modules/react-dom/cjs/react-dom.development.js[2m:26682:5)[22m[2m[22m
[2m      [2mat performSyncWorkOnRoot ([22m[2mnode_modules/react-dom/cjs/react-dom.development.js[2m:26117:3)[22m[2m[22m
[2m      [2mat flushSyncCallbacks ([22m[2mnode_modules/react-dom/cjs/react-dom.development.js[2m:12042:22)[22m[2m[22m
[2m      [2mat [22m[2mnode_modules/react-dom/cjs/react-dom.development.js[2m:25651:13[22m[2m[22m

[0m[7m[1m[32m PASS [39m[22m[27m[0m [2msrc/components/pages/__tests__/[22m[1mBlogPostPage.spec.tsx[22m ([0m[1m[41m5.564 s[49m[22m[0m)
  [1m● [22mConsole

    [2m[31mconsole.error[39m[22m
[31m      Warning: An update to null inside a test was not wrapped in act(...).[39m
[31m      [39m
[31m      When testing, code that causes React state updates should be wrapped into act(...):[39m
[31m      [39m
[31m      act(() => {[39m
[31m        /* fire events that update state */[39m
[31m      });[39m
[31m      /* assert on the output */[39m
[31m      [39m
[31m      This ensures that you're testing the behavior the user would see in the browser. Learn more at https://reactjs.org/link/wrap-tests-with-act[39m
[31m          at fallbackImageClassName (/home/bradleyjerome/projects/metrolinx/next.upexpress.com/node_modules/@metrolinx/cx-shared/src/components/Image/Image.tsx:26:3)[39m
[31m          at div[39m
[31m          at div[39m
[31m          at div[39m
[31m          at div[39m
[31m          at BlogPostPage (/home/bradleyjerome/projects/metrolinx/next.upexpress.com/src/components/pages/BlogPostPage.tsx:37:11)[39m
[2m[22m
[2m      [2mat printWarning ([22m[2mnode_modules/react-dom/cjs/react-dom.development.js[2m:86:30)[22m[2m[22m
[2m      [2mat error ([22m[2mnode_modules/react-dom/cjs/react-dom.development.js[2m:60:7)[22m[2m[22m
[2m      [2mat warnIfUpdatesNotWrappedWithActDEV ([22m[2mnode_modules/react-dom/cjs/react-dom.development.js[2m:27589:9)[22m[2m[22m
[2m      [2mat scheduleUpdateOnFiber ([22m[2mnode_modules/react-dom/cjs/react-dom.development.js[2m:25508:5)[22m[2m[22m
[2m      [2mat dispatchSetState ([22m[2mnode_modules/react-dom/cjs/react-dom.development.js[2m:17527:7)[22m[2m[22m
[2m      [2mat Object.result [as current] ([22m[2mnode_modules/@metrolinx/cx-shared/src/components/Image/Image.tsx[2m:76:27)[22m[2m[22m
[2m      [2mat naturalWidth ([22m[2mnode_modules/next/src/client/legacy/image.tsx[2m:486:38)[22m[2m[22m

    [2m[31mconsole.error[39m[22m
[31m      Warning: An update to null inside a test was not wrapped in act(...).[39m
[31m      [39m
[31m      When testing, code that causes React state updates should be wrapped into act(...):[39m
[31m      [39m
[31m      act(() => {[39m
[31m        /* fire events that update state */[39m
[31m      });[39m
[31m      /* assert on the output */[39m
[31m      [39m
[31m      This ensures that you're testing the behavior the user would see in the browser. Learn more at https://reactjs.org/link/wrap-tests-with-act[39m
[31m          at fallbackImageClassName (/home/bradleyjerome/projects/metrolinx/next.upexpress.com/node_modules/@metrolinx/cx-shared/src/components/Image/Image.tsx:26:3)[39m
[31m          at div[39m
[31m          at div[39m
[31m          at div[39m
[31m          at div[39m
[31m          at BlogPostPage (/home/bradleyjerome/projects/metrolinx/next.upexpress.com/src/components/pages/BlogPostPage.tsx:37:11)[39m
[2m[22m
[2m      [2mat printWarning ([22m[2mnode_modules/react-dom/cjs/react-dom.development.js[2m:86:30)[22m[2m[22m
[2m      [2mat error ([22m[2mnode_modules/react-dom/cjs/react-dom.development.js[2m:60:7)[22m[2m[22m
[2m      [2mat warnIfUpdatesNotWrappedWithActDEV ([22m[2mnode_modules/react-dom/cjs/react-dom.development.js[2m:27589:9)[22m[2m[22m
[2m      [2mat scheduleUpdateOnFiber ([22m[2mnode_modules/react-dom/cjs/react-dom.development.js[2m:25508:5)[22m[2m[22m
[2m      [2mat dispatchSetState ([22m[2mnode_modules/react-dom/cjs/react-dom.development.js[2m:17527:7)[22m[2m[22m
[2m      [2mat Object.result [as current] ([22m[2mnode_modules/@metrolinx/cx-shared/src/components/Image/Image.tsx[2m:76:27)[22m[2m[22m
[2m      [2mat naturalWidth ([22m[2mnode_modules/next/src/client/legacy/image.tsx[2m:486:38)[22m[2m[22m

    [2m[31mconsole.error[39m[22m
[31m      Warning: An update to null inside a test was not wrapped in act(...).[39m
[31m      [39m
[31m      When testing, code that causes React state updates should be wrapped into act(...):[39m
[31m      [39m
[31m      act(() => {[39m
[31m        /* fire events that update state */[39m
[31m      });[39m
[31m      /* assert on the output */[39m
[31m      [39m
[31m      This ensures that you're testing the behavior the user would see in the browser. Learn more at https://reactjs.org/link/wrap-tests-with-act[39m
[31m          at fallbackImageClassName (/home/bradleyjerome/projects/metrolinx/next.upexpress.com/node_modules/@metrolinx/cx-shared/src/components/Image/Image.tsx:26:3)[39m
[31m          at div[39m
[31m          at div[39m
[31m          at div[39m
[31m          at div[39m
[31m          at BlogPostPage (/home/bradleyjerome/projects/metrolinx/next.upexpress.com/src/components/pages/BlogPostPage.tsx:37:11)[39m
[2m[22m
[2m      [2mat printWarning ([22m[2mnode_modules/react-dom/cjs/react-dom.development.js[2m:86:30)[22m[2m[22m
[2m      [2mat error ([22m[2mnode_modules/react-dom/cjs/react-dom.development.js[2m:60:7)[22m[2m[22m
[2m      [2mat warnIfUpdatesNotWrappedWithActDEV ([22m[2mnode_modules/react-dom/cjs/react-dom.development.js[2m:27589:9)[22m[2m[22m
[2m      [2mat scheduleUpdateOnFiber ([22m[2mnode_modules/react-dom/cjs/react-dom.development.js[2m:25508:5)[22m[2m[22m
[2m      [2mat dispatchSetState ([22m[2mnode_modules/react-dom/cjs/react-dom.development.js[2m:17527:7)[22m[2m[22m
[2m      [2mat Object.result [as current] ([22m[2mnode_modules/@metrolinx/cx-shared/src/components/Image/Image.tsx[2m:76:27)[22m[2m[22m
[2m      [2mat naturalWidth ([22m[2mnode_modules/next/src/client/legacy/image.tsx[2m:486:38)[22m[2m[22m

    [2m[31mconsole.error[39m[22m
[31m      Warning: An update to null inside a test was not wrapped in act(...).[39m
[31m      [39m
[31m      When testing, code that causes React state updates should be wrapped into act(...):[39m
[31m      [39m
[31m      act(() => {[39m
[31m        /* fire events that update state */[39m
[31m      });[39m
[31m      /* assert on the output */[39m
[31m      [39m
[31m      This ensures that you're testing the behavior the user would see in the browser. Learn more at https://reactjs.org/link/wrap-tests-with-act[39m
[31m          at fallbackImageClassName (/home/bradleyjerome/projects/metrolinx/next.upexpress.com/node_modules/@metrolinx/cx-shared/src/components/Image/Image.tsx:26:3)[39m
[31m          at div[39m
[31m          at div[39m
[31m          at div[39m
[31m          at div[39m
[31m          at BlogPostPage (/home/bradleyjerome/projects/metrolinx/next.upexpress.com/src/components/pages/BlogPostPage.tsx:37:11)[39m
[2m[22m
[2m      [2mat printWarning ([22m[2mnode_modules/react-dom/cjs/react-dom.development.js[2m:86:30)[22m[2m[22m
[2m      [2mat error ([22m[2mnode_modules/react-dom/cjs/react-dom.development.js[2m:60:7)[22m[2m[22m
[2m      [2mat warnIfUpdatesNotWrappedWithActDEV ([22m[2mnode_modules/react-dom/cjs/react-dom.development.js[2m:27589:9)[22m[2m[22m
[2m      [2mat scheduleUpdateOnFiber ([22m[2mnode_modules/react-dom/cjs/react-dom.development.js[2m:25508:5)[22m[2m[22m
[2m      [2mat dispatchSetState ([22m[2mnode_modules/react-dom/cjs/react-dom.development.js[2m:17527:7)[22m[2m[22m
[2m      [2mat Object.result [as current] ([22m[2mnode_modules/@metrolinx/cx-shared/src/components/Image/Image.tsx[2m:76:27)[22m[2m[22m
[2m      [2mat naturalWidth ([22m[2mnode_modules/next/src/client/legacy/image.tsx[2m:486:38)[22m[2m[22m

    [2m[31mconsole.error[39m[22m
[31m      Warning: An update to null inside a test was not wrapped in act(...).[39m
[31m      [39m
[31m      When testing, code that causes React state updates should be wrapped into act(...):[39m
[31m      [39m
[31m      act(() => {[39m
[31m        /* fire events that update state */[39m
[31m      });[39m
[31m      /* assert on the output */[39m
[31m      [39m
[31m      This ensures that you're testing the behavior the user would see in the browser. Learn more at https://reactjs.org/link/wrap-tests-with-act[39m
[31m          at fallbackImageClassName (/home/bradleyjerome/projects/metrolinx/next.upexpress.com/node_modules/@metrolinx/cx-shared/src/components/Image/Image.tsx:26:3)[39m
[31m          at div[39m
[31m          at div[39m
[31m          at div[39m
[31m          at div[39m
[31m          at BlogPostPage (/home/bradleyjerome/projects/metrolinx/next.upexpress.com/src/components/pages/BlogPostPage.tsx:37:11)[39m
[2m[22m
[2m      [2mat printWarning ([22m[2mnode_modules/react-dom/cjs/react-dom.development.js[2m:86:30)[22m[2m[22m
[2m      [2mat error ([22m[2mnode_modules/react-dom/cjs/react-dom.development.js[2m:60:7)[22m[2m[22m
[2m      [2mat warnIfUpdatesNotWrappedWithActDEV ([22m[2mnode_modules/react-dom/cjs/react-dom.development.js[2m:27589:9)[22m[2m[22m
[2m      [2mat scheduleUpdateOnFiber ([22m[2mnode_modules/react-dom/cjs/react-dom.development.js[2m:25508:5)[22m[2m[22m
[2m      [2mat dispatchSetState ([22m[2mnode_modules/react-dom/cjs/react-dom.development.js[2m:17527:7)[22m[2m[22m
[2m      [2mat Object.result [as current] ([22m[2mnode_modules/@metrolinx/cx-shared/src/components/Image/Image.tsx[2m:76:27)[22m[2m[22m
[2m      [2mat naturalWidth ([22m[2mnode_modules/next/src/client/legacy/image.tsx[2m:486:38)[22m[2m[22m

    [2m[31mconsole.error[39m[22m
[31m      Warning: An update to null inside a test was not wrapped in act(...).[39m
[31m      [39m
[31m      When testing, code that causes React state updates should be wrapped into act(...):[39m
[31m      [39m
[31m      act(() => {[39m
[31m        /* fire events that update state */[39m
[31m      });[39m
[31m      /* assert on the output */[39m
[31m      [39m
[31m      This ensures that you're testing the behavior the user would see in the browser. Learn more at https://reactjs.org/link/wrap-tests-with-act[39m
[31m          at fallbackImageClassName (/home/bradleyjerome/projects/metrolinx/next.upexpress.com/node_modules/@metrolinx/cx-shared/src/components/Image/Image.tsx:26:3)[39m
[31m          at div[39m
[31m          at div[39m
[31m          at div[39m
[31m          at div[39m
[31m          at BlogPostPage (/home/bradleyjerome/projects/metrolinx/next.upexpress.com/src/components/pages/BlogPostPage.tsx:37:11)[39m
[2m[22m
[2m      [2mat printWarning ([22m[2mnode_modules/react-dom/cjs/react-dom.development.js[2m:86:30)[22m[2m[22m
[2m      [2mat error ([22m[2mnode_modules/react-dom/cjs/react-dom.development.js[2m:60:7)[22m[2m[22m
[2m      [2mat warnIfUpdatesNotWrappedWithActDEV ([22m[2mnode_modules/react-dom/cjs/react-dom.development.js[2m:27589:9)[22m[2m[22m
[2m      [2mat scheduleUpdateOnFiber ([22m[2mnode_modules/react-dom/cjs/react-dom.development.js[2m:25508:5)[22m[2m[22m
[2m      [2mat dispatchSetState ([22m[2mnode_modules/react-dom/cjs/react-dom.development.js[2m:17527:7)[22m[2m[22m
[2m      [2mat Object.result [as current] ([22m[2mnode_modules/@metrolinx/cx-shared/src/components/Image/Image.tsx[2m:76:27)[22m[2m[22m
[2m      [2mat naturalWidth ([22m[2mnode_modules/next/src/client/legacy/image.tsx[2m:486:38)[22m[2m[22m

    [2m[31mconsole.error[39m[22m
[31m      Warning: An update to null inside a test was not wrapped in act(...).[39m
[31m      [39m
[31m      When testing, code that causes React state updates should be wrapped into act(...):[39m
[31m      [39m
[31m      act(() => {[39m
[31m        /* fire events that update state */[39m
[31m      });[39m
[31m      /* assert on the output */[39m
[31m      [39m
[31m      This ensures that you're testing the behavior the user would see in the browser. Learn more at https://reactjs.org/link/wrap-tests-with-act[39m
[31m          at fallbackImageClassName (/home/bradleyjerome/projects/metrolinx/next.upexpress.com/node_modules/@metrolinx/cx-shared/src/components/Image/Image.tsx:26:3)[39m
[31m          at div[39m
[31m          at div[39m
[31m          at div[39m
[31m          at div[39m
[31m          at BlogPostPage (/home/bradleyjerome/projects/metrolinx/next.upexpress.com/src/components/pages/BlogPostPage.tsx:37:11)[39m
[2m[22m
[2m      [2mat printWarning ([22m[2mnode_modules/react-dom/cjs/react-dom.development.js[2m:86:30)[22m[2m[22m
[2m      [2mat error ([22m[2mnode_modules/react-dom/cjs/react-dom.development.js[2m:60:7)[22m[2m[22m
[2m      [2mat warnIfUpdatesNotWrappedWithActDEV ([22m[2mnode_modules/react-dom/cjs/react-dom.development.js[2m:27589:9)[22m[2m[22m
[2m      [2mat scheduleUpdateOnFiber ([22m[2mnode_modules/react-dom/cjs/react-dom.development.js[2m:25508:5)[22m[2m[22m
[2m      [2mat dispatchSetState ([22m[2mnode_modules/react-dom/cjs/react-dom.development.js[2m:17527:7)[22m[2m[22m
[2m      [2mat Object.result [as current] ([22m[2mnode_modules/@metrolinx/cx-shared/src/components/Image/Image.tsx[2m:76:27)[22m[2m[22m
[2m      [2mat naturalWidth ([22m[2mnode_modules/next/src/client/legacy/image.tsx[2m:486:38)[22m[2m[22m

[0m[7m[1m[32m PASS [39m[22m[27m[0m [2msrc/components/UserAccount/Tab/Tickets/ActiveTickets/__tests__/[22m[1mResendTicket.spec.tsx[22m
[0m[7m[1m[32m PASS [39m[22m[27m[0m [2msrc/__tests__/pages/[22m[1mpages.spec.tsx[22m
[0m[7m[1m[32m PASS [39m[22m[27m[0m [2msrc/components/pages/Homepage/__tests__/[22m[1mHomepageWidget.spec.tsx[22m ([0m[1m[41m5.807 s[49m[22m[0m)
[0m[7m[1m[32m PASS [39m[22m[27m[0m [2msrc/services/__tests__/[22m[1mredirectsService.spec.ts[22m
[0m[7m[1m[32m PASS [39m[22m[27m[0m [2msrc/api/utils/__tests__/[22m[1mhelper.spec.ts[22m
[0m[7m[1m[32m PASS [39m[22m[27m[0m [2msrc/components/pages/StationHub/__tests__/[22m[1mutils.spec.ts[22m
[0m[7m[1m[32m PASS [39m[22m[27m[0m [2msrc/api/utils/__tests__/[22m[1mbytemarkCookie.spec.ts[22m
[0m[7m[1m[32m PASS [39m[22m[27m[0m [2msrc/components/pages/Homepage/DeparturesAndSchedule/ScheduleSection/__tests__/[22m[1mutils.spec.tsx[22m
[0m[7m[1m[32m PASS [39m[22m[27m[0m [2msrc/components/UserAccount/__tests__/[22m[1mUserAccount.spec.tsx[22m ([0m[1m[41m11.407 s[49m[22m[0m)
  [1m● [22mConsole

    [2m[33mconsole.warn[39m[22m
[33m      Image with src "/images/error-image-for-api-error.svg" has a "loader" property that does not implement width. Please implement it or use the "unoptimized" property instead.[39m
[33m      Read more: https://nextjs.org/docs/messages/next-image-missing-loader-width[39m
[2m[22m
[2m    [0m [90m  95 |[39m     }[33m;[39m[22m
[2m     [90m  96 |[39m[22m
[2m    [31m[1m>[22m[2m[39m[90m  97 |[39m     [36mconst[39m { getByTestId } [33m=[39m render([22m
[2m     [90m     |[39m                                   [31m[1m^[22m[2m[39m[22m
[2m     [90m  98 |[39m       [33m<[39m[33mUserProfileContext[39m[33m.[39m[33mProvider[39m value[33m=[39m{userContext}[33m>[39m[22m
[2m     [90m  99 |[39m         [33m<[39m[33mUserAccount[39m page[33m=[39m{content [36mas[39m unknown [36mas[39m [[33mIContentstackPage[39m]} [33m/[39m[33m>[39m[22m
[2m     [90m 100 |[39m       [33m<[39m[33m/[39m[33mUserProfileContext[39m[33m.[39m[33mProvider[39m[33m>[39m[33m,[39m[0m[22m
[2m[22m
[2m      [2mat warn ([22m[2mnode_modules/next/src/shared/lib/utils/warn-once.ts[2m:6:15)[22m[2m[22m
[2m      [2mat Image ([22m[2mnode_modules/next/src/client/legacy/image.tsx[2m:876:9)[22m[2m[22m
[2m      [2mat renderWithHooks ([22m[2mnode_modules/react-dom/cjs/react-dom.development.js[2m:16305:18)[22m[2m[22m
[2m      [2mat mountIndeterminateComponent ([22m[2mnode_modules/react-dom/cjs/react-dom.development.js[2m:20074:13)[22m[2m[22m
[2m      [2mat beginWork ([22m[2mnode_modules/react-dom/cjs/react-dom.development.js[2m:21587:16)[22m[2m[22m
[2m      [2mat beginWork$1 ([22m[2mnode_modules/react-dom/cjs/react-dom.development.js[2m:27426:14)[22m[2m[22m
[2m      [2mat performUnitOfWork ([22m[2mnode_modules/react-dom/cjs/react-dom.development.js[2m:26560:12)[22m[2m[22m
[2m      [2mat workLoopSync ([22m[2mnode_modules/react-dom/cjs/react-dom.development.js[2m:26466:5)[22m[2m[22m
[2m      [2mat renderRootSync ([22m[2mnode_modules/react-dom/cjs/react-dom.development.js[2m:26434:7)[22m[2m[22m
[2m      [2mat performConcurrentWorkOnRoot ([22m[2mnode_modules/react-dom/cjs/react-dom.development.js[2m:25738:74)[22m[2m[22m
[2m      [2mat flushActQueue ([22m[2mnode_modules/react/cjs/react.development.js[2m:2667:24)[22m[2m[22m
[2m      [2mat act ([22m[2mnode_modules/react/cjs/react.development.js[2m:2582:11)[22m[2m[22m
[2m      [2mat [22m[2mnode_modules/@testing-library/react/dist/act-compat.js[2m:46:25[22m[2m[22m
[2m      [2mat renderRoot ([22m[2mnode_modules/@testing-library/react/dist/pure.js[2m:161:26)[22m[2m[22m
[2m      [2mat render ([22m[2mnode_modules/@testing-library/react/dist/pure.js[2m:247:10)[22m[2m[22m
[2m      [2mat Object.<anonymous> ([22m[2m[0m[36msrc/components/UserAccount/__tests__/UserAccount.spec.tsx[39m[0m[2m:97:35)[22m[2m[22m

    [2m[31mconsole.error[39m[22m
[31m      Warning: An update to ForwardRef(LoadableComponent) inside a test was not wrapped in act(...).[39m
[31m      [39m
[31m      When testing, code that causes React state updates should be wrapped into act(...):[39m
[31m      [39m
[31m      act(() => {[39m
[31m        /* fire events that update state */[39m
[31m      });[39m
[31m      /* assert on the output */[39m
[31m      [39m
[31m      This ensures that you're testing the behavior the user would see in the browser. Learn more at https://reactjs.org/link/wrap-tests-with-act[39m
[31m          at useLoadableModule (/home/bradleyjerome/projects/metrolinx/next.upexpress.com/node_modules/next/src/shared/lib/loadable.shared-runtime.tsx:124:5)[39m
[31m          at section[39m
[31m          at div[39m
[31m          at div[39m
[31m          at div[39m
[31m          at div[39m
[31m          at children (/home/bradleyjerome/projects/metrolinx/next.upexpress.com/src/components/UserAccount/UserAccountWrapper.tsx:21:20)[39m
[31m          at page (/home/bradleyjerome/projects/metrolinx/next.upexpress.com/src/components/UserAccount/UserAccount.tsx:35:58)[39m
[2m[22m
[2m      [2mat printWarning ([22m[2mnode_modules/react-dom/cjs/react-dom.development.js[2m:86:30)[22m[2m[22m
[2m      [2mat error ([22m[2mnode_modules/react-dom/cjs/react-dom.development.js[2m:60:7)[22m[2m[22m
[2m      [2mat warnIfUpdatesNotWrappedWithActDEV ([22m[2mnode_modules/react-dom/cjs/react-dom.development.js[2m:27589:9)[22m[2m[22m
[2m      [2mat scheduleUpdateOnFiber ([22m[2mnode_modules/react-dom/cjs/react-dom.development.js[2m:25508:5)[22m[2m[22m
[2m      [2mat forceStoreRerender ([22m[2mnode_modules/react-dom/cjs/react-dom.development.js[2m:16977:5)[22m[2m[22m
[2m      [2mat handleStoreChange ([22m[2mnode_modules/react-dom/cjs/react-dom.development.js[2m:16953:7)[22m[2m[22m
[2m      [2mat callback ([22m[2mnode_modules/next/src/shared/lib/loadable.shared-runtime.tsx[2m:236:48)[22m[2m[22m
[2m          at Set.forEach (<anonymous>)[22m
[2m      [2mat LoadableSubscription.forEach ([22m[2mnode_modules/next/src/shared/lib/loadable.shared-runtime.tsx[2m:236:21)[22m[2m[22m
[2m      [2mat _update ([22m[2mnode_modules/next/src/shared/lib/loadable.shared-runtime.tsx[2m:218:14)[22m[2m[22m

    [2m[31mconsole.error[39m[22m
[31m      Warning: An update to g inside a test was not wrapped in act(...).[39m
[31m      [39m
[31m      When testing, code that causes React state updates should be wrapped into act(...):[39m
[31m      [39m
[31m      act(() => {[39m
[31m        /* fire events that update state */[39m
[31m      });[39m
[31m      /* assert on the output */[39m
[31m      [39m
[31m      This ensures that you're testing the behavior the user would see in the browser. Learn more at https://reactjs.org/link/wrap-tests-with-act[39m
[31m          at comboBoxRef (/home/bradleyjerome/projects/metrolinx/next.upexpress.com/node_modules/@metrolinx/cx-shared/node_modules/react-aria-components/dist/ComboBox.mjs:82:86)[39m
[31m          at $d01f2c01039c0eec$export$d414ccceff7063c3 (/home/bradleyjerome/projects/metrolinx/next.upexpress.com/node_modules/@metrolinx/cx-shared/node_modules/react-aria-components/dist/ComboBox.mjs:47:79)[39m
[31m          at allowsEmptyCollection (/home/bradleyjerome/projects/metrolinx/next.upexpress.com/node_modules/@metrolinx/cx-shared/src/components/Combobox/Combobox.tsx:127:3)[39m
[31m          at value (/home/bradleyjerome/projects/metrolinx/next.upexpress.com/src/components/Combobox/Combobox.tsx:23:3)[39m
[31m          at div[39m
[31m          at id (/home/bradleyjerome/projects/metrolinx/next.upexpress.com/src/components/FormCombobox/FormCombobox.tsx:28:3)[39m
[31m          at countryCode (/home/bradleyjerome/projects/metrolinx/next.upexpress.com/src/components/StatesSelectContainer/StatesSelectContainer.tsx:21:41)[39m
[31m          at div[39m
[31m          at data (/home/bradleyjerome/projects/metrolinx/next.upexpress.com/src/components/UserAccount/Tab/AccountInformationForm.tsx:36:42)[39m
[31m          at form[39m
[31m          at div[39m
[31m          at div[39m
[31m          at div[39m
[31m          at Object.<anonymous>.exports.FormProvider (/home/bradleyjerome/projects/metrolinx/next.upexpress.com/node_modules/react-hook-form/src/useFormContext.tsx:77:5)[39m
[31m          at user (/home/bradleyjerome/projects/metrolinx/next.upexpress.com/src/components/UserAccount/Tab/AccountInformation.tsx:24:61)[39m
[31m          at useLoadableModule (/home/bradleyjerome/projects/metrolinx/next.upexpress.com/node_modules/next/src/shared/lib/loadable.shared-runtime.tsx:124:5)[39m
[31m          at section[39m
[31m          at div[39m
[31m          at div[39m
[31m          at div[39m
[31m          at div[39m
[31m          at children (/home/bradleyjerome/projects/metrolinx/next.upexpress.com/src/components/UserAccount/UserAccountWrapper.tsx:21:20)[39m
[31m          at page (/home/bradleyjerome/projects/metrolinx/next.upexpress.com/src/components/UserAccount/UserAccount.tsx:35:58)[39m
[2m[22m
[2m      [2mat printWarning ([22m[2mnode_modules/react-dom/cjs/react-dom.development.js[2m:86:30)[22m[2m[22m
[2m      [2mat error ([22m[2mnode_modules/react-dom/cjs/react-dom.development.js[2m:60:7)[22m[2m[22m
[2m      [2mat warnIfUpdatesNotWrappedWithActDEV ([22m[2mnode_modules/react-dom/cjs/react-dom.development.js[2m:27589:9)[22m[2m[22m
[2m      [2mat scheduleUpdateOnFiber ([22m[2mnode_modules/react-dom/cjs/react-dom.development.js[2m:25508:5)[22m[2m[22m
[2m      [2mat dispatchSetState ([22m[2mnode_modules/react-dom/cjs/react-dom.development.js[2m:17527:7)[22m[2m[22m
[2m      [2mat [22m[2mnode_modules/@metrolinx/cx-shared/node_modules/@react-aria/utils/dist/useValueEffect.mjs[2m:37:50[22m[2m[22m
[2m      [2mat [22m[2mnode_modules/@metrolinx/cx-shared/node_modules/@react-aria/utils/dist/useEffectEvent.mjs[2m:28:1[22m[2m[22m
[2m      [2mat [22m[2mnode_modules/@metrolinx/cx-shared/node_modules/@react-aria/utils/dist/useValueEffect.mjs[2m:37:50[22m[2m[22m
[2m      [2mat [22m[2mnode_modules/@metrolinx/cx-shared/node_modules/@react-aria/utils/dist/useEffectEvent.mjs[2m:28:1[22m[2m[22m
[2m      [2mat [22m[2mnode_modules/@metrolinx/cx-shared/node_modules/@react-aria/utils/dist/useValueEffect.mjs[2m:49:1[22m[2m[22m
[2m      [2mat [22m[2mnode_modules/@metrolinx/cx-shared/node_modules/@react-aria/utils/dist/useEffectEvent.mjs[2m:28:1[22m[2m[22m
[2m      [2mat id ([22m[2mnode_modules/@metrolinx/cx-shared/node_modules/@react-aria/utils/dist/useId.mjs[2m:69:19)[22m[2m[22m
[2m      [2mat commitHookEffectListMount ([22m[2mnode_modules/react-dom/cjs/react-dom.development.js[2m:23150:26)[22m[2m[22m
[2m      [2mat commitLayoutEffectOnFiber ([22m[2mnode_modules/react-dom/cjs/react-dom.development.js[2m:23273:15)[22m[2m[22m
[2m      [2mat commitLayoutMountEffects_complete ([22m[2mnode_modules/react-dom/cjs/react-dom.development.js[2m:24688:9)[22m[2m[22m
[2m      [2mat commitLayoutEffects_begin ([22m[2mnode_modules/react-dom/cjs/react-dom.development.js[2m:24674:7)[22m[2m[22m
[2m      [2mat commitLayoutEffects ([22m[2mnode_modules/react-dom/cjs/react-dom.development.js[2m:24612:3)[22m[2m[22m
[2m      [2mat commitRootImpl ([22m[2mnode_modules/react-dom/cjs/react-dom.development.js[2m:26823:5)[22m[2m[22m
[2m      [2mat commitRoot ([22m[2mnode_modules/react-dom/cjs/react-dom.development.js[2m:26682:5)[22m[2m[22m
[2m      [2mat performSyncWorkOnRoot ([22m[2mnode_modules/react-dom/cjs/react-dom.development.js[2m:26117:3)[22m[2m[22m
[2m      [2mat flushSyncCallbacks ([22m[2mnode_modules/react-dom/cjs/react-dom.development.js[2m:12042:22)[22m[2m[22m
[2m      [2mat [22m[2mnode_modules/react-dom/cjs/react-dom.development.js[2m:25651:13[22m[2m[22m

    [2m[31mconsole.error[39m[22m
[31m      Warning: An update to g inside a test was not wrapped in act(...).[39m
[31m      [39m
[31m      When testing, code that causes React state updates should be wrapped into act(...):[39m
[31m      [39m
[31m      act(() => {[39m
[31m        /* fire events that update state */[39m
[31m      });[39m
[31m      /* assert on the output */[39m
[31m      [39m
[31m      This ensures that you're testing the behavior the user would see in the browser. Learn more at https://reactjs.org/link/wrap-tests-with-act[39m
[31m          at comboBoxRef (/home/bradleyjerome/projects/metrolinx/next.upexpress.com/node_modules/@metrolinx/cx-shared/node_modules/react-aria-components/dist/ComboBox.mjs:82:86)[39m
[31m          at $d01f2c01039c0eec$export$d414ccceff7063c3 (/home/bradleyjerome/projects/metrolinx/next.upexpress.com/node_modules/@metrolinx/cx-shared/node_modules/react-aria-components/dist/ComboBox.mjs:47:79)[39m
[31m          at allowsEmptyCollection (/home/bradleyjerome/projects/metrolinx/next.upexpress.com/node_modules/@metrolinx/cx-shared/src/components/Combobox/Combobox.tsx:127:3)[39m
[31m          at value (/home/bradleyjerome/projects/metrolinx/next.upexpress.com/src/components/Combobox/Combobox.tsx:23:3)[39m
[31m          at div[39m
[31m          at id (/home/bradleyjerome/projects/metrolinx/next.upexpress.com/src/components/FormCombobox/FormCombobox.tsx:28:3)[39m
[31m          at countryCode (/home/bradleyjerome/projects/metrolinx/next.upexpress.com/src/components/StatesSelectContainer/StatesSelectContainer.tsx:21:41)[39m
[31m          at div[39m
[31m          at data (/home/bradleyjerome/projects/metrolinx/next.upexpress.com/src/components/UserAccount/Tab/AccountInformationForm.tsx:36:42)[39m
[31m          at form[39m
[31m          at div[39m
[31m          at div[39m
[31m          at div[39m
[31m          at Object.<anonymous>.exports.FormProvider (/home/bradleyjerome/projects/metrolinx/next.upexpress.com/node_modules/react-hook-form/src/useFormContext.tsx:77:5)[39m
[31m          at user (/home/bradleyjerome/projects/metrolinx/next.upexpress.com/src/components/UserAccount/Tab/AccountInformation.tsx:24:61)[39m
[31m          at useLoadableModule (/home/bradleyjerome/projects/metrolinx/next.upexpress.com/node_modules/next/src/shared/lib/loadable.shared-runtime.tsx:124:5)[39m
[31m          at section[39m
[31m          at div[39m
[31m          at div[39m
[31m          at div[39m
[31m          at div[39m
[31m          at children (/home/bradleyjerome/projects/metrolinx/next.upexpress.com/src/components/UserAccount/UserAccountWrapper.tsx:21:20)[39m
[31m          at page (/home/bradleyjerome/projects/metrolinx/next.upexpress.com/src/components/UserAccount/UserAccount.tsx:35:58)[39m
[2m[22m
[2m      [2mat printWarning ([22m[2mnode_modules/react-dom/cjs/react-dom.development.js[2m:86:30)[22m[2m[22m
[2m      [2mat error ([22m[2mnode_modules/react-dom/cjs/react-dom.development.js[2m:60:7)[22m[2m[22m
[2m      [2mat warnIfUpdatesNotWrappedWithActDEV ([22m[2mnode_modules/react-dom/cjs/react-dom.development.js[2m:27589:9)[22m[2m[22m
[2m      [2mat scheduleUpdateOnFiber ([22m[2mnode_modules/react-dom/cjs/react-dom.development.js[2m:25508:5)[22m[2m[22m
[2m      [2mat dispatchSetState ([22m[2mnode_modules/react-dom/cjs/react-dom.development.js[2m:17527:7)[22m[2m[22m
[2m      [2mat [22m[2mnode_modules/@metrolinx/cx-shared/node_modules/@react-aria/utils/dist/useValueEffect.mjs[2m:37:50[22m[2m[22m
[2m      [2mat [22m[2mnode_modules/@metrolinx/cx-shared/node_modules/@react-aria/utils/dist/useEffectEvent.mjs[2m:28:1[22m[2m[22m
[2m      [2mat [22m[2mnode_modules/@metrolinx/cx-shared/node_modules/@react-aria/utils/dist/useValueEffect.mjs[2m:37:50[22m[2m[22m
[2m      [2mat [22m[2mnode_modules/@metrolinx/cx-shared/node_modules/@react-aria/utils/dist/useEffectEvent.mjs[2m:28:1[22m[2m[22m
[2m      [2mat [22m[2mnode_modules/@metrolinx/cx-shared/node_modules/@react-aria/utils/dist/useValueEffect.mjs[2m:49:1[22m[2m[22m
[2m      [2mat [22m[2mnode_modules/@metrolinx/cx-shared/node_modules/@react-aria/utils/dist/useEffectEvent.mjs[2m:28:1[22m[2m[22m
[2m      [2mat id ([22m[2mnode_modules/@metrolinx/cx-shared/node_modules/@react-aria/utils/dist/useId.mjs[2m:69:19)[22m[2m[22m
[2m      [2mat commitHookEffectListMount ([22m[2mnode_modules/react-dom/cjs/react-dom.development.js[2m:23150:26)[22m[2m[22m
[2m      [2mat commitLayoutEffectOnFiber ([22m[2mnode_modules/react-dom/cjs/react-dom.development.js[2m:23273:15)[22m[2m[22m
[2m      [2mat commitLayoutMountEffects_complete ([22m[2mnode_modules/react-dom/cjs/react-dom.development.js[2m:24688:9)[22m[2m[22m
[2m      [2mat commitLayoutEffects_begin ([22m[2mnode_modules/react-dom/cjs/react-dom.development.js[2m:24674:7)[22m[2m[22m
[2m      [2mat commitLayoutEffects ([22m[2mnode_modules/react-dom/cjs/react-dom.development.js[2m:24612:3)[22m[2m[22m
[2m      [2mat commitRootImpl ([22m[2mnode_modules/react-dom/cjs/react-dom.development.js[2m:26823:5)[22m[2m[22m
[2m      [2mat commitRoot ([22m[2mnode_modules/react-dom/cjs/react-dom.development.js[2m:26682:5)[22m[2m[22m
[2m      [2mat performSyncWorkOnRoot ([22m[2mnode_modules/react-dom/cjs/react-dom.development.js[2m:26117:3)[22m[2m[22m
[2m      [2mat flushSyncCallbacks ([22m[2mnode_modules/react-dom/cjs/react-dom.development.js[2m:12042:22)[22m[2m[22m
[2m      [2mat [22m[2mnode_modules/react-dom/cjs/react-dom.development.js[2m:25651:13[22m[2m[22m

    [2m[31mconsole.error[39m[22m
[31m      Warning: An update to g inside a test was not wrapped in act(...).[39m
[31m      [39m
[31m      When testing, code that causes React state updates should be wrapped into act(...):[39m
[31m      [39m
[31m      act(() => {[39m
[31m        /* fire events that update state */[39m
[31m      });[39m
[31m      /* assert on the output */[39m
[31m      [39m
[31m      This ensures that you're testing the behavior the user would see in the browser. Learn more at https://reactjs.org/link/wrap-tests-with-act[39m
[31m          at comboBoxRef (/home/bradleyjerome/projects/metrolinx/next.upexpress.com/node_modules/@metrolinx/cx-shared/node_modules/react-aria-components/dist/ComboBox.mjs:82:86)[39m
[31m          at $d01f2c01039c0eec$export$d414ccceff7063c3 (/home/bradleyjerome/projects/metrolinx/next.upexpress.com/node_modules/@metrolinx/cx-shared/node_modules/react-aria-components/dist/ComboBox.mjs:47:79)[39m
[31m          at allowsEmptyCollection (/home/bradleyjerome/projects/metrolinx/next.upexpress.com/node_modules/@metrolinx/cx-shared/src/components/Combobox/Combobox.tsx:127:3)[39m
[31m          at value (/home/bradleyjerome/projects/metrolinx/next.upexpress.com/src/components/Combobox/Combobox.tsx:23:3)[39m
[31m          at div[39m
[31m          at id (/home/bradleyjerome/projects/metrolinx/next.upexpress.com/src/components/FormCombobox/FormCombobox.tsx:28:3)[39m
[31m          at children (/home/bradleyjerome/projects/metrolinx/next.upexpress.com/src/components/CountriesSelectContainer/CountriesSelectContainer.tsx:20:44)[39m
[31m          at div[39m
[31m          at data (/home/bradleyjerome/projects/metrolinx/next.upexpress.com/src/components/UserAccount/Tab/AccountInformationForm.tsx:36:42)[39m
[31m          at form[39m
[31m          at div[39m
[31m          at div[39m
[31m          at div[39m
[31m          at Object.<anonymous>.exports.FormProvider (/home/bradleyjerome/projects/metrolinx/next.upexpress.com/node_modules/react-hook-form/src/useFormContext.tsx:77:5)[39m
[31m          at user (/home/bradleyjerome/projects/metrolinx/next.upexpress.com/src/components/UserAccount/Tab/AccountInformation.tsx:24:61)[39m
[31m          at useLoadableModule (/home/bradleyjerome/projects/metrolinx/next.upexpress.com/node_modules/next/src/shared/lib/loadable.shared-runtime.tsx:124:5)[39m
[31m          at section[39m
[31m          at div[39m
[31m          at div[39m
[31m          at div[39m
[31m          at div[39m
[31m          at children (/home/bradleyjerome/projects/metrolinx/next.upexpress.com/src/components/UserAccount/UserAccountWrapper.tsx:21:20)[39m
[31m          at page (/home/bradleyjerome/projects/metrolinx/next.upexpress.com/src/components/UserAccount/UserAccount.tsx:35:58)[39m
[2m[22m
[2m      [2mat printWarning ([22m[2mnode_modules/react-dom/cjs/react-dom.development.js[2m:86:30)[22m[2m[22m
[2m      [2mat error ([22m[2mnode_modules/react-dom/cjs/react-dom.development.js[2m:60:7)[22m[2m[22m
[2m      [2mat warnIfUpdatesNotWrappedWithActDEV ([22m[2mnode_modules/react-dom/cjs/react-dom.development.js[2m:27589:9)[22m[2m[22m
[2m      [2mat scheduleUpdateOnFiber ([22m[2mnode_modules/react-dom/cjs/react-dom.development.js[2m:25508:5)[22m[2m[22m
[2m      [2mat dispatchSetState ([22m[2mnode_modules/react-dom/cjs/react-dom.development.js[2m:17527:7)[22m[2m[22m
[2m      [2mat [22m[2mnode_modules/@metrolinx/cx-shared/node_modules/@react-aria/utils/dist/useValueEffect.mjs[2m:37:50[22m[2m[22m
[2m      [2mat [22m[2mnode_modules/@metrolinx/cx-shared/node_modules/@react-aria/utils/dist/useEffectEvent.mjs[2m:28:1[22m[2m[22m
[2m      [2mat [22m[2mnode_modules/@metrolinx/cx-shared/node_modules/@react-aria/utils/dist/useValueEffect.mjs[2m:37:50[22m[2m[22m
[2m      [2mat [22m[2mnode_modules/@metrolinx/cx-shared/node_modules/@react-aria/utils/dist/useEffectEvent.mjs[2m:28:1[22m[2m[22m
[2m      [2mat [22m[2mnode_modules/@metrolinx/cx-shared/node_modules/@react-aria/utils/dist/useValueEffect.mjs[2m:49:1[22m[2m[22m
[2m      [2mat [22m[2mnode_modules/@metrolinx/cx-shared/node_modules/@react-aria/utils/dist/useEffectEvent.mjs[2m:28:1[22m[2m[22m
[2m      [2mat id ([22m[2mnode_modules/@metrolinx/cx-shared/node_modules/@react-aria/utils/dist/useId.mjs[2m:69:19)[22m[2m[22m
[2m      [2mat commitHookEffectListMount ([22m[2mnode_modules/react-dom/cjs/react-dom.development.js[2m:23150:26)[22m[2m[22m
[2m      [2mat commitLayoutEffectOnFiber ([22m[2mnode_modules/react-dom/cjs/react-dom.development.js[2m:23273:15)[22m[2m[22m
[2m      [2mat commitLayoutMountEffects_complete ([22m[2mnode_modules/react-dom/cjs/react-dom.development.js[2m:24688:9)[22m[2m[22m
[2m      [2mat commitLayoutEffects_begin ([22m[2mnode_modules/react-dom/cjs/react-dom.development.js[2m:24674:7)[22m[2m[22m
[2m      [2mat commitLayoutEffects ([22m[2mnode_modules/react-dom/cjs/react-dom.development.js[2m:24612:3)[22m[2m[22m
[2m      [2mat commitRootImpl ([22m[2mnode_modules/react-dom/cjs/react-dom.development.js[2m:26823:5)[22m[2m[22m
[2m      [2mat commitRoot ([22m[2mnode_modules/react-dom/cjs/react-dom.development.js[2m:26682:5)[22m[2m[22m
[2m      [2mat performSyncWorkOnRoot ([22m[2mnode_modules/react-dom/cjs/react-dom.development.js[2m:26117:3)[22m[2m[22m
[2m      [2mat flushSyncCallbacks ([22m[2mnode_modules/react-dom/cjs/react-dom.development.js[2m:12042:22)[22m[2m[22m
[2m      [2mat [22m[2mnode_modules/react-dom/cjs/react-dom.development.js[2m:25651:13[22m[2m[22m

    [2m[31mconsole.error[39m[22m
[31m      Warning: An update to g inside a test was not wrapped in act(...).[39m
[31m      [39m
[31m      When testing, code that causes React state updates should be wrapped into act(...):[39m
[31m      [39m
[31m      act(() => {[39m
[31m        /* fire events that update state */[39m
[31m      });[39m
[31m      /* assert on the output */[39m
[31m      [39m
[31m      This ensures that you're testing the behavior the user would see in the browser. Learn more at https://reactjs.org/link/wrap-tests-with-act[39m
[31m          at comboBoxRef (/home/bradleyjerome/projects/metrolinx/next.upexpress.com/node_modules/@metrolinx/cx-shared/node_modules/react-aria-components/dist/ComboBox.mjs:82:86)[39m
[31m          at $d01f2c01039c0eec$export$d414ccceff7063c3 (/home/bradleyjerome/projects/metrolinx/next.upexpress.com/node_modules/@metrolinx/cx-shared/node_modules/react-aria-components/dist/ComboBox.mjs:47:79)[39m
[31m          at allowsEmptyCollection (/home/bradleyjerome/projects/metrolinx/next.upexpress.com/node_modules/@metrolinx/cx-shared/src/components/Combobox/Combobox.tsx:127:3)[39m
[31m          at value (/home/bradleyjerome/projects/metrolinx/next.upexpress.com/src/components/Combobox/Combobox.tsx:23:3)[39m
[31m          at div[39m
[31m          at id (/home/bradleyjerome/projects/metrolinx/next.upexpress.com/src/components/FormCombobox/FormCombobox.tsx:28:3)[39m
[31m          at children (/home/bradleyjerome/projects/metrolinx/next.upexpress.com/src/components/CountriesSelectContainer/CountriesSelectContainer.tsx:20:44)[39m
[31m          at div[39m
[31m          at data (/home/bradleyjerome/projects/metrolinx/next.upexpress.com/src/components/UserAccount/Tab/AccountInformationForm.tsx:36:42)[39m
[31m          at form[39m
[31m          at div[39m
[31m          at div[39m
[31m          at div[39m
[31m          at Object.<anonymous>.exports.FormProvider (/home/bradleyjerome/projects/metrolinx/next.upexpress.com/node_modules/react-hook-form/src/useFormContext.tsx:77:5)[39m
[31m          at user (/home/bradleyjerome/projects/metrolinx/next.upexpress.com/src/components/UserAccount/Tab/AccountInformation.tsx:24:61)[39m
[31m          at useLoadableModule (/home/bradleyjerome/projects/metrolinx/next.upexpress.com/node_modules/next/src/shared/lib/loadable.shared-runtime.tsx:124:5)[39m
[31m          at section[39m
[31m          at div[39m
[31m          at div[39m
[31m          at div[39m
[31m          at div[39m
[31m          at children (/home/bradleyjerome/projects/metrolinx/next.upexpress.com/src/components/UserAccount/UserAccountWrapper.tsx:21:20)[39m
[31m          at page (/home/bradleyjerome/projects/metrolinx/next.upexpress.com/src/components/UserAccount/UserAccount.tsx:35:58)[39m
[2m[22m
[2m      [2mat printWarning ([22m[2mnode_modules/react-dom/cjs/react-dom.development.js[2m:86:30)[22m[2m[22m
[2m      [2mat error ([22m[2mnode_modules/react-dom/cjs/react-dom.development.js[2m:60:7)[22m[2m[22m
[2m      [2mat warnIfUpdatesNotWrappedWithActDEV ([22m[2mnode_modules/react-dom/cjs/react-dom.development.js[2m:27589:9)[22m[2m[22m
[2m      [2mat scheduleUpdateOnFiber ([22m[2mnode_modules/react-dom/cjs/react-dom.development.js[2m:25508:5)[22m[2m[22m
[2m      [2mat dispatchSetState ([22m[2mnode_modules/react-dom/cjs/react-dom.development.js[2m:17527:7)[22m[2m[22m
[2m      [2mat [22m[2mnode_modules/@metrolinx/cx-shared/node_modules/@react-aria/utils/dist/useValueEffect.mjs[2m:37:50[22m[2m[22m
[2m      [2mat [22m[2mnode_modules/@metrolinx/cx-shared/node_modules/@react-aria/utils/dist/useEffectEvent.mjs[2m:28:1[22m[2m[22m
[2m      [2mat [22m[2mnode_modules/@metrolinx/cx-shared/node_modules/@react-aria/utils/dist/useValueEffect.mjs[2m:37:50[22m[2m[22m
[2m      [2mat [22m[2mnode_modules/@metrolinx/cx-shared/node_modules/@react-aria/utils/dist/useEffectEvent.mjs[2m:28:1[22m[2m[22m
[2m      [2mat [22m[2mnode_modules/@metrolinx/cx-shared/node_modules/@react-aria/utils/dist/useValueEffect.mjs[2m:49:1[22m[2m[22m
[2m      [2mat [22m[2mnode_modules/@metrolinx/cx-shared/node_modules/@react-aria/utils/dist/useEffectEvent.mjs[2m:28:1[22m[2m[22m
[2m      [2mat id ([22m[2mnode_modules/@metrolinx/cx-shared/node_modules/@react-aria/utils/dist/useId.mjs[2m:69:19)[22m[2m[22m
[2m      [2mat commitHookEffectListMount ([22m[2mnode_modules/react-dom/cjs/react-dom.development.js[2m:23150:26)[22m[2m[22m
[2m      [2mat commitLayoutEffectOnFiber ([22m[2mnode_modules/react-dom/cjs/react-dom.development.js[2m:23273:15)[22m[2m[22m
[2m      [2mat commitLayoutMountEffects_complete ([22m[2mnode_modules/react-dom/cjs/react-dom.development.js[2m:24688:9)[22m[2m[22m
[2m      [2mat commitLayoutEffects_begin ([22m[2mnode_modules/react-dom/cjs/react-dom.development.js[2m:24674:7)[22m[2m[22m
[2m      [2mat commitLayoutEffects ([22m[2mnode_modules/react-dom/cjs/react-dom.development.js[2m:24612:3)[22m[2m[22m
[2m      [2mat commitRootImpl ([22m[2mnode_modules/react-dom/cjs/react-dom.development.js[2m:26823:5)[22m[2m[22m
[2m      [2mat commitRoot ([22m[2mnode_modules/react-dom/cjs/react-dom.development.js[2m:26682:5)[22m[2m[22m
[2m      [2mat performSyncWorkOnRoot ([22m[2mnode_modules/react-dom/cjs/react-dom.development.js[2m:26117:3)[22m[2m[22m
[2m      [2mat flushSyncCallbacks ([22m[2mnode_modules/react-dom/cjs/react-dom.development.js[2m:12042:22)[22m[2m[22m
[2m      [2mat [22m[2mnode_modules/react-dom/cjs/react-dom.development.js[2m:25651:13[22m[2m[22m

    [2m[31mconsole.error[39m[22m
[31m      Warning: An update to CardInput inside a test was not wrapped in act(...).[39m
[31m      [39m
[31m      When testing, code that causes React state updates should be wrapped into act(...):[39m
[31m      [39m
[31m      act(() => {[39m
[31m        /* fire events that update state */[39m
[31m      });[39m
[31m      /* assert on the output */[39m
[31m      [39m
[31m      This ensures that you're testing the behavior the user would see in the browser. Learn more at https://reactjs.org/link/wrap-tests-with-act[39m
[31m          at name (/home/bradleyjerome/projects/metrolinx/next.upexpress.com/src/components/FormField/CardInput/CardInput.tsx:50:3)[39m
[31m          at div[39m
[31m          at div[39m
[31m          at div[39m
[31m          at data (/home/bradleyjerome/projects/metrolinx/next.upexpress.com/src/components/UserAccount/Tab/AccountInformationForm.tsx:36:42)[39m
[31m          at form[39m
[31m          at div[39m
[31m          at div[39m
[31m          at div[39m
[31m          at Object.<anonymous>.exports.FormProvider (/home/bradleyjerome/projects/metrolinx/next.upexpress.com/node_modules/react-hook-form/src/useFormContext.tsx:77:5)[39m
[31m          at user (/home/bradleyjerome/projects/metrolinx/next.upexpress.com/src/components/UserAccount/Tab/AccountInformation.tsx:24:61)[39m
[31m          at useLoadableModule (/home/bradleyjerome/projects/metrolinx/next.upexpress.com/node_modules/next/src/shared/lib/loadable.shared-runtime.tsx:124:5)[39m
[31m          at section[39m
[31m          at div[39m
[31m          at div[39m
[31m          at div[39m
[31m          at div[39m
[31m          at children (/home/bradleyjerome/projects/metrolinx/next.upexpress.com/src/components/UserAccount/UserAccountWrapper.tsx:21:20)[39m
[31m          at page (/home/bradleyjerome/projects/metrolinx/next.upexpress.com/src/components/UserAccount/UserAccount.tsx:35:58)[39m
[2m[22m
[2m      [2mat printWarning ([22m[2mnode_modules/react-dom/cjs/react-dom.development.js[2m:86:30)[22m[2m[22m
[2m      [2mat error ([22m[2mnode_modules/react-dom/cjs/react-dom.development.js[2m:60:7)[22m[2m[22m
[2m      [2mat warnIfUpdatesNotWrappedWithActDEV ([22m[2mnode_modules/react-dom/cjs/react-dom.development.js[2m:27589:9)[22m[2m[22m
[2m      [2mat scheduleUpdateOnFiber ([22m[2mnode_modules/react-dom/cjs/react-dom.development.js[2m:25508:5)[22m[2m[22m
[2m      [2mat dispatchSetState ([22m[2mnode_modules/react-dom/cjs/react-dom.development.js[2m:17527:7)[22m[2m[22m
[2m      [2mat innerWidth ([22m[2mnode_modules/@metrolinx/cx-shared/src/hooks/useBreakpoint.ts[2m:17:46)[22m[2m[22m
[2m      [2mat commitHookEffectListMount ([22m[2mnode_modules/react-dom/cjs/react-dom.development.js[2m:23150:26)[22m[2m[22m
[2m      [2mat commitPassiveMountOnFiber ([22m[2mnode_modules/react-dom/cjs/react-dom.development.js[2m:24931:11)[22m[2m[22m
[2m      [2mat commitPassiveMountEffects_complete ([22m[2mnode_modules/react-dom/cjs/react-dom.development.js[2m:24891:9)[22m[2m[22m
[2m      [2mat commitPassiveMountEffects_begin ([22m[2mnode_modules/react-dom/cjs/react-dom.development.js[2m:24878:7)[22m[2m[22m
[2m      [2mat commitPassiveMountEffects ([22m[2mnode_modules/react-dom/cjs/react-dom.development.js[2m:24866:3)[22m[2m[22m
[2m      [2mat flushPassiveEffectsImpl ([22m[2mnode_modules/react-dom/cjs/react-dom.development.js[2m:27039:3)[22m[2m[22m
[2m      [2mat flushPassiveEffects ([22m[2mnode_modules/react-dom/cjs/react-dom.development.js[2m:26984:14)[22m[2m[22m
[2m      [2mat commitRootImpl ([22m[2mnode_modules/react-dom/cjs/react-dom.development.js[2m:26935:5)[22m[2m[22m
[2m      [2mat commitRoot ([22m[2mnode_modules/react-dom/cjs/react-dom.development.js[2m:26682:5)[22m[2m[22m
[2m      [2mat performSyncWorkOnRoot ([22m[2mnode_modules/react-dom/cjs/react-dom.development.js[2m:26117:3)[22m[2m[22m
[2m      [2mat flushSyncCallbacks ([22m[2mnode_modules/react-dom/cjs/react-dom.development.js[2m:12042:22)[22m[2m[22m
[2m      [2mat [22m[2mnode_modules/react-dom/cjs/react-dom.development.js[2m:25651:13[22m[2m[22m

    [2m[31mconsole.error[39m[22m
[31m      Warning: An update to AccountInformation inside a test was not wrapped in act(...).[39m
[31m      [39m
[31m      When testing, code that causes React state updates should be wrapped into act(...):[39m
[31m      [39m
[31m      act(() => {[39m
[31m        /* fire events that update state */[39m
[31m      });[39m
[31m      /* assert on the output */[39m
[31m      [39m
[31m      This ensures that you're testing the behavior the user would see in the browser. Learn more at https://reactjs.org/link/wrap-tests-with-act[39m
[31m          at user (/home/bradleyjerome/projects/metrolinx/next.upexpress.com/src/components/UserAccount/Tab/AccountInformation.tsx:24:61)[39m
[31m          at useLoadableModule (/home/bradleyjerome/projects/metrolinx/next.upexpress.com/node_modules/next/src/shared/lib/loadable.shared-runtime.tsx:124:5)[39m
[31m          at section[39m
[31m          at div[39m
[31m          at div[39m
[31m          at div[39m
[31m          at div[39m
[31m          at children (/home/bradleyjerome/projects/metrolinx/next.upexpress.com/src/components/UserAccount/UserAccountWrapper.tsx:21:20)[39m
[31m          at page (/home/bradleyjerome/projects/metrolinx/next.upexpress.com/src/components/UserAccount/UserAccount.tsx:35:58)[39m
[2m[22m
[2m    [0m [90m 43 |[39m   useEffect(() [33m=>[39m {[22m
[2m     [90m 44 |[39m     [36mif[39m (selectedValue) {[22m
[2m    [31m[1m>[22m[2m[39m[90m 45 |[39m       setValue(name[33m,[39m selectedValue)[33m;[39m[22m
[2m     [90m    |[39m       [31m[1m^[22m[2m[39m[22m
[2m     [90m 46 |[39m     }[22m
[2m     [90m 47 |[39m   }[33m,[39m [name[33m,[39m selectedValue[33m,[39m setValue])[33m;[39m[22m
[2m     [90m 48 |[39m[0m[22m
[2m[22m
[2m      [2mat printWarning ([22m[2mnode_modules/react-dom/cjs/react-dom.development.js[2m:86:30)[22m[2m[22m
[2m      [2mat error ([22m[2mnode_modules/react-dom/cjs/react-dom.development.js[2m:60:7)[22m[2m[22m
[2m      [2mat warnIfUpdatesNotWrappedWithActDEV ([22m[2mnode_modules/react-dom/cjs/react-dom.development.js[2m:27589:9)[22m[2m[22m
[2m      [2mat scheduleUpdateOnFiber ([22m[2mnode_modules/react-dom/cjs/react-dom.development.js[2m:25508:5)[22m[2m[22m
[2m      [2mat dispatchSetState ([22m[2mnode_modules/react-dom/cjs/react-dom.development.js[2m:17527:7)[22m[2m[22m
[2m      [2mat formState ([22m[2mnode_modules/react-hook-form/src/useForm.ts[2m:77:7)[22m[2m[22m
[2m      [2mat ee ([22m[2mnode_modules/react-hook-form/src/logic/createFormControl.ts[2m:656:5)[22m[2m[22m
[2m      [2mat setValue ([22m[2msrc/components/FormField/RadioButton/RadioButton.tsx[2m:45:7)[22m[2m[22m
[2m      [2mat commitHookEffectListMount ([22m[2mnode_modules/react-dom/cjs/react-dom.development.js[2m:23150:26)[22m[2m[22m
[2m      [2mat commitPassiveMountOnFiber ([22m[2mnode_modules/react-dom/cjs/react-dom.development.js[2m:24931:11)[22m[2m[22m
[2m      [2mat commitPassiveMountEffects_complete ([22m[2mnode_modules/react-dom/cjs/react-dom.development.js[2m:24891:9)[22m[2m[22m
[2m      [2mat commitPassiveMountEffects_begin ([22m[2mnode_modules/react-dom/cjs/react-dom.development.js[2m:24878:7)[22m[2m[22m
[2m      [2mat commitPassiveMountEffects ([22m[2mnode_modules/react-dom/cjs/react-dom.development.js[2m:24866:3)[22m[2m[22m
[2m      [2mat flushPassiveEffectsImpl ([22m[2mnode_modules/react-dom/cjs/react-dom.development.js[2m:27039:3)[22m[2m[22m
[2m      [2mat flushPassiveEffects ([22m[2mnode_modules/react-dom/cjs/react-dom.development.js[2m:26984:14)[22m[2m[22m
[2m      [2mat commitRootImpl ([22m[2mnode_modules/react-dom/cjs/react-dom.development.js[2m:26935:5)[22m[2m[22m
[2m      [2mat commitRoot ([22m[2mnode_modules/react-dom/cjs/react-dom.development.js[2m:26682:5)[22m[2m[22m
[2m      [2mat performSyncWorkOnRoot ([22m[2mnode_modules/react-dom/cjs/react-dom.development.js[2m:26117:3)[22m[2m[22m
[2m      [2mat flushSyncCallbacks ([22m[2mnode_modules/react-dom/cjs/react-dom.development.js[2m:12042:22)[22m[2m[22m
[2m      [2mat [22m[2mnode_modules/react-dom/cjs/react-dom.development.js[2m:25651:13[22m[2m[22m

    [2m[31mconsole.error[39m[22m
[31m      Warning: An update to AccountInformation inside a test was not wrapped in act(...).[39m
[31m      [39m
[31m      When testing, code that causes React state updates should be wrapped into act(...):[39m
[31m      [39m
[31m      act(() => {[39m
[31m        /* fire events that update state */[39m
[31m      });[39m
[31m      /* assert on the output */[39m
[31m      [39m
[31m      This ensures that you're testing the behavior the user would see in the browser. Learn more at https://reactjs.org/link/wrap-tests-with-act[39m
[31m          at user (/home/bradleyjerome/projects/metrolinx/next.upexpress.com/src/components/UserAccount/Tab/AccountInformation.tsx:24:61)[39m
[31m          at useLoadableModule (/home/bradleyjerome/projects/metrolinx/next.upexpress.com/node_modules/next/src/shared/lib/loadable.shared-runtime.tsx:124:5)[39m
[31m          at section[39m
[31m          at div[39m
[31m          at div[39m
[31m          at div[39m
[31m          at div[39m
[31m          at children (/home/bradleyjerome/projects/metrolinx/next.upexpress.com/src/components/UserAccount/UserAccountWrapper.tsx:21:20)[39m
[31m          at page (/home/bradleyjerome/projects/metrolinx/next.upexpress.com/src/components/UserAccount/UserAccount.tsx:35:58)[39m
[2m[22m
[2m    [0m [90m 43 |[39m   useEffect(() [33m=>[39m {[22m
[2m     [90m 44 |[39m     [36mif[39m (selectedValue) {[22m
[2m    [31m[1m>[22m[2m[39m[90m 45 |[39m       setValue(name[33m,[39m selectedValue)[33m;[39m[22m
[2m     [90m    |[39m       [31m[1m^[22m[2m[39m[22m
[2m     [90m 46 |[39m     }[22m
[2m     [90m 47 |[39m   }[33m,[39m [name[33m,[39m selectedValue[33m,[39m setValue])[33m;[39m[22m
[2m     [90m 48 |[39m[0m[22m
[2m[22m
[2m      [2mat printWarning ([22m[2mnode_modules/react-dom/cjs/react-dom.development.js[2m:86:30)[22m[2m[22m
[2m      [2mat error ([22m[2mnode_modules/react-dom/cjs/react-dom.development.js[2m:60:7)[22m[2m[22m
[2m      [2mat warnIfUpdatesNotWrappedWithActDEV ([22m[2mnode_modules/react-dom/cjs/react-dom.development.js[2m:27589:9)[22m[2m[22m
[2m      [2mat scheduleUpdateOnFiber ([22m[2mnode_modules/react-dom/cjs/react-dom.development.js[2m:25508:5)[22m[2m[22m
[2m      [2mat dispatchSetState ([22m[2mnode_modules/react-dom/cjs/react-dom.development.js[2m:17527:7)[22m[2m[22m
[2m      [2mat formState ([22m[2mnode_modules/react-hook-form/src/useForm.ts[2m:77:7)[22m[2m[22m
[2m      [2mat ee ([22m[2mnode_modules/react-hook-form/src/logic/createFormControl.ts[2m:656:5)[22m[2m[22m
[2m      [2mat setValue ([22m[2msrc/components/FormField/RadioButton/RadioButton.tsx[2m:45:7)[22m[2m[22m
[2m      [2mat commitHookEffectListMount ([22m[2mnode_modules/react-dom/cjs/react-dom.development.js[2m:23150:26)[22m[2m[22m
[2m      [2mat commitPassiveMountOnFiber ([22m[2mnode_modules/react-dom/cjs/react-dom.development.js[2m:24931:11)[22m[2m[22m
[2m      [2mat commitPassiveMountEffects_complete ([22m[2mnode_modules/react-dom/cjs/react-dom.development.js[2m:24891:9)[22m[2m[22m
[2m      [2mat commitPassiveMountEffects_begin ([22m[2mnode_modules/react-dom/cjs/react-dom.development.js[2m:24878:7)[22m[2m[22m
[2m      [2mat commitPassiveMountEffects ([22m[2mnode_modules/react-dom/cjs/react-dom.development.js[2m:24866:3)[22m[2m[22m
[2m      [2mat flushPassiveEffectsImpl ([22m[2mnode_modules/react-dom/cjs/react-dom.development.js[2m:27039:3)[22m[2m[22m
[2m      [2mat flushPassiveEffects ([22m[2mnode_modules/react-dom/cjs/react-dom.development.js[2m:26984:14)[22m[2m[22m
[2m      [2mat commitRootImpl ([22m[2mnode_modules/react-dom/cjs/react-dom.development.js[2m:26935:5)[22m[2m[22m
[2m      [2mat commitRoot ([22m[2mnode_modules/react-dom/cjs/react-dom.development.js[2m:26682:5)[22m[2m[22m
[2m      [2mat performSyncWorkOnRoot ([22m[2mnode_modules/react-dom/cjs/react-dom.development.js[2m:26117:3)[22m[2m[22m
[2m      [2mat flushSyncCallbacks ([22m[2mnode_modules/react-dom/cjs/react-dom.development.js[2m:12042:22)[22m[2m[22m
[2m      [2mat [22m[2mnode_modules/react-dom/cjs/react-dom.development.js[2m:25651:13[22m[2m[22m

    [2m[31mconsole.error[39m[22m
[31m      Warning: An update to CountriesSelectContainer inside a test was not wrapped in act(...).[39m
[31m      [39m
[31m      When testing, code that causes React state updates should be wrapped into act(...):[39m
[31m      [39m
[31m      act(() => {[39m
[31m        /* fire events that update state */[39m
[31m      });[39m
[31m      /* assert on the output */[39m
[31m      [39m
[31m      This ensures that you're testing the behavior the user would see in the browser. Learn more at https://reactjs.org/link/wrap-tests-with-act[39m
[31m          at children (/home/bradleyjerome/projects/metrolinx/next.upexpress.com/src/components/CountriesSelectContainer/CountriesSelectContainer.tsx:20:44)[39m
[31m          at div[39m
[31m          at data (/home/bradleyjerome/projects/metrolinx/next.upexpress.com/src/components/UserAccount/Tab/AccountInformationForm.tsx:36:42)[39m
[31m          at form[39m
[31m          at div[39m
[31m          at div[39m
[31m          at div[39m
[31m          at Object.<anonymous>.exports.FormProvider (/home/bradleyjerome/projects/metrolinx/next.upexpress.com/node_modules/react-hook-form/src/useFormContext.tsx:77:5)[39m
[31m          at user (/home/bradleyjerome/projects/metrolinx/next.upexpress.com/src/components/UserAccount/Tab/AccountInformation.tsx:24:61)[39m
[31m          at useLoadableModule (/home/bradleyjerome/projects/metrolinx/next.upexpress.com/node_modules/next/src/shared/lib/loadable.shared-runtime.tsx:124:5)[39m
[31m          at section[39m
[31m          at div[39m
[31m          at div[39m
[31m          at div[39m
[31m          at div[39m
[31m          at children (/home/bradleyjerome/projects/metrolinx/next.upexpress.com/src/components/UserAccount/UserAccountWrapper.tsx:21:20)[39m
[31m          at page (/home/bradleyjerome/projects/metrolinx/next.upexpress.com/src/components/UserAccount/UserAccount.tsx:35:58)[39m
[2m[22m
[2m      [2mat printWarning ([22m[2mnode_modules/react-dom/cjs/react-dom.development.js[2m:86:30)[22m[2m[22m
[2m      [2mat error ([22m[2mnode_modules/react-dom/cjs/react-dom.development.js[2m:60:7)[22m[2m[22m
[2m      [2mat warnIfUpdatesNotWrappedWithActDEV ([22m[2mnode_modules/react-dom/cjs/react-dom.development.js[2m:27589:9)[22m[2m[22m
[2m      [2mat scheduleUpdateOnFiber ([22m[2mnode_modules/react-dom/cjs/react-dom.development.js[2m:25508:5)[22m[2m[22m
[2m      [2mat forceStoreRerender ([22m[2mnode_modules/react-dom/cjs/react-dom.development.js[2m:16977:5)[22m[2m[22m
[2m      [2mat updateStoreInstance ([22m[2mnode_modules/react-dom/cjs/react-dom.development.js[2m:16943:5)[22m[2m[22m
[2m      [2mat commitHookEffectListMount ([22m[2mnode_modules/react-dom/cjs/react-dom.development.js[2m:23150:26)[22m[2m[22m
[2m      [2mat commitPassiveMountOnFiber ([22m[2mnode_modules/react-dom/cjs/react-dom.development.js[2m:24931:11)[22m[2m[22m
[2m      [2mat commitPassiveMountEffects_complete ([22m[2mnode_modules/react-dom/cjs/react-dom.development.js[2m:24891:9)[22m[2m[22m
[2m      [2mat commitPassiveMountEffects_begin ([22m[2mnode_modules/react-dom/cjs/react-dom.development.js[2m:24878:7)[22m[2m[22m
[2m      [2mat commitPassiveMountEffects ([22m[2mnode_modules/react-dom/cjs/react-dom.development.js[2m:24866:3)[22m[2m[22m
[2m      [2mat flushPassiveEffectsImpl ([22m[2mnode_modules/react-dom/cjs/react-dom.development.js[2m:27039:3)[22m[2m[22m
[2m      [2mat flushPassiveEffects ([22m[2mnode_modules/react-dom/cjs/react-dom.development.js[2m:26984:14)[22m[2m[22m
[2m      [2mat commitRootImpl ([22m[2mnode_modules/react-dom/cjs/react-dom.development.js[2m:26935:5)[22m[2m[22m
[2m      [2mat commitRoot ([22m[2mnode_modules/react-dom/cjs/react-dom.development.js[2m:26682:5)[22m[2m[22m
[2m      [2mat performSyncWorkOnRoot ([22m[2mnode_modules/react-dom/cjs/react-dom.development.js[2m:26117:3)[22m[2m[22m
[2m      [2mat flushSyncCallbacks ([22m[2mnode_modules/react-dom/cjs/react-dom.development.js[2m:12042:22)[22m[2m[22m
[2m      [2mat [22m[2mnode_modules/react-dom/cjs/react-dom.development.js[2m:25651:13[22m[2m[22m

    [2m[31mconsole.error[39m[22m
[31m      Warning: An update to AccountInformationForm inside a test was not wrapped in act(...).[39m
[31m      [39m
[31m      When testing, code that causes React state updates should be wrapped into act(...):[39m
[31m      [39m
[31m      act(() => {[39m
[31m        /* fire events that update state */[39m
[31m      });[39m
[31m      /* assert on the output */[39m
[31m      [39m
[31m      This ensures that you're testing the behavior the user would see in the browser. Learn more at https://reactjs.org/link/wrap-tests-with-act[39m
[31m          at data (/home/bradleyjerome/projects/metrolinx/next.upexpress.com/src/components/UserAccount/Tab/AccountInformationForm.tsx:36:42)[39m
[31m          at form[39m
[31m          at div[39m
[31m          at div[39m
[31m          at div[39m
[31m          at Object.<anonymous>.exports.FormProvider (/home/bradleyjerome/projects/metrolinx/next.upexpress.com/node_modules/react-hook-form/src/useFormContext.tsx:77:5)[39m
[31m          at user (/home/bradleyjerome/projects/metrolinx/next.upexpress.com/src/components/UserAccount/Tab/AccountInformation.tsx:24:61)[39m
[31m          at useLoadableModule (/home/bradleyjerome/projects/metrolinx/next.upexpress.com/node_modules/next/src/shared/lib/loadable.shared-runtime.tsx:124:5)[39m
[31m          at section[39m
[31m          at div[39m
[31m          at div[39m
[31m          at div[39m
[31m          at div[39m
[31m          at children (/home/bradleyjerome/projects/metrolinx/next.upexpress.com/src/components/UserAccount/UserAccountWrapper.tsx:21:20)[39m
[31m          at page (/home/bradleyjerome/projects/metrolinx/next.upexpress.com/src/components/UserAccount/UserAccount.tsx:35:58)[39m
[2m[22m
[2m      [2mat printWarning ([22m[2mnode_modules/react-dom/cjs/react-dom.development.js[2m:86:30)[22m[2m[22m
[2m      [2mat error ([22m[2mnode_modules/react-dom/cjs/react-dom.development.js[2m:60:7)[22m[2m[22m
[2m      [2mat warnIfUpdatesNotWrappedWithActDEV ([22m[2mnode_modules/react-dom/cjs/react-dom.development.js[2m:27589:9)[22m[2m[22m
[2m      [2mat scheduleUpdateOnFiber ([22m[2mnode_modules/react-dom/cjs/react-dom.development.js[2m:25508:5)[22m[2m[22m
[2m      [2mat dispatchSetState ([22m[2mnode_modules/react-dom/cjs/react-dom.development.js[2m:17527:7)[22m[2m[22m
[2m      [2mat innerWidth ([22m[2mnode_modules/@metrolinx/cx-shared/src/hooks/useBreakpoint.ts[2m:17:46)[22m[2m[22m
[2m      [2mat commitHookEffectListMount ([22m[2mnode_modules/react-dom/cjs/react-dom.development.js[2m:23150:26)[22m[2m[22m
[2m      [2mat commitPassiveMountOnFiber ([22m[2mnode_modules/react-dom/cjs/react-dom.development.js[2m:24931:11)[22m[2m[22m
[2m      [2mat commitPassiveMountEffects_complete ([22m[2mnode_modules/react-dom/cjs/react-dom.development.js[2m:24891:9)[22m[2m[22m
[2m      [2mat commitPassiveMountEffects_begin ([22m[2mnode_modules/react-dom/cjs/react-dom.development.js[2m:24878:7)[22m[2m[22m
[2m      [2mat commitPassiveMountEffects ([22m[2mnode_modules/react-dom/cjs/react-dom.development.js[2m:24866:3)[22m[2m[22m
[2m      [2mat flushPassiveEffectsImpl ([22m[2mnode_modules/react-dom/cjs/react-dom.development.js[2m:27039:3)[22m[2m[22m
[2m      [2mat flushPassiveEffects ([22m[2mnode_modules/react-dom/cjs/react-dom.development.js[2m:26984:14)[22m[2m[22m
[2m      [2mat commitRootImpl ([22m[2mnode_modules/react-dom/cjs/react-dom.development.js[2m:26935:5)[22m[2m[22m
[2m      [2mat commitRoot ([22m[2mnode_modules/react-dom/cjs/react-dom.development.js[2m:26682:5)[22m[2m[22m
[2m      [2mat performSyncWorkOnRoot ([22m[2mnode_modules/react-dom/cjs/react-dom.development.js[2m:26117:3)[22m[2m[22m
[2m      [2mat flushSyncCallbacks ([22m[2mnode_modules/react-dom/cjs/react-dom.development.js[2m:12042:22)[22m[2m[22m
[2m      [2mat [22m[2mnode_modules/react-dom/cjs/react-dom.development.js[2m:25651:13[22m[2m[22m

    [2m[31mconsole.error[39m[22m
[31m      Warning: An update to AccountInformation inside a test was not wrapped in act(...).[39m
[31m      [39m
[31m      When testing, code that causes React state updates should be wrapped into act(...):[39m
[31m      [39m
[31m      act(() => {[39m
[31m        /* fire events that update state */[39m
[31m      });[39m
[31m      /* assert on the output */[39m
[31m      [39m
[31m      This ensures that you're testing the behavior the user would see in the browser. Learn more at https://reactjs.org/link/wrap-tests-with-act[39m
[31m          at user (/home/bradleyjerome/projects/metrolinx/next.upexpress.com/src/components/UserAccount/Tab/AccountInformation.tsx:24:61)[39m
[31m          at useLoadableModule (/home/bradleyjerome/projects/metrolinx/next.upexpress.com/node_modules/next/src/shared/lib/loadable.shared-runtime.tsx:124:5)[39m
[31m          at section[39m
[31m          at div[39m
[31m          at div[39m
[31m          at div[39m
[31m          at div[39m
[31m          at children (/home/bradleyjerome/projects/metrolinx/next.upexpress.com/src/components/UserAccount/UserAccountWrapper.tsx:21:20)[39m
[31m          at page (/home/bradleyjerome/projects/metrolinx/next.upexpress.com/src/components/UserAccount/UserAccount.tsx:35:58)[39m
[2m[22m
[2m    [0m [90m 56 |[39m   [90m// Keep profile and form values in sync[39m[22m
[2m     [90m 57 |[39m   useEffect(() [33m=>[39m {[22m
[2m    [31m[1m>[22m[2m[39m[90m 58 |[39m     setValue([32m"country"[39m[33m,[39m data[33m.[39mcountry)[33m;[39m[22m
[2m     [90m    |[39m     [31m[1m^[22m[2m[39m[22m
[2m     [90m 59 |[39m     setValue([32m"province"[39m[33m,[39m data[33m.[39mprovince)[33m;[39m[22m
[2m     [90m 60 |[39m   }[33m,[39m [data[33m,[39m setValue])[33m;[39m[22m
[2m     [90m 61 |[39m[0m[22m
[2m[22m
[2m      [2mat printWarning ([22m[2mnode_modules/react-dom/cjs/react-dom.development.js[2m:86:30)[22m[2m[22m
[2m      [2mat error ([22m[2mnode_modules/react-dom/cjs/react-dom.development.js[2m:60:7)[22m[2m[22m
[2m      [2mat warnIfUpdatesNotWrappedWithActDEV ([22m[2mnode_modules/react-dom/cjs/react-dom.development.js[2m:27589:9)[22m[2m[22m
[2m      [2mat scheduleUpdateOnFiber ([22m[2mnode_modules/react-dom/cjs/react-dom.development.js[2m:25508:5)[22m[2m[22m
[2m      [2mat dispatchSetState ([22m[2mnode_modules/react-dom/cjs/react-dom.development.js[2m:17527:7)[22m[2m[22m
[2m      [2mat formState ([22m[2mnode_modules/react-hook-form/src/useForm.ts[2m:77:7)[22m[2m[22m
[2m      [2mat ee ([22m[2mnode_modules/react-hook-form/src/logic/createFormControl.ts[2m:656:5)[22m[2m[22m
[2m      [2mat setValue ([22m[2msrc/components/UserAccount/Tab/AccountInformationForm.tsx[2m:58:5)[22m[2m[22m
[2m      [2mat commitHookEffectListMount ([22m[2mnode_modules/react-dom/cjs/react-dom.development.js[2m:23150:26)[22m[2m[22m
[2m      [2mat commitPassiveMountOnFiber ([22m[2mnode_modules/react-dom/cjs/react-dom.development.js[2m:24931:11)[22m[2m[22m
[2m      [2mat commitPassiveMountEffects_complete ([22m[2mnode_modules/react-dom/cjs/react-dom.development.js[2m:24891:9)[22m[2m[22m
[2m      [2mat commitPassiveMountEffects_begin ([22m[2mnode_modules/react-dom/cjs/react-dom.development.js[2m:24878:7)[22m[2m[22m
[2m      [2mat commitPassiveMountEffects ([22m[2mnode_modules/react-dom/cjs/react-dom.development.js[2m:24866:3)[22m[2m[22m
[2m      [2mat flushPassiveEffectsImpl ([22m[2mnode_modules/react-dom/cjs/react-dom.development.js[2m:27039:3)[22m[2m[22m
[2m      [2mat flushPassiveEffects ([22m[2mnode_modules/react-dom/cjs/react-dom.development.js[2m:26984:14)[22m[2m[22m
[2m      [2mat commitRootImpl ([22m[2mnode_modules/react-dom/cjs/react-dom.development.js[2m:26935:5)[22m[2m[22m
[2m      [2mat commitRoot ([22m[2mnode_modules/react-dom/cjs/react-dom.development.js[2m:26682:5)[22m[2m[22m
[2m      [2mat performSyncWorkOnRoot ([22m[2mnode_modules/react-dom/cjs/react-dom.development.js[2m:26117:3)[22m[2m[22m
[2m      [2mat flushSyncCallbacks ([22m[2mnode_modules/react-dom/cjs/react-dom.development.js[2m:12042:22)[22m[2m[22m
[2m      [2mat [22m[2mnode_modules/react-dom/cjs/react-dom.development.js[2m:25651:13[22m[2m[22m

    [2m[31mconsole.error[39m[22m
[31m      Warning: An update to AccountInformation inside a test was not wrapped in act(...).[39m
[31m      [39m
[31m      When testing, code that causes React state updates should be wrapped into act(...):[39m
[31m      [39m
[31m      act(() => {[39m
[31m        /* fire events that update state */[39m
[31m      });[39m
[31m      /* assert on the output */[39m
[31m      [39m
[31m      This ensures that you're testing the behavior the user would see in the browser. Learn more at https://reactjs.org/link/wrap-tests-with-act[39m
[31m          at user (/home/bradleyjerome/projects/metrolinx/next.upexpress.com/src/components/UserAccount/Tab/AccountInformation.tsx:24:61)[39m
[31m          at useLoadableModule (/home/bradleyjerome/projects/metrolinx/next.upexpress.com/node_modules/next/src/shared/lib/loadable.shared-runtime.tsx:124:5)[39m
[31m          at section[39m
[31m          at div[39m
[31m          at div[39m
[31m          at div[39m
[31m          at div[39m
[31m          at children (/home/bradleyjerome/projects/metrolinx/next.upexpress.com/src/components/UserAccount/UserAccountWrapper.tsx:21:20)[39m
[31m          at page (/home/bradleyjerome/projects/metrolinx/next.upexpress.com/src/components/UserAccount/UserAccount.tsx:35:58)[39m
[2m[22m
[2m    [0m [90m 57 |[39m   useEffect(() [33m=>[39m {[22m
[2m     [90m 58 |[39m     setValue([32m"country"[39m[33m,[39m data[33m.[39mcountry)[33m;[39m[22m
[2m    [31m[1m>[22m[2m[39m[90m 59 |[39m     setValue([32m"province"[39m[33m,[39m data[33m.[39mprovince)[33m;[39m[22m
[2m     [90m    |[39m     [31m[1m^[22m[2m[39m[22m
[2m     [90m 60 |[39m   }[33m,[39m [data[33m,[39m setValue])[33m;[39m[22m
[2m     [90m 61 |[39m[22m
[2m     [90m 62 |[39m   useEffect(() [33m=>[39m {[0m[22m
[2m[22m
[2m      [2mat printWarning ([22m[2mnode_modules/react-dom/cjs/react-dom.development.js[2m:86:30)[22m[2m[22m
[2m      [2mat error ([22m[2mnode_modules/react-dom/cjs/react-dom.development.js[2m:60:7)[22m[2m[22m
[2m      [2mat warnIfUpdatesNotWrappedWithActDEV ([22m[2mnode_modules/react-dom/cjs/react-dom.development.js[2m:27589:9)[22m[2m[22m
[2m      [2mat scheduleUpdateOnFiber ([22m[2mnode_modules/react-dom/cjs/react-dom.development.js[2m:25508:5)[22m[2m[22m
[2m      [2mat dispatchSetState ([22m[2mnode_modules/react-dom/cjs/react-dom.development.js[2m:17527:7)[22m[2m[22m
[2m      [2mat formState ([22m[2mnode_modules/react-hook-form/src/useForm.ts[2m:77:7)[22m[2m[22m
[2m      [2mat ee ([22m[2mnode_modules/react-hook-form/src/logic/createFormControl.ts[2m:656:5)[22m[2m[22m
[2m      [2mat setValue ([22m[2msrc/components/UserAccount/Tab/AccountInformationForm.tsx[2m:59:5)[22m[2m[22m
[2m      [2mat commitHookEffectListMount ([22m[2mnode_modules/react-dom/cjs/react-dom.development.js[2m:23150:26)[22m[2m[22m
[2m      [2mat commitPassiveMountOnFiber ([22m[2mnode_modules/react-dom/cjs/react-dom.development.js[2m:24931:11)[22m[2m[22m
[2m      [2mat commitPassiveMountEffects_complete ([22m[2mnode_modules/react-dom/cjs/react-dom.development.js[2m:24891:9)[22m[2m[22m
[2m      [2mat commitPassiveMountEffects_begin ([22m[2mnode_modules/react-dom/cjs/react-dom.development.js[2m:24878:7)[22m[2m[22m
[2m      [2mat commitPassiveMountEffects ([22m[2mnode_modules/react-dom/cjs/react-dom.development.js[2m:24866:3)[22m[2m[22m
[2m      [2mat flushPassiveEffectsImpl ([22m[2mnode_modules/react-dom/cjs/react-dom.development.js[2m:27039:3)[22m[2m[22m
[2m      [2mat flushPassiveEffects ([22m[2mnode_modules/react-dom/cjs/react-dom.development.js[2m:26984:14)[22m[2m[22m
[2m      [2mat commitRootImpl ([22m[2mnode_modules/react-dom/cjs/react-dom.development.js[2m:26935:5)[22m[2m[22m
[2m      [2mat commitRoot ([22m[2mnode_modules/react-dom/cjs/react-dom.development.js[2m:26682:5)[22m[2m[22m
[2m      [2mat performSyncWorkOnRoot ([22m[2mnode_modules/react-dom/cjs/react-dom.development.js[2m:26117:3)[22m[2m[22m
[2m      [2mat flushSyncCallbacks ([22m[2mnode_modules/react-dom/cjs/react-dom.development.js[2m:12042:22)[22m[2m[22m
[2m      [2mat [22m[2mnode_modules/react-dom/cjs/react-dom.development.js[2m:25651:13[22m[2m[22m

    [2m[31mconsole.error[39m[22m
[31m      Warning: An update to AccountInformationForm inside a test was not wrapped in act(...).[39m
[31m      [39m
[31m      When testing, code that causes React state updates should be wrapped into act(...):[39m
[31m      [39m
[31m      act(() => {[39m
[31m        /* fire events that update state */[39m
[31m      });[39m
[31m      /* assert on the output */[39m
[31m      [39m
[31m      This ensures that you're testing the behavior the user would see in the browser. Learn more at https://reactjs.org/link/wrap-tests-with-act[39m
[31m          at data (/home/bradleyjerome/projects/metrolinx/next.upexpress.com/src/components/UserAccount/Tab/AccountInformationForm.tsx:36:42)[39m
[31m          at form[39m
[31m          at div[39m
[31m          at div[39m
[31m          at div[39m
[31m          at Object.<anonymous>.exports.FormProvider (/home/bradleyjerome/projects/metrolinx/next.upexpress.com/node_modules/react-hook-form/src/useFormContext.tsx:77:5)[39m
[31m          at user (/home/bradleyjerome/projects/metrolinx/next.upexpress.com/src/components/UserAccount/Tab/AccountInformation.tsx:24:61)[39m
[31m          at useLoadableModule (/home/bradleyjerome/projects/metrolinx/next.upexpress.com/node_modules/next/src/shared/lib/loadable.shared-runtime.tsx:124:5)[39m
[31m          at section[39m
[31m          at div[39m
[31m          at div[39m
[31m          at div[39m
[31m          at div[39m
[31m          at children (/home/bradleyjerome/projects/metrolinx/next.upexpress.com/src/components/UserAccount/UserAccountWrapper.tsx:21:20)[39m
[31m          at page (/home/bradleyjerome/projects/metrolinx/next.upexpress.com/src/components/UserAccount/UserAccount.tsx:35:58)[39m
[2m[22m
[2m    [0m [90m 61 |[39m[22m
[2m     [90m 62 |[39m   useEffect(() [33m=>[39m {[22m
[2m    [31m[1m>[22m[2m[39m[90m 63 |[39m     replace([])[33m;[39m[22m
[2m     [90m    |[39m     [31m[1m^[22m[2m[39m[22m
[2m     [90m 64 |[39m     append(data[33m?[39m[33m.[39mprestoCards[33m?[39m[33m.[39mlength [33m>[39m [35m0[39m [33m?[39m data[33m?[39m[33m.[39mprestoCards [33m:[39m emptyCardData[33m,[39m {[22m
[2m     [90m 65 |[39m       shouldFocus[33m:[39m [36mfalse[39m[33m,[39m[22m
[2m     [90m 66 |[39m     })[33m;[39m[0m[22m
[2m[22m
[2m      [2mat printWarning ([22m[2mnode_modules/react-dom/cjs/react-dom.development.js[2m:86:30)[22m[2m[22m
[2m      [2mat error ([22m[2mnode_modules/react-dom/cjs/react-dom.development.js[2m:60:7)[22m[2m[22m
[2m      [2mat warnIfUpdatesNotWrappedWithActDEV ([22m[2mnode_modules/react-dom/cjs/react-dom.development.js[2m:27589:9)[22m[2m[22m
[2m      [2mat scheduleUpdateOnFiber ([22m[2mnode_modules/react-dom/cjs/react-dom.development.js[2m:25508:5)[22m[2m[22m
[2m      [2mat dispatchSetState ([22m[2mnode_modules/react-dom/cjs/react-dom.development.js[2m:17527:7)[22m[2m[22m
[2m      [2mat _updateFieldArray ([22m[2mnode_modules/react-hook-form/src/useFieldArray.ts[2m:300:13)[22m[2m[22m
[2m      [2mat replace ([22m[2msrc/components/UserAccount/Tab/AccountInformationForm.tsx[2m:63:5)[22m[2m[22m
[2m      [2mat commitHookEffectListMount ([22m[2mnode_modules/react-dom/cjs/react-dom.development.js[2m:23150:26)[22m[2m[22m
[2m      [2mat commitPassiveMountOnFiber ([22m[2mnode_modules/react-dom/cjs/react-dom.development.js[2m:24931:11)[22m[2m[22m
[2m      [2mat commitPassiveMountEffects_complete ([22m[2mnode_modules/react-dom/cjs/react-dom.development.js[2m:24891:9)[22m[2m[22m
[2m      [2mat commitPassiveMountEffects_begin ([22m[2mnode_modules/react-dom/cjs/react-dom.development.js[2m:24878:7)[22m[2m[22m
[2m      [2mat commitPassiveMountEffects ([22m[2mnode_modules/react-dom/cjs/react-dom.development.js[2m:24866:3)[22m[2m[22m
[2m      [2mat flushPassiveEffectsImpl ([22m[2mnode_modules/react-dom/cjs/react-dom.development.js[2m:27039:3)[22m[2m[22m
[2m      [2mat flushPassiveEffects ([22m[2mnode_modules/react-dom/cjs/react-dom.development.js[2m:26984:14)[22m[2m[22m
[2m      [2mat commitRootImpl ([22m[2mnode_modules/react-dom/cjs/react-dom.development.js[2m:26935:5)[22m[2m[22m
[2m      [2mat commitRoot ([22m[2mnode_modules/react-dom/cjs/react-dom.development.js[2m:26682:5)[22m[2m[22m
[2m      [2mat performSyncWorkOnRoot ([22m[2mnode_modules/react-dom/cjs/react-dom.development.js[2m:26117:3)[22m[2m[22m
[2m      [2mat flushSyncCallbacks ([22m[2mnode_modules/react-dom/cjs/react-dom.development.js[2m:12042:22)[22m[2m[22m
[2m      [2mat [22m[2mnode_modules/react-dom/cjs/react-dom.development.js[2m:25651:13[22m[2m[22m

    [2m[31mconsole.error[39m[22m
[31m      Warning: An update to AccountInformationForm inside a test was not wrapped in act(...).[39m
[31m      [39m
[31m      When testing, code that causes React state updates should be wrapped into act(...):[39m
[31m      [39m
[31m      act(() => {[39m
[31m        /* fire events that update state */[39m
[31m      });[39m
[31m      /* assert on the output */[39m
[31m      [39m
[31m      This ensures that you're testing the behavior the user would see in the browser. Learn more at https://reactjs.org/link/wrap-tests-with-act[39m
[31m          at data (/home/bradleyjerome/projects/metrolinx/next.upexpress.com/src/components/UserAccount/Tab/AccountInformationForm.tsx:36:42)[39m
[31m          at form[39m
[31m          at div[39m
[31m          at div[39m
[31m          at div[39m
[31m          at Object.<anonymous>.exports.FormProvider (/home/bradleyjerome/projects/metrolinx/next.upexpress.com/node_modules/react-hook-form/src/useFormContext.tsx:77:5)[39m
[31m          at user (/home/bradleyjerome/projects/metrolinx/next.upexpress.com/src/components/UserAccount/Tab/AccountInformation.tsx:24:61)[39m
[31m          at useLoadableModule (/home/bradleyjerome/projects/metrolinx/next.upexpress.com/node_modules/next/src/shared/lib/loadable.shared-runtime.tsx:124:5)[39m
[31m          at section[39m
[31m          at div[39m
[31m          at div[39m
[31m          at div[39m
[31m          at div[39m
[31m          at children (/home/bradleyjerome/projects/metrolinx/next.upexpress.com/src/components/UserAccount/UserAccountWrapper.tsx:21:20)[39m
[31m          at page (/home/bradleyjerome/projects/metrolinx/next.upexpress.com/src/components/UserAccount/UserAccount.tsx:35:58)[39m
[2m[22m
[2m    [0m [90m 62 |[39m   useEffect(() [33m=>[39m {[22m
[2m     [90m 63 |[39m     replace([])[33m;[39m[22m
[2m    [31m[1m>[22m[2m[39m[90m 64 |[39m     append(data[33m?[39m[33m.[39mprestoCards[33m?[39m[33m.[39mlength [33m>[39m [35m0[39m [33m?[39m data[33m?[39m[33m.[39mprestoCards [33m:[39m emptyCardData[33m,[39m {[22m
[2m     [90m    |[39m     [31m[1m^[22m[2m[39m[22m
[2m     [90m 65 |[39m       shouldFocus[33m:[39m [36mfalse[39m[33m,[39m[22m
[2m     [90m 66 |[39m     })[33m;[39m[22m
[2m     [90m 67 |[39m   }[33m,[39m [append[33m,[39m data[33m,[39m replace])[33m;[39m[0m[22m
[2m[22m
[2m      [2mat printWarning ([22m[2mnode_modules/react-dom/cjs/react-dom.development.js[2m:86:30)[22m[2m[22m
[2m      [2mat error ([22m[2mnode_modules/react-dom/cjs/react-dom.development.js[2m:60:7)[22m[2m[22m
[2m      [2mat warnIfUpdatesNotWrappedWithActDEV ([22m[2mnode_modules/react-dom/cjs/react-dom.development.js[2m:27589:9)[22m[2m[22m
[2m      [2mat scheduleUpdateOnFiber ([22m[2mnode_modules/react-dom/cjs/react-dom.development.js[2m:25508:5)[22m[2m[22m
[2m      [2mat dispatchSetState ([22m[2mnode_modules/react-dom/cjs/react-dom.development.js[2m:17527:7)[22m[2m[22m
[2m      [2mat _updateFieldArray ([22m[2mnode_modules/react-hook-form/src/useFieldArray.ts[2m:165:13)[22m[2m[22m
[2m      [2mat append ([22m[2msrc/components/UserAccount/Tab/AccountInformationForm.tsx[2m:64:5)[22m[2m[22m
[2m      [2mat commitHookEffectListMount ([22m[2mnode_modules/react-dom/cjs/react-dom.development.js[2m:23150:26)[22m[2m[22m
[2m      [2mat commitPassiveMountOnFiber ([22m[2mnode_modules/react-dom/cjs/react-dom.development.js[2m:24931:11)[22m[2m[22m
[2m      [2mat commitPassiveMountEffects_complete ([22m[2mnode_modules/react-dom/cjs/react-dom.development.js[2m:24891:9)[22m[2m[22m
[2m      [2mat commitPassiveMountEffects_begin ([22m[2mnode_modules/react-dom/cjs/react-dom.development.js[2m:24878:7)[22m[2m[22m
[2m      [2mat commitPassiveMountEffects ([22m[2mnode_modules/react-dom/cjs/react-dom.development.js[2m:24866:3)[22m[2m[22m
[2m      [2mat flushPassiveEffectsImpl ([22m[2mnode_modules/react-dom/cjs/react-dom.development.js[2m:27039:3)[22m[2m[22m
[2m      [2mat flushPassiveEffects ([22m[2mnode_modules/react-dom/cjs/react-dom.development.js[2m:26984:14)[22m[2m[22m
[2m      [2mat commitRootImpl ([22m[2mnode_modules/react-dom/cjs/react-dom.development.js[2m:26935:5)[22m[2m[22m
[2m      [2mat commitRoot ([22m[2mnode_modules/react-dom/cjs/react-dom.development.js[2m:26682:5)[22m[2m[22m
[2m      [2mat performSyncWorkOnRoot ([22m[2mnode_modules/react-dom/cjs/react-dom.development.js[2m:26117:3)[22m[2m[22m
[2m      [2mat flushSyncCallbacks ([22m[2mnode_modules/react-dom/cjs/react-dom.development.js[2m:12042:22)[22m[2m[22m
[2m      [2mat [22m[2mnode_modules/react-dom/cjs/react-dom.development.js[2m:25651:13[22m[2m[22m

    [2m[31mconsole.error[39m[22m
[31m      Warning: An update to AccountInformation inside a test was not wrapped in act(...).[39m
[31m      [39m
[31m      When testing, code that causes React state updates should be wrapped into act(...):[39m
[31m      [39m
[31m      act(() => {[39m
[31m        /* fire events that update state */[39m
[31m      });[39m
[31m      /* assert on the output */[39m
[31m      [39m
[31m      This ensures that you're testing the behavior the user would see in the browser. Learn more at https://reactjs.org/link/wrap-tests-with-act[39m
[31m          at user (/home/bradleyjerome/projects/metrolinx/next.upexpress.com/src/components/UserAccount/Tab/AccountInformation.tsx:24:61)[39m
[31m          at useLoadableModule (/home/bradleyjerome/projects/metrolinx/next.upexpress.com/node_modules/next/src/shared/lib/loadable.shared-runtime.tsx:124:5)[39m
[31m          at section[39m
[31m          at div[39m
[31m          at div[39m
[31m          at div[39m
[31m          at div[39m
[31m          at children (/home/bradleyjerome/projects/metrolinx/next.upexpress.com/src/components/UserAccount/UserAccountWrapper.tsx:21:20)[39m
[31m          at page (/home/bradleyjerome/projects/metrolinx/next.upexpress.com/src/components/UserAccount/UserAccount.tsx:35:58)[39m
[2m[22m
[2m    [0m [90m 63 |[39m         prestoCards[33m:[39m user[33m.[39mprestoCards [33m?[39m[33m?[39m emptyCardData[33m,[39m[22m
[2m     [90m 64 |[39m       }[33m;[39m[22m
[2m    [31m[1m>[22m[2m[39m[90m 65 |[39m       setData(formData)[33m;[39m[22m
[2m     [90m    |[39m       [31m[1m^[22m[2m[39m[22m
[2m     [90m 66 |[39m     }[22m
[2m     [90m 67 |[39m   }[33m,[39m [user])[33m;[39m[22m
[2m     [90m 68 |[39m[0m[22m
[2m[22m
[2m      [2mat printWarning ([22m[2mnode_modules/react-dom/cjs/react-dom.development.js[2m:86:30)[22m[2m[22m
[2m      [2mat error ([22m[2mnode_modules/react-dom/cjs/react-dom.development.js[2m:60:7)[22m[2m[22m
[2m      [2mat warnIfUpdatesNotWrappedWithActDEV ([22m[2mnode_modules/react-dom/cjs/react-dom.development.js[2m:27589:9)[22m[2m[22m
[2m      [2mat scheduleUpdateOnFiber ([22m[2mnode_modules/react-dom/cjs/react-dom.development.js[2m:25508:5)[22m[2m[22m
[2m      [2mat dispatchSetState ([22m[2mnode_modules/react-dom/cjs/react-dom.development.js[2m:17527:7)[22m[2m[22m
[2m      [2mat setData ([22m[2msrc/components/UserAccount/Tab/AccountInformation.tsx[2m:65:7)[22m[2m[22m
[2m      [2mat commitHookEffectListMount ([22m[2mnode_modules/react-dom/cjs/react-dom.development.js[2m:23150:26)[22m[2m[22m
[2m      [2mat commitPassiveMountOnFiber ([22m[2mnode_modules/react-dom/cjs/react-dom.development.js[2m:24931:11)[22m[2m[22m
[2m      [2mat commitPassiveMountEffects_complete ([22m[2mnode_modules/react-dom/cjs/react-dom.development.js[2m:24891:9)[22m[2m[22m
[2m      [2mat commitPassiveMountEffects_begin ([22m[2mnode_modules/react-dom/cjs/react-dom.development.js[2m:24878:7)[22m[2m[22m
[2m      [2mat commitPassiveMountEffects ([22m[2mnode_modules/react-dom/cjs/react-dom.development.js[2m:24866:3)[22m[2m[22m
[2m      [2mat flushPassiveEffectsImpl ([22m[2mnode_modules/react-dom/cjs/react-dom.development.js[2m:27039:3)[22m[2m[22m
[2m      [2mat flushPassiveEffects ([22m[2mnode_modules/react-dom/cjs/react-dom.development.js[2m:26984:14)[22m[2m[22m
[2m      [2mat commitRootImpl ([22m[2mnode_modules/react-dom/cjs/react-dom.development.js[2m:26935:5)[22m[2m[22m
[2m      [2mat commitRoot ([22m[2mnode_modules/react-dom/cjs/react-dom.development.js[2m:26682:5)[22m[2m[22m
[2m      [2mat performSyncWorkOnRoot ([22m[2mnode_modules/react-dom/cjs/react-dom.development.js[2m:26117:3)[22m[2m[22m
[2m      [2mat flushSyncCallbacks ([22m[2mnode_modules/react-dom/cjs/react-dom.development.js[2m:12042:22)[22m[2m[22m
[2m      [2mat [22m[2mnode_modules/react-dom/cjs/react-dom.development.js[2m:25651:13[22m[2m[22m

    [2m[31mconsole.error[39m[22m
[31m      Warning: An update to CountriesSelectContainer inside a test was not wrapped in act(...).[39m
[31m      [39m
[31m      When testing, code that causes React state updates should be wrapped into act(...):[39m
[31m      [39m
[31m      act(() => {[39m
[31m        /* fire events that update state */[39m
[31m      });[39m
[31m      /* assert on the output */[39m
[31m      [39m
[31m      This ensures that you're testing the behavior the user would see in the browser. Learn more at https://reactjs.org/link/wrap-tests-with-act[39m
[31m          at children (/home/bradleyjerome/projects/metrolinx/next.upexpress.com/src/components/CountriesSelectContainer/CountriesSelectContainer.tsx:20:44)[39m
[31m          at div[39m
[31m          at data (/home/bradleyjerome/projects/metrolinx/next.upexpress.com/src/components/UserAccount/Tab/AccountInformationForm.tsx:36:42)[39m
[31m          at form[39m
[31m          at div[39m
[31m          at div[39m
[31m          at div[39m
[31m          at Object.<anonymous>.exports.FormProvider (/home/bradleyjerome/projects/metrolinx/next.upexpress.com/node_modules/react-hook-form/src/useFormContext.tsx:77:5)[39m
[31m          at user (/home/bradleyjerome/projects/metrolinx/next.upexpress.com/src/components/UserAccount/Tab/AccountInformation.tsx:24:61)[39m
[31m          at useLoadableModule (/home/bradleyjerome/projects/metrolinx/next.upexpress.com/node_modules/next/src/shared/lib/loadable.shared-runtime.tsx:124:5)[39m
[31m          at section[39m
[31m          at div[39m
[31m          at div[39m
[31m          at div[39m
[31m          at div[39m
[31m          at children (/home/bradleyjerome/projects/metrolinx/next.upexpress.com/src/components/UserAccount/UserAccountWrapper.tsx:21:20)[39m
[31m          at page (/home/bradleyjerome/projects/metrolinx/next.upexpress.com/src/components/UserAccount/UserAccount.tsx:35:58)[39m
[2m[22m
[2m      [2mat printWarning ([22m[2mnode_modules/react-dom/cjs/react-dom.development.js[2m:86:30)[22m[2m[22m
[2m      [2mat error ([22m[2mnode_modules/react-dom/cjs/react-dom.development.js[2m:60:7)[22m[2m[22m
[2m      [2mat warnIfUpdatesNotWrappedWithActDEV ([22m[2mnode_modules/react-dom/cjs/react-dom.development.js[2m:27589:9)[22m[2m[22m
[2m      [2mat scheduleUpdateOnFiber ([22m[2mnode_modules/react-dom/cjs/react-dom.development.js[2m:25508:5)[22m[2m[22m
[2m      [2mat forceStoreRerender ([22m[2mnode_modules/react-dom/cjs/react-dom.development.js[2m:16977:5)[22m[2m[22m
[2m      [2mat handleStoreChange ([22m[2mnode_modules/react-dom/cjs/react-dom.development.js[2m:16953:7)[22m[2m[22m
[2m      [2mat [22m[2mnode_modules/swr/dist/index/index.js[2m:244:42[22m[2m[22m
[2m      [2mat Array.setter ([22m[2mnode_modules/swr/dist/_internal/config-context-client-BKoingCI.js[2m:435:21)[22m[2m[22m
[2m      [2mat [22m[2mnode_modules/swr/dist/_internal/config-context-client-BKoingCI.js[2m:70:25[22m[2m[22m
[2m      [2mat finishRequestAndUpdateState ([22m[2mnode_modules/swr/dist/index/index.js[2m:317:13)[22m[2m[22m
[2m      [2mat [22m[2mnode_modules/swr/dist/index/index.js[2m:451:9[22m[2m[22m

[0m[7m[1m[32m PASS [39m[22m[27m[0m [2msrc/components/UserAccount/Tab/__tests__/[22m[1mAccountInformation.spec.tsx[22m ([0m[1m[41m10.089 s[49m[22m[0m)
  [1m● [22mConsole

    [2m[31mconsole.error[39m[22m
[31m      Warning: An update to CountriesSelectContainer inside a test was not wrapped in act(...).[39m
[31m      [39m
[31m      When testing, code that causes React state updates should be wrapped into act(...):[39m
[31m      [39m
[31m      act(() => {[39m
[31m        /* fire events that update state */[39m
[31m      });[39m
[31m      /* assert on the output */[39m
[31m      [39m
[31m      This ensures that you're testing the behavior the user would see in the browser. Learn more at https://reactjs.org/link/wrap-tests-with-act[39m
[31m          at children (/home/bradleyjerome/projects/metrolinx/next.upexpress.com/src/components/CountriesSelectContainer/CountriesSelectContainer.tsx:20:44)[39m
[31m          at div[39m
[31m          at data (/home/bradleyjerome/projects/metrolinx/next.upexpress.com/src/components/UserAccount/Tab/AccountInformationForm.tsx:36:42)[39m
[31m          at form[39m
[31m          at div[39m
[31m          at div[39m
[31m          at div[39m
[31m          at Object.<anonymous>.exports.FormProvider (/home/bradleyjerome/projects/metrolinx/next.upexpress.com/node_modules/react-hook-form/src/useFormContext.tsx:77:5)[39m
[31m          at user (/home/bradleyjerome/projects/metrolinx/next.upexpress.com/src/components/UserAccount/Tab/AccountInformation.tsx:24:61)[39m
[2m[22m
[2m      [2mat printWarning ([22m[2mnode_modules/react-dom/cjs/react-dom.development.js[2m:86:30)[22m[2m[22m
[2m      [2mat error ([22m[2mnode_modules/react-dom/cjs/react-dom.development.js[2m:60:7)[22m[2m[22m
[2m      [2mat warnIfUpdatesNotWrappedWithActDEV ([22m[2mnode_modules/react-dom/cjs/react-dom.development.js[2m:27589:9)[22m[2m[22m
[2m      [2mat scheduleUpdateOnFiber ([22m[2mnode_modules/react-dom/cjs/react-dom.development.js[2m:25508:5)[22m[2m[22m
[2m      [2mat forceStoreRerender ([22m[2mnode_modules/react-dom/cjs/react-dom.development.js[2m:16977:5)[22m[2m[22m
[2m      [2mat handleStoreChange ([22m[2mnode_modules/react-dom/cjs/react-dom.development.js[2m:16953:7)[22m[2m[22m
[2m      [2mat [22m[2mnode_modules/swr/dist/index/index.js[2m:244:42[22m[2m[22m
[2m      [2mat Array.setter ([22m[2mnode_modules/swr/dist/_internal/config-context-client-BKoingCI.js[2m:435:21)[22m[2m[22m
[2m      [2mat [22m[2mnode_modules/swr/dist/_internal/config-context-client-BKoingCI.js[2m:70:25[22m[2m[22m
[2m      [2mat finishRequestAndUpdateState ([22m[2mnode_modules/swr/dist/index/index.js[2m:317:13)[22m[2m[22m
[2m      [2mat [22m[2mnode_modules/swr/dist/index/index.js[2m:451:9[22m[2m[22m

    [2m[31mconsole.error[39m[22m
[31m      Warning: An update to StatesSelectContainer inside a test was not wrapped in act(...).[39m
[31m      [39m
[31m      When testing, code that causes React state updates should be wrapped into act(...):[39m
[31m      [39m
[31m      act(() => {[39m
[31m        /* fire events that update state */[39m
[31m      });[39m
[31m      /* assert on the output */[39m
[31m      [39m
[31m      This ensures that you're testing the behavior the user would see in the browser. Learn more at https://reactjs.org/link/wrap-tests-with-act[39m
[31m          at countryCode (/home/bradleyjerome/projects/metrolinx/next.upexpress.com/src/components/StatesSelectContainer/StatesSelectContainer.tsx:21:41)[39m
[31m          at div[39m
[31m          at data (/home/bradleyjerome/projects/metrolinx/next.upexpress.com/src/components/UserAccount/Tab/AccountInformationForm.tsx:36:42)[39m
[31m          at form[39m
[31m          at div[39m
[31m          at div[39m
[31m          at div[39m
[31m          at Object.<anonymous>.exports.FormProvider (/home/bradleyjerome/projects/metrolinx/next.upexpress.com/node_modules/react-hook-form/src/useFormContext.tsx:77:5)[39m
[31m          at user (/home/bradleyjerome/projects/metrolinx/next.upexpress.com/src/components/UserAccount/Tab/AccountInformation.tsx:24:61)[39m
[2m[22m
[2m      [2mat printWarning ([22m[2mnode_modules/react-dom/cjs/react-dom.development.js[2m:86:30)[22m[2m[22m
[2m      [2mat error ([22m[2mnode_modules/react-dom/cjs/react-dom.development.js[2m:60:7)[22m[2m[22m
[2m      [2mat warnIfUpdatesNotWrappedWithActDEV ([22m[2mnode_modules/react-dom/cjs/react-dom.development.js[2m:27589:9)[22m[2m[22m
[2m      [2mat scheduleUpdateOnFiber ([22m[2mnode_modules/react-dom/cjs/react-dom.development.js[2m:25508:5)[22m[2m[22m
[2m      [2mat forceStoreRerender ([22m[2mnode_modules/react-dom/cjs/react-dom.development.js[2m:16977:5)[22m[2m[22m
[2m      [2mat handleStoreChange ([22m[2mnode_modules/react-dom/cjs/react-dom.development.js[2m:16953:7)[22m[2m[22m
[2m      [2mat [22m[2mnode_modules/swr/dist/index/index.js[2m:244:42[22m[2m[22m
[2m      [2mat Array.setter ([22m[2mnode_modules/swr/dist/_internal/config-context-client-BKoingCI.js[2m:435:21)[22m[2m[22m
[2m      [2mat [22m[2mnode_modules/swr/dist/_internal/config-context-client-BKoingCI.js[2m:70:25[22m[2m[22m
[2m      [2mat finishRequestAndUpdateState ([22m[2mnode_modules/swr/dist/index/index.js[2m:317:13)[22m[2m[22m
[2m      [2mat [22m[2mnode_modules/swr/dist/index/index.js[2m:451:9[22m[2m[22m

    [2m[31mconsole.error[39m[22m
[31m      Warning: An update to CountriesSelectContainer inside a test was not wrapped in act(...).[39m
[31m      [39m
[31m      When testing, code that causes React state updates should be wrapped into act(...):[39m
[31m      [39m
[31m      act(() => {[39m
[31m        /* fire events that update state */[39m
[31m      });[39m
[31m      /* assert on the output */[39m
[31m      [39m
[31m      This ensures that you're testing the behavior the user would see in the browser. Learn more at https://reactjs.org/link/wrap-tests-with-act[39m
[31m          at children (/home/bradleyjerome/projects/metrolinx/next.upexpress.com/src/components/CountriesSelectContainer/CountriesSelectContainer.tsx:20:44)[39m
[31m          at div[39m
[31m          at data (/home/bradleyjerome/projects/metrolinx/next.upexpress.com/src/components/UserAccount/Tab/AccountInformationForm.tsx:36:42)[39m
[31m          at form[39m
[31m          at div[39m
[31m          at div[39m
[31m          at div[39m
[31m          at Object.<anonymous>.exports.FormProvider (/home/bradleyjerome/projects/metrolinx/next.upexpress.com/node_modules/react-hook-form/src/useFormContext.tsx:77:5)[39m
[31m          at user (/home/bradleyjerome/projects/metrolinx/next.upexpress.com/src/components/UserAccount/Tab/AccountInformation.tsx:24:61)[39m
[2m[22m
[2m      [2mat printWarning ([22m[2mnode_modules/react-dom/cjs/react-dom.development.js[2m:86:30)[22m[2m[22m
[2m      [2mat error ([22m[2mnode_modules/react-dom/cjs/react-dom.development.js[2m:60:7)[22m[2m[22m
[2m      [2mat warnIfUpdatesNotWrappedWithActDEV ([22m[2mnode_modules/react-dom/cjs/react-dom.development.js[2m:27589:9)[22m[2m[22m
[2m      [2mat scheduleUpdateOnFiber ([22m[2mnode_modules/react-dom/cjs/react-dom.development.js[2m:25508:5)[22m[2m[22m
[2m      [2mat forceStoreRerender ([22m[2mnode_modules/react-dom/cjs/react-dom.development.js[2m:16977:5)[22m[2m[22m
[2m      [2mat handleStoreChange ([22m[2mnode_modules/react-dom/cjs/react-dom.development.js[2m:16953:7)[22m[2m[22m
[2m      [2mat [22m[2mnode_modules/swr/dist/index/index.js[2m:244:42[22m[2m[22m
[2m      [2mat Array.setter ([22m[2mnode_modules/swr/dist/_internal/config-context-client-BKoingCI.js[2m:435:21)[22m[2m[22m
[2m      [2mat [22m[2mnode_modules/swr/dist/_internal/config-context-client-BKoingCI.js[2m:70:25[22m[2m[22m
[2m      [2mat finishRequestAndUpdateState ([22m[2mnode_modules/swr/dist/index/index.js[2m:317:13)[22m[2m[22m
[2m      [2mat [22m[2mnode_modules/swr/dist/index/index.js[2m:451:9[22m[2m[22m

    [2m[31mconsole.error[39m[22m
[31m      Warning: An update to StatesSelectContainer inside a test was not wrapped in act(...).[39m
[31m      [39m
[31m      When testing, code that causes React state updates should be wrapped into act(...):[39m
[31m      [39m
[31m      act(() => {[39m
[31m        /* fire events that update state */[39m
[31m      });[39m
[31m      /* assert on the output */[39m
[31m      [39m
[31m      This ensures that you're testing the behavior the user would see in the browser. Learn more at https://reactjs.org/link/wrap-tests-with-act[39m
[31m          at countryCode (/home/bradleyjerome/projects/metrolinx/next.upexpress.com/src/components/StatesSelectContainer/StatesSelectContainer.tsx:21:41)[39m
[31m          at div[39m
[31m          at data (/home/bradleyjerome/projects/metrolinx/next.upexpress.com/src/components/UserAccount/Tab/AccountInformationForm.tsx:36:42)[39m
[31m          at form[39m
[31m          at div[39m
[31m          at div[39m
[31m          at div[39m
[31m          at Object.<anonymous>.exports.FormProvider (/home/bradleyjerome/projects/metrolinx/next.upexpress.com/node_modules/react-hook-form/src/useFormContext.tsx:77:5)[39m
[31m          at user (/home/bradleyjerome/projects/metrolinx/next.upexpress.com/src/components/UserAccount/Tab/AccountInformation.tsx:24:61)[39m
[2m[22m
[2m      [2mat printWarning ([22m[2mnode_modules/react-dom/cjs/react-dom.development.js[2m:86:30)[22m[2m[22m
[2m      [2mat error ([22m[2mnode_modules/react-dom/cjs/react-dom.development.js[2m:60:7)[22m[2m[22m
[2m      [2mat warnIfUpdatesNotWrappedWithActDEV ([22m[2mnode_modules/react-dom/cjs/react-dom.development.js[2m:27589:9)[22m[2m[22m
[2m      [2mat scheduleUpdateOnFiber ([22m[2mnode_modules/react-dom/cjs/react-dom.development.js[2m:25508:5)[22m[2m[22m
[2m      [2mat forceStoreRerender ([22m[2mnode_modules/react-dom/cjs/react-dom.development.js[2m:16977:5)[22m[2m[22m
[2m      [2mat handleStoreChange ([22m[2mnode_modules/react-dom/cjs/react-dom.development.js[2m:16953:7)[22m[2m[22m
[2m      [2mat [22m[2mnode_modules/swr/dist/index/index.js[2m:244:42[22m[2m[22m
[2m      [2mat Array.setter ([22m[2mnode_modules/swr/dist/_internal/config-context-client-BKoingCI.js[2m:435:21)[22m[2m[22m
[2m      [2mat [22m[2mnode_modules/swr/dist/_internal/config-context-client-BKoingCI.js[2m:70:25[22m[2m[22m
[2m      [2mat finishRequestAndUpdateState ([22m[2mnode_modules/swr/dist/index/index.js[2m:317:13)[22m[2m[22m
[2m      [2mat [22m[2mnode_modules/swr/dist/index/index.js[2m:451:9[22m[2m[22m

    [2m[31mconsole.error[39m[22m
[31m      Warning: An update to CountriesSelectContainer inside a test was not wrapped in act(...).[39m
[31m      [39m
[31m      When testing, code that causes React state updates should be wrapped into act(...):[39m
[31m      [39m
[31m      act(() => {[39m
[31m        /* fire events that update state */[39m
[31m      });[39m
[31m      /* assert on the output */[39m
[31m      [39m
[31m      This ensures that you're testing the behavior the user would see in the browser. Learn more at https://reactjs.org/link/wrap-tests-with-act[39m
[31m          at children (/home/bradleyjerome/projects/metrolinx/next.upexpress.com/src/components/CountriesSelectContainer/CountriesSelectContainer.tsx:20:44)[39m
[31m          at div[39m
[31m          at data (/home/bradleyjerome/projects/metrolinx/next.upexpress.com/src/components/UserAccount/Tab/AccountInformationForm.tsx:36:42)[39m
[31m          at form[39m
[31m          at div[39m
[31m          at div[39m
[31m          at div[39m
[31m          at Object.<anonymous>.exports.FormProvider (/home/bradleyjerome/projects/metrolinx/next.upexpress.com/node_modules/react-hook-form/src/useFormContext.tsx:77:5)[39m
[31m          at user (/home/bradleyjerome/projects/metrolinx/next.upexpress.com/src/components/UserAccount/Tab/AccountInformation.tsx:24:61)[39m
[2m[22m
[2m      [2mat printWarning ([22m[2mnode_modules/react-dom/cjs/react-dom.development.js[2m:86:30)[22m[2m[22m
[2m      [2mat error ([22m[2mnode_modules/react-dom/cjs/react-dom.development.js[2m:60:7)[22m[2m[22m
[2m      [2mat warnIfUpdatesNotWrappedWithActDEV ([22m[2mnode_modules/react-dom/cjs/react-dom.development.js[2m:27589:9)[22m[2m[22m
[2m      [2mat scheduleUpdateOnFiber ([22m[2mnode_modules/react-dom/cjs/react-dom.development.js[2m:25508:5)[22m[2m[22m
[2m      [2mat forceStoreRerender ([22m[2mnode_modules/react-dom/cjs/react-dom.development.js[2m:16977:5)[22m[2m[22m
[2m      [2mat handleStoreChange ([22m[2mnode_modules/react-dom/cjs/react-dom.development.js[2m:16953:7)[22m[2m[22m
[2m      [2mat [22m[2mnode_modules/swr/dist/index/index.js[2m:244:42[22m[2m[22m
[2m      [2mat Array.setter ([22m[2mnode_modules/swr/dist/_internal/config-context-client-BKoingCI.js[2m:435:21)[22m[2m[22m
[2m      [2mat [22m[2mnode_modules/swr/dist/_internal/config-context-client-BKoingCI.js[2m:70:25[22m[2m[22m
[2m      [2mat finishRequestAndUpdateState ([22m[2mnode_modules/swr/dist/index/index.js[2m:317:13)[22m[2m[22m
[2m      [2mat [22m[2mnode_modules/swr/dist/index/index.js[2m:451:9[22m[2m[22m

    [2m[31mconsole.error[39m[22m
[31m      Warning: An update to StatesSelectContainer inside a test was not wrapped in act(...).[39m
[31m      [39m
[31m      When testing, code that causes React state updates should be wrapped into act(...):[39m
[31m      [39m
[31m      act(() => {[39m
[31m        /* fire events that update state */[39m
[31m      });[39m
[31m      /* assert on the output */[39m
[31m      [39m
[31m      This ensures that you're testing the behavior the user would see in the browser. Learn more at https://reactjs.org/link/wrap-tests-with-act[39m
[31m          at countryCode (/home/bradleyjerome/projects/metrolinx/next.upexpress.com/src/components/StatesSelectContainer/StatesSelectContainer.tsx:21:41)[39m
[31m          at div[39m
[31m          at data (/home/bradleyjerome/projects/metrolinx/next.upexpress.com/src/components/UserAccount/Tab/AccountInformationForm.tsx:36:42)[39m
[31m          at form[39m
[31m          at div[39m
[31m          at div[39m
[31m          at div[39m
[31m          at Object.<anonymous>.exports.FormProvider (/home/bradleyjerome/projects/metrolinx/next.upexpress.com/node_modules/react-hook-form/src/useFormContext.tsx:77:5)[39m
[31m          at user (/home/bradleyjerome/projects/metrolinx/next.upexpress.com/src/components/UserAccount/Tab/AccountInformation.tsx:24:61)[39m
[2m[22m
[2m      [2mat printWarning ([22m[2mnode_modules/react-dom/cjs/react-dom.development.js[2m:86:30)[22m[2m[22m
[2m      [2mat error ([22m[2mnode_modules/react-dom/cjs/react-dom.development.js[2m:60:7)[22m[2m[22m
[2m      [2mat warnIfUpdatesNotWrappedWithActDEV ([22m[2mnode_modules/react-dom/cjs/react-dom.development.js[2m:27589:9)[22m[2m[22m
[2m      [2mat scheduleUpdateOnFiber ([22m[2mnode_modules/react-dom/cjs/react-dom.development.js[2m:25508:5)[22m[2m[22m
[2m      [2mat forceStoreRerender ([22m[2mnode_modules/react-dom/cjs/react-dom.development.js[2m:16977:5)[22m[2m[22m
[2m      [2mat handleStoreChange ([22m[2mnode_modules/react-dom/cjs/react-dom.development.js[2m:16953:7)[22m[2m[22m
[2m      [2mat [22m[2mnode_modules/swr/dist/index/index.js[2m:244:42[22m[2m[22m
[2m      [2mat Array.setter ([22m[2mnode_modules/swr/dist/_internal/config-context-client-BKoingCI.js[2m:435:21)[22m[2m[22m
[2m      [2mat [22m[2mnode_modules/swr/dist/_internal/config-context-client-BKoingCI.js[2m:70:25[22m[2m[22m
[2m      [2mat finishRequestAndUpdateState ([22m[2mnode_modules/swr/dist/index/index.js[2m:317:13)[22m[2m[22m
[2m      [2mat [22m[2mnode_modules/swr/dist/index/index.js[2m:451:9[22m[2m[22m

    [2m[31mconsole.error[39m[22m
[31m      Warning: An update to CountriesSelectContainer inside a test was not wrapped in act(...).[39m
[31m      [39m
[31m      When testing, code that causes React state updates should be wrapped into act(...):[39m
[31m      [39m
[31m      act(() => {[39m
[31m        /* fire events that update state */[39m
[31m      });[39m
[31m      /* assert on the output */[39m
[31m      [39m
[31m      This ensures that you're testing the behavior the user would see in the browser. Learn more at https://reactjs.org/link/wrap-tests-with-act[39m
[31m          at children (/home/bradleyjerome/projects/metrolinx/next.upexpress.com/src/components/CountriesSelectContainer/CountriesSelectContainer.tsx:20:44)[39m
[31m          at div[39m
[31m          at data (/home/bradleyjerome/projects/metrolinx/next.upexpress.com/src/components/UserAccount/Tab/AccountInformationForm.tsx:36:42)[39m
[31m          at form[39m
[31m          at div[39m
[31m          at div[39m
[31m          at div[39m
[31m          at Object.<anonymous>.exports.FormProvider (/home/bradleyjerome/projects/metrolinx/next.upexpress.com/node_modules/react-hook-form/src/useFormContext.tsx:77:5)[39m
[31m          at user (/home/bradleyjerome/projects/metrolinx/next.upexpress.com/src/components/UserAccount/Tab/AccountInformation.tsx:24:61)[39m
[2m[22m
[2m      [2mat printWarning ([22m[2mnode_modules/react-dom/cjs/react-dom.development.js[2m:86:30)[22m[2m[22m
[2m      [2mat error ([22m[2mnode_modules/react-dom/cjs/react-dom.development.js[2m:60:7)[22m[2m[22m
[2m      [2mat warnIfUpdatesNotWrappedWithActDEV ([22m[2mnode_modules/react-dom/cjs/react-dom.development.js[2m:27589:9)[22m[2m[22m
[2m      [2mat scheduleUpdateOnFiber ([22m[2mnode_modules/react-dom/cjs/react-dom.development.js[2m:25508:5)[22m[2m[22m
[2m      [2mat forceStoreRerender ([22m[2mnode_modules/react-dom/cjs/react-dom.development.js[2m:16977:5)[22m[2m[22m
[2m      [2mat handleStoreChange ([22m[2mnode_modules/react-dom/cjs/react-dom.development.js[2m:16953:7)[22m[2m[22m
[2m      [2mat [22m[2mnode_modules/swr/dist/index/index.js[2m:244:42[22m[2m[22m
[2m      [2mat Array.setter ([22m[2mnode_modules/swr/dist/_internal/config-context-client-BKoingCI.js[2m:435:21)[22m[2m[22m
[2m      [2mat [22m[2mnode_modules/swr/dist/_internal/config-context-client-BKoingCI.js[2m:70:25[22m[2m[22m
[2m      [2mat finishRequestAndUpdateState ([22m[2mnode_modules/swr/dist/index/index.js[2m:317:13)[22m[2m[22m
[2m      [2mat [22m[2mnode_modules/swr/dist/index/index.js[2m:451:9[22m[2m[22m

    [2m[31mconsole.error[39m[22m
[31m      Warning: An update to StatesSelectContainer inside a test was not wrapped in act(...).[39m
[31m      [39m
[31m      When testing, code that causes React state updates should be wrapped into act(...):[39m
[31m      [39m
[31m      act(() => {[39m
[31m        /* fire events that update state */[39m
[31m      });[39m
[31m      /* assert on the output */[39m
[31m      [39m
[31m      This ensures that you're testing the behavior the user would see in the browser. Learn more at https://reactjs.org/link/wrap-tests-with-act[39m
[31m          at countryCode (/home/bradleyjerome/projects/metrolinx/next.upexpress.com/src/components/StatesSelectContainer/StatesSelectContainer.tsx:21:41)[39m
[31m          at div[39m
[31m          at data (/home/bradleyjerome/projects/metrolinx/next.upexpress.com/src/components/UserAccount/Tab/AccountInformationForm.tsx:36:42)[39m
[31m          at form[39m
[31m          at div[39m
[31m          at div[39m
[31m          at div[39m
[31m          at Object.<anonymous>.exports.FormProvider (/home/bradleyjerome/projects/metrolinx/next.upexpress.com/node_modules/react-hook-form/src/useFormContext.tsx:77:5)[39m
[31m          at user (/home/bradleyjerome/projects/metrolinx/next.upexpress.com/src/components/UserAccount/Tab/AccountInformation.tsx:24:61)[39m
[2m[22m
[2m      [2mat printWarning ([22m[2mnode_modules/react-dom/cjs/react-dom.development.js[2m:86:30)[22m[2m[22m
[2m      [2mat error ([22m[2mnode_modules/react-dom/cjs/react-dom.development.js[2m:60:7)[22m[2m[22m
[2m      [2mat warnIfUpdatesNotWrappedWithActDEV ([22m[2mnode_modules/react-dom/cjs/react-dom.development.js[2m:27589:9)[22m[2m[22m
[2m      [2mat scheduleUpdateOnFiber ([22m[2mnode_modules/react-dom/cjs/react-dom.development.js[2m:25508:5)[22m[2m[22m
[2m      [2mat forceStoreRerender ([22m[2mnode_modules/react-dom/cjs/react-dom.development.js[2m:16977:5)[22m[2m[22m
[2m      [2mat handleStoreChange ([22m[2mnode_modules/react-dom/cjs/react-dom.development.js[2m:16953:7)[22m[2m[22m
[2m      [2mat [22m[2mnode_modules/swr/dist/index/index.js[2m:244:42[22m[2m[22m
[2m      [2mat Array.setter ([22m[2mnode_modules/swr/dist/_internal/config-context-client-BKoingCI.js[2m:435:21)[22m[2m[22m
[2m      [2mat [22m[2mnode_modules/swr/dist/_internal/config-context-client-BKoingCI.js[2m:70:25[22m[2m[22m
[2m      [2mat finishRequestAndUpdateState ([22m[2mnode_modules/swr/dist/index/index.js[2m:317:13)[22m[2m[22m
[2m      [2mat [22m[2mnode_modules/swr/dist/index/index.js[2m:451:9[22m[2m[22m

[0m[7m[1m[32m PASS [39m[22m[27m[0m [2msrc/components/pages/Homepage/BuyTickets/__tests__/[22m[1mBuyTickets.spec.tsx[22m ([0m[1m[41m22.13 s[49m[22m[0m)
  [1m● [22mConsole

    [2m[31mconsole.error[39m[22m
[31m      Warning: Invalid DOM property `clip-path`. Did you mean `clipPath`?[39m
[31m          at g[39m
[31m          at svg[39m
[31m          at Object.<anonymous>.exports.Airplane (/home/bradleyjerome/projects/metrolinx/next.upexpress.com/node_modules/@metrolinx/cx-shared/src/components/svg/16/Airplane.tsx:4:15)[39m
[31m          at div[39m
[31m          at div[39m
[31m          at label (/home/bradleyjerome/projects/metrolinx/next.upexpress.com/src/components/pages/Homepage/BuyTickets/TripPlanning/LocationOption.tsx:23:60)[39m
[31m          at Object.<anonymous>.exports.Provider (/home/bradleyjerome/projects/metrolinx/next.upexpress.com/node_modules/@metrolinx/cx-shared/node_modules/react-aria-components/dist/utils.mjs:22:10)[39m
[31m          at div[39m
[31m          at L (/home/bradleyjerome/projects/metrolinx/next.upexpress.com/node_modules/@metrolinx/cx-shared/node_modules/react-aria-components/dist/ListBox.mjs:295:38)[39m
[31m          at Object.<anonymous>.exports.Provider (/home/bradleyjerome/projects/metrolinx/next.upexpress.com/node_modules/@metrolinx/cx-shared/node_modules/react-aria-components/dist/utils.mjs:22:10)[39m
[31m          at div[39m
[31m          at restoreFocus (/home/bradleyjerome/projects/metrolinx/next.upexpress.com/node_modules/@metrolinx/cx-shared/node_modules/@react-aria/focus/dist/FocusScope.mjs:23:49)[39m
[31m          at listBoxRef (/home/bradleyjerome/projects/metrolinx/next.upexpress.com/node_modules/@metrolinx/cx-shared/node_modules/react-aria-components/dist/ListBox.mjs:73:75)[39m
[31m          at $eed445e0843c11d0$export$7ff8f37d2d81a48d (/home/bradleyjerome/projects/metrolinx/next.upexpress.com/node_modules/@metrolinx/cx-shared/node_modules/react-aria-components/dist/ListBox.mjs:35:79)[39m
[31m          at div[39m
[31m          at restoreFocus (/home/bradleyjerome/projects/metrolinx/next.upexpress.com/node_modules/@metrolinx/cx-shared/node_modules/@react-aria/focus/dist/FocusScope.mjs:23:49)[39m
[31m          at Object.<anonymous>.exports.ClearPressResponder (/home/bradleyjerome/projects/metrolinx/next.upexpress.com/node_modules/@metrolinx/cx-shared/node_modules/@react-aria/interactions/dist/PressResponder.mjs:42:39)[39m
[31m          at portalContainer (/home/bradleyjerome/projects/metrolinx/next.upexpress.com/node_modules/@metrolinx/cx-shared/node_modules/@react-aria/overlays/dist/Overlay.mjs:29:11)[39m
[31m          at UNSTABLE_portalContainer (/home/bradleyjerome/projects/metrolinx/next.upexpress.com/node_modules/@metrolinx/cx-shared/node_modules/react-aria-components/dist/Popover.mjs:58:83)[39m
[31m          at $07b14b47974efb58$export$9b9a0cd73afb7ca4 (/home/bradleyjerome/projects/metrolinx/next.upexpress.com/node_modules/@metrolinx/cx-shared/node_modules/react-aria-components/dist/Popover.mjs:28:79)[39m
[31m          at div[39m
[31m          at Object.<anonymous>.exports.Provider (/home/bradleyjerome/projects/metrolinx/next.upexpress.com/node_modules/@metrolinx/cx-shared/node_modules/react-aria-components/dist/utils.mjs:22:10)[39m
[31m          at $82d7e5349645de74$export$7540cee5be7dc19b (/home/bradleyjerome/projects/metrolinx/next.upexpress.com/node_modules/@metrolinx/cx-shared/node_modules/react-aria-components/dist/Select.mjs:49:79)[39m
[31m          at div[39m
[31m          at shouldFocusWrap (/home/bradleyjerome/projects/metrolinx/next.upexpress.com/node_modules/@metrolinx/cx-shared/src/components/Select/Select.tsx:113:3)[39m
[31m          at div[39m
[31m          at id (/home/bradleyjerome/projects/metrolinx/next.upexpress.com/src/components/pages/Homepage/BuyTickets/TripPlanning/LocationField.tsx:77:3)[39m
[31m          at div[39m
[31m          at div[39m
[31m          at errors (/home/bradleyjerome/projects/metrolinx/next.upexpress.com/src/components/pages/Homepage/BuyTickets/TripPlanning/TripPlanning.tsx:38:41)[39m
[31m          at div[39m
[31m          at div[39m
[31m          at div[39m
[31m          at onSuccess (/home/bradleyjerome/projects/metrolinx/next.upexpress.com/src/components/pages/Homepage/BuyTickets/TicketForm.tsx:39:30)[39m
[31m          at children (/home/bradleyjerome/projects/metrolinx/next.upexpress.com/src/components/pages/Homepage/BuyTickets/context/BuyTicketsContext.tsx:26:38)[39m
[31m          at BuyTickets (/home/bradleyjerome/projects/metrolinx/next.upexpress.com/src/components/pages/Homepage/BuyTickets/BuyTickets.tsx:11:45)[39m
[31m          at children (/home/bradleyjerome/projects/metrolinx/next.upexpress.com/node_modules/next-auth/react/index.js:364:24)[39m
[2m[22m
[2m    [0m [90m 49 |[39m     })[33m;[39m[22m
[2m     [90m 50 |[39m[22m
[2m    [31m[1m>[22m[2m[39m[90m 51 |[39m     fireEvent[33m.[39mkeyDown(fromInput[33m,[39m [33mDOWN_ARROW[39m)[33m;[39m[22m
[2m     [90m    |[39m               [31m[1m^[22m[2m[39m[22m
[2m     [90m 52 |[39m[22m
[2m     [90m 53 |[39m     [36mawait[39m waitFor(() [33m=>[39m {[22m
[2m     [90m 54 |[39m       expect(getAllByTestId([32m"location-option"[39m)[[35m0[39m])[33m.[39mtoBeInTheDocument()[33m;[39m[0m[22m
[2m[22m
[2m      [2mat printWarning ([22m[2mnode_modules/react-dom/cjs/react-dom.development.js[2m:86:30)[22m[2m[22m
[2m      [2mat error ([22m[2mnode_modules/react-dom/cjs/react-dom.development.js[2m:60:7)[22m[2m[22m
[2m      [2mat validateProperty$1 ([22m[2mnode_modules/react-dom/cjs/react-dom.development.js[2m:3749:9)[22m[2m[22m
[2m      [2mat warnUnknownProperties ([22m[2mnode_modules/react-dom/cjs/react-dom.development.js[2m:3803:21)[22m[2m[22m
[2m      [2mat validateProperties$2 ([22m[2mnode_modules/react-dom/cjs/react-dom.development.js[2m:3827:3)[22m[2m[22m
[2m      [2mat validatePropertiesInDevelopment ([22m[2mnode_modules/react-dom/cjs/react-dom.development.js[2m:9541:5)[22m[2m[22m
[2m      [2mat setInitialProperties ([22m[2mnode_modules/react-dom/cjs/react-dom.development.js[2m:9830:5)[22m[2m[22m
[2m      [2mat finalizeInitialChildren ([22m[2mnode_modules/react-dom/cjs/react-dom.development.js[2m:10950:3)[22m[2m[22m
[2m      [2mat completeWork ([22m[2mnode_modules/react-dom/cjs/react-dom.development.js[2m:22193:17)[22m[2m[22m
[2m      [2mat completeUnitOfWork ([22m[2mnode_modules/react-dom/cjs/react-dom.development.js[2m:26593:16)[22m[2m[22m
[2m      [2mat performUnitOfWork ([22m[2mnode_modules/react-dom/cjs/react-dom.development.js[2m:26568:5)[22m[2m[22m
[2m      [2mat workLoopSync ([22m[2mnode_modules/react-dom/cjs/react-dom.development.js[2m:26466:5)[22m[2m[22m
[2m      [2mat renderRootSync ([22m[2mnode_modules/react-dom/cjs/react-dom.development.js[2m:26434:7)[22m[2m[22m
[2m      [2mat performSyncWorkOnRoot ([22m[2mnode_modules/react-dom/cjs/react-dom.development.js[2m:26085:20)[22m[2m[22m
[2m      [2mat flushSyncCallbacks ([22m[2mnode_modules/react-dom/cjs/react-dom.development.js[2m:12042:22)[22m[2m[22m
[2m      [2mat flushActQueue ([22m[2mnode_modules/react/cjs/react.development.js[2m:2667:24)[22m[2m[22m
[2m      [2mat act ([22m[2mnode_modules/react/cjs/react.development.js[2m:2582:11)[22m[2m[22m
[2m      [2mat [22m[2mnode_modules/@testing-library/react/dist/act-compat.js[2m:46:25[22m[2m[22m
[2m      [2mat Object.eventWrapper ([22m[2mnode_modules/@testing-library/react/dist/pure.js[2m:92:28)[22m[2m[22m
[2m      [2mat fireEvent ([22m[2mnode_modules/@testing-library/dom/dist/events.js[2m:12:35)[22m[2m[22m
[2m      [2mat Function.fireEvent.<computed> [as keyDown] ([22m[2mnode_modules/@testing-library/dom/dist/events.js[2m:110:36)[22m[2m[22m
[2m      [2mat Function.fireEvent.<computed> [as keyDown] ([22m[2mnode_modules/@testing-library/react/dist/fire-event.js[2m:15:52)[22m[2m[22m
[2m      [2mat Object.keyDown ([22m[2m[0m[36msrc/components/pages/Homepage/BuyTickets/__tests__/BuyTickets.spec.tsx[39m[0m[2m:51:15)[22m[2m[22m

    [2m[31mconsole.error[39m[22m
[31m      Warning: An update to ForwardRef(P) inside a test was not wrapped in act(...).[39m
[31m      [39m
[31m      When testing, code that causes React state updates should be wrapped into act(...):[39m
[31m      [39m
[31m      act(() => {[39m
[31m        /* fire events that update state */[39m
[31m      });[39m
[31m      /* assert on the output */[39m
[31m      [39m
[31m      This ensures that you're testing the behavior the user would see in the browser. Learn more at https://reactjs.org/link/wrap-tests-with-act[39m
[31m          at $82d7e5349645de74$export$7540cee5be7dc19b (/home/bradleyjerome/projects/metrolinx/next.upexpress.com/node_modules/@metrolinx/cx-shared/node_modules/react-aria-components/dist/Select.mjs:49:79)[39m
[31m          at div[39m
[31m          at shouldFocusWrap (/home/bradleyjerome/projects/metrolinx/next.upexpress.com/node_modules/@metrolinx/cx-shared/src/components/Select/Select.tsx:113:3)[39m
[31m          at div[39m
[31m          at id (/home/bradleyjerome/projects/metrolinx/next.upexpress.com/src/components/pages/Homepage/BuyTickets/TripPlanning/LocationField.tsx:77:3)[39m
[31m          at div[39m
[31m          at div[39m
[31m          at errors (/home/bradleyjerome/projects/metrolinx/next.upexpress.com/src/components/pages/Homepage/BuyTickets/TripPlanning/TripPlanning.tsx:38:41)[39m
[31m          at div[39m
[31m          at div[39m
[31m          at div[39m
[31m          at onSuccess (/home/bradleyjerome/projects/metrolinx/next.upexpress.com/src/components/pages/Homepage/BuyTickets/TicketForm.tsx:39:30)[39m
[31m          at children (/home/bradleyjerome/projects/metrolinx/next.upexpress.com/src/components/pages/Homepage/BuyTickets/context/BuyTicketsContext.tsx:26:38)[39m
[31m          at BuyTickets (/home/bradleyjerome/projects/metrolinx/next.upexpress.com/src/components/pages/Homepage/BuyTickets/BuyTickets.tsx:11:45)[39m
[31m          at children (/home/bradleyjerome/projects/metrolinx/next.upexpress.com/node_modules/next-auth/react/index.js:364:24)[39m
[2m[22m
[2m      [2mat printWarning ([22m[2mnode_modules/react-dom/cjs/react-dom.development.js[2m:86:30)[22m[2m[22m
[2m      [2mat error ([22m[2mnode_modules/react-dom/cjs/react-dom.development.js[2m:60:7)[22m[2m[22m
[2m      [2mat warnIfUpdatesNotWrappedWithActDEV ([22m[2mnode_modules/react-dom/cjs/react-dom.development.js[2m:27589:9)[22m[2m[22m
[2m      [2mat scheduleUpdateOnFiber ([22m[2mnode_modules/react-dom/cjs/react-dom.development.js[2m:25508:5)[22m[2m[22m
[2m      [2mat forceStoreRerender ([22m[2mnode_modules/react-dom/cjs/react-dom.development.js[2m:16977:5)[22m[2m[22m
[2m      [2mat handleStoreChange ([22m[2mnode_modules/react-dom/cjs/react-dom.development.js[2m:16953:7)[22m[2m[22m
[2m      [2mat a.queueUpdate ([22m[2mnode_modules/@metrolinx/cx-shared/node_modules/react-aria-components/dist/Collection.mjs[2m:424:9)[22m[2m[22m
[2m      [2mat d.setProps ([22m[2mnode_modules/@metrolinx/cx-shared/node_modules/react-aria-components/dist/Collection.mjs[2m:231:5)[22m[2m[22m
[2m      [2mat ref ([22m[2mnode_modules/@metrolinx/cx-shared/node_modules/react-aria-components/dist/Collection.mjs[2m:591:9)[22m[2m[22m
[2m      [2mat commitAttachRef ([22m[2mnode_modules/react-dom/cjs/react-dom.development.js[2m:23650:18)[22m[2m[22m
[2m      [2mat commitLayoutEffectOnFiber ([22m[2mnode_modules/react-dom/cjs/react-dom.development.js[2m:23503:9)[22m[2m[22m
[2m      [2mat commitLayoutMountEffects_complete ([22m[2mnode_modules/react-dom/cjs/react-dom.development.js[2m:24688:9)[22m[2m[22m
[2m      [2mat commitLayoutEffects_begin ([22m[2mnode_modules/react-dom/cjs/react-dom.development.js[2m:24674:7)[22m[2m[22m
[2m      [2mat commitLayoutEffects ([22m[2mnode_modules/react-dom/cjs/react-dom.development.js[2m:24612:3)[22m[2m[22m
[2m      [2mat commitRootImpl ([22m[2mnode_modules/react-dom/cjs/react-dom.development.js[2m:26823:5)[22m[2m[22m
[2m      [2mat commitRoot ([22m[2mnode_modules/react-dom/cjs/react-dom.development.js[2m:26682:5)[22m[2m[22m
[2m      [2mat finishConcurrentRender ([22m[2mnode_modules/react-dom/cjs/react-dom.development.js[2m:25981:9)[22m[2m[22m
[2m      [2mat performConcurrentWorkOnRoot ([22m[2mnode_modules/react-dom/cjs/react-dom.development.js[2m:25809:7)[22m[2m[22m
[2m      [2mat workLoop ([22m[2mnode_modules/scheduler/cjs/scheduler.development.js[2m:266:34)[22m[2m[22m
[2m      [2mat flushWork ([22m[2mnode_modules/scheduler/cjs/scheduler.development.js[2m:239:14)[22m[2m[22m
[2m      [2mat performWorkUntilDeadline ([22m[2mnode_modules/scheduler/cjs/scheduler.development.js[2m:533:21)[22m[2m[22m

    [2m[31mconsole.error[39m[22m
[31m      Warning: An update to ForwardRef(P) inside a test was not wrapped in act(...).[39m
[31m      [39m
[31m      When testing, code that causes React state updates should be wrapped into act(...):[39m
[31m      [39m
[31m      act(() => {[39m
[31m        /* fire events that update state */[39m
[31m      });[39m
[31m      /* assert on the output */[39m
[31m      [39m
[31m      This ensures that you're testing the behavior the user would see in the browser. Learn more at https://reactjs.org/link/wrap-tests-with-act[39m
[31m          at $82d7e5349645de74$export$7540cee5be7dc19b (/home/bradleyjerome/projects/metrolinx/next.upexpress.com/node_modules/@metrolinx/cx-shared/node_modules/react-aria-components/dist/Select.mjs:49:79)[39m
[31m          at div[39m
[31m          at shouldFocusWrap (/home/bradleyjerome/projects/metrolinx/next.upexpress.com/node_modules/@metrolinx/cx-shared/src/components/Select/Select.tsx:113:3)[39m
[31m          at div[39m
[31m          at id (/home/bradleyjerome/projects/metrolinx/next.upexpress.com/src/components/pages/Homepage/BuyTickets/TripPlanning/LocationField.tsx:77:3)[39m
[31m          at div[39m
[31m          at div[39m
[31m          at errors (/home/bradleyjerome/projects/metrolinx/next.upexpress.com/src/components/pages/Homepage/BuyTickets/TripPlanning/TripPlanning.tsx:38:41)[39m
[31m          at div[39m
[31m          at div[39m
[31m          at div[39m
[31m          at onSuccess (/home/bradleyjerome/projects/metrolinx/next.upexpress.com/src/components/pages/Homepage/BuyTickets/TicketForm.tsx:39:30)[39m
[31m          at children (/home/bradleyjerome/projects/metrolinx/next.upexpress.com/src/components/pages/Homepage/BuyTickets/context/BuyTicketsContext.tsx:26:38)[39m
[31m          at BuyTickets (/home/bradleyjerome/projects/metrolinx/next.upexpress.com/src/components/pages/Homepage/BuyTickets/BuyTickets.tsx:11:45)[39m
[31m          at children (/home/bradleyjerome/projects/metrolinx/next.upexpress.com/node_modules/next-auth/react/index.js:364:24)[39m
[2m[22m
[2m      [2mat printWarning ([22m[2mnode_modules/react-dom/cjs/react-dom.development.js[2m:86:30)[22m[2m[22m
[2m      [2mat error ([22m[2mnode_modules/react-dom/cjs/react-dom.development.js[2m:60:7)[22m[2m[22m
[2m      [2mat warnIfUpdatesNotWrappedWithActDEV ([22m[2mnode_modules/react-dom/cjs/react-dom.development.js[2m:27589:9)[22m[2m[22m
[2m      [2mat scheduleUpdateOnFiber ([22m[2mnode_modules/react-dom/cjs/react-dom.development.js[2m:25508:5)[22m[2m[22m
[2m      [2mat forceStoreRerender ([22m[2mnode_modules/react-dom/cjs/react-dom.development.js[2m:16977:5)[22m[2m[22m
[2m      [2mat handleStoreChange ([22m[2mnode_modules/react-dom/cjs/react-dom.development.js[2m:16953:7)[22m[2m[22m
[2m      [2mat a.queueUpdate ([22m[2mnode_modules/@metrolinx/cx-shared/node_modules/react-aria-components/dist/Collection.mjs[2m:424:9)[22m[2m[22m
[2m      [2mat d.setProps ([22m[2mnode_modules/@metrolinx/cx-shared/node_modules/react-aria-components/dist/Collection.mjs[2m:231:5)[22m[2m[22m
[2m      [2mat ref ([22m[2mnode_modules/@metrolinx/cx-shared/node_modules/react-aria-components/dist/Collection.mjs[2m:591:9)[22m[2m[22m
[2m      [2mat commitAttachRef ([22m[2mnode_modules/react-dom/cjs/react-dom.development.js[2m:23650:18)[22m[2m[22m
[2m      [2mat commitLayoutEffectOnFiber ([22m[2mnode_modules/react-dom/cjs/react-dom.development.js[2m:23503:9)[22m[2m[22m
[2m      [2mat commitLayoutMountEffects_complete ([22m[2mnode_modules/react-dom/cjs/react-dom.development.js[2m:24688:9)[22m[2m[22m
[2m      [2mat commitLayoutEffects_begin ([22m[2mnode_modules/react-dom/cjs/react-dom.development.js[2m:24674:7)[22m[2m[22m
[2m      [2mat commitLayoutEffects ([22m[2mnode_modules/react-dom/cjs/react-dom.development.js[2m:24612:3)[22m[2m[22m
[2m      [2mat commitRootImpl ([22m[2mnode_modules/react-dom/cjs/react-dom.development.js[2m:26823:5)[22m[2m[22m
[2m      [2mat commitRoot ([22m[2mnode_modules/react-dom/cjs/react-dom.development.js[2m:26682:5)[22m[2m[22m
[2m      [2mat finishConcurrentRender ([22m[2mnode_modules/react-dom/cjs/react-dom.development.js[2m:25981:9)[22m[2m[22m
[2m      [2mat performConcurrentWorkOnRoot ([22m[2mnode_modules/react-dom/cjs/react-dom.development.js[2m:25809:7)[22m[2m[22m
[2m      [2mat workLoop ([22m[2mnode_modules/scheduler/cjs/scheduler.development.js[2m:266:34)[22m[2m[22m
[2m      [2mat flushWork ([22m[2mnode_modules/scheduler/cjs/scheduler.development.js[2m:239:14)[22m[2m[22m
[2m      [2mat performWorkUntilDeadline ([22m[2mnode_modules/scheduler/cjs/scheduler.development.js[2m:533:21)[22m[2m[22m

[0m[7m[1m[32m PASS [39m[22m[27m[0m [2msrc/services/__tests__/[22m[1mdirectoryService.spec.ts[22m
[0m[7m[1m[32m PASS [39m[22m[27m[0m [2msrc/api/middlewares/__tests__/[22m[1mwithAzureB2CId.spec.ts[22m
[0m[7m[1m[32m PASS [39m[22m[27m[0m [2msrc/components/Layout/[22m[1mLayout.spec.tsx[22m ([0m[1m[41m8.91 s[49m[22m[0m)
  [1m● [22mConsole

    [2m[31mconsole.error[39m[22m
[31m      Warning: An update to ServiceUpdates inside a test was not wrapped in act(...).[39m
[31m      [39m
[31m      When testing, code that causes React state updates should be wrapped into act(...):[39m
[31m      [39m
[31m      act(() => {[39m
[31m        /* fire events that update state */[39m
[31m      });[39m
[31m      /* assert on the output */[39m
[31m      [39m
[31m      This ensures that you're testing the behavior the user would see in the browser. Learn more at https://reactjs.org/link/wrap-tests-with-act[39m
[31m          at ServiceUpdates (/home/bradleyjerome/projects/metrolinx/next.upexpress.com/src/components/Header/ServiceUpdates/ServiceUpdates.tsx:13:45)[39m
[31m          at div[39m
[31m          at div[39m
[31m          at nav[39m
[31m          at setShowLoader (/home/bradleyjerome/projects/metrolinx/next.upexpress.com/src/components/Header/NavigationBar/NavigationBar.tsx:41:3)[39m
[31m          at header[39m
[31m          at Header (/home/bradleyjerome/projects/metrolinx/next.upexpress.com/src/components/Header/Header.tsx:12:52)[39m
[31m          at ServiceAlertBannerHeightProvider (/home/bradleyjerome/projects/metrolinx/next.upexpress.com/src/context/ServiceAlertContext.tsx:21:27)[39m
[31m          at div[39m
[31m          at contentTypeUid (/home/bradleyjerome/projects/metrolinx/next.upexpress.com/src/components/Layout/Layout.tsx:42:44)[39m
[2m[22m
[2m      [2mat printWarning ([22m[2mnode_modules/react-dom/cjs/react-dom.development.js[2m:86:30)[22m[2m[22m
[2m      [2mat error ([22m[2mnode_modules/react-dom/cjs/react-dom.development.js[2m:60:7)[22m[2m[22m
[2m      [2mat warnIfUpdatesNotWrappedWithActDEV ([22m[2mnode_modules/react-dom/cjs/react-dom.development.js[2m:27589:9)[22m[2m[22m
[2m      [2mat scheduleUpdateOnFiber ([22m[2mnode_modules/react-dom/cjs/react-dom.development.js[2m:25508:5)[22m[2m[22m
[2m      [2mat forceStoreRerender ([22m[2mnode_modules/react-dom/cjs/react-dom.development.js[2m:16977:5)[22m[2m[22m
[2m      [2mat handleStoreChange ([22m[2mnode_modules/react-dom/cjs/react-dom.development.js[2m:16953:7)[22m[2m[22m
[2m      [2mat [22m[2mnode_modules/swr/dist/index/index.js[2m:244:42[22m[2m[22m
[2m      [2mat Array.setter ([22m[2mnode_modules/swr/dist/_internal/config-context-client-BKoingCI.js[2m:435:21)[22m[2m[22m
[2m      [2mat [22m[2mnode_modules/swr/dist/_internal/config-context-client-BKoingCI.js[2m:70:25[22m[2m[22m
[2m      [2mat finishRequestAndUpdateState ([22m[2mnode_modules/swr/dist/index/index.js[2m:317:13)[22m[2m[22m
[2m      [2mat [22m[2mnode_modules/swr/dist/index/index.js[2m:451:9[22m[2m[22m

    [2m[31mconsole.error[39m[22m
[31m      Warning: An update to ForwardRef(LoadableComponent) inside a test was not wrapped in act(...).[39m
[31m      [39m
[31m      When testing, code that causes React state updates should be wrapped into act(...):[39m
[31m      [39m
[31m      act(() => {[39m
[31m        /* fire events that update state */[39m
[31m      });[39m
[31m      /* assert on the output */[39m
[31m      [39m
[31m      This ensures that you're testing the behavior the user would see in the browser. Learn more at https://reactjs.org/link/wrap-tests-with-act[39m
[31m          at useLoadableModule (/home/bradleyjerome/projects/metrolinx/next.upexpress.com/node_modules/next/src/shared/lib/loadable.shared-runtime.tsx:124:5)[39m
[31m          at children (/home/bradleyjerome/projects/metrolinx/next.upexpress.com/src/components/AuthenticationContainer/AuthenticationContainer.tsx:14:43)[39m
[31m          at div[39m
[31m          at contentTypeUid (/home/bradleyjerome/projects/metrolinx/next.upexpress.com/src/components/Layout/Layout.tsx:42:44)[39m
[2m[22m
[2m      [2mat printWarning ([22m[2mnode_modules/react-dom/cjs/react-dom.development.js[2m:86:30)[22m[2m[22m
[2m      [2mat error ([22m[2mnode_modules/react-dom/cjs/react-dom.development.js[2m:60:7)[22m[2m[22m
[2m      [2mat warnIfUpdatesNotWrappedWithActDEV ([22m[2mnode_modules/react-dom/cjs/react-dom.development.js[2m:27589:9)[22m[2m[22m
[2m      [2mat scheduleUpdateOnFiber ([22m[2mnode_modules/react-dom/cjs/react-dom.development.js[2m:25508:5)[22m[2m[22m
[2m      [2mat forceStoreRerender ([22m[2mnode_modules/react-dom/cjs/react-dom.development.js[2m:16977:5)[22m[2m[22m
[2m      [2mat handleStoreChange ([22m[2mnode_modules/react-dom/cjs/react-dom.development.js[2m:16953:7)[22m[2m[22m
[2m      [2mat callback ([22m[2mnode_modules/next/src/shared/lib/loadable.shared-runtime.tsx[2m:236:48)[22m[2m[22m
[2m          at Set.forEach (<anonymous>)[22m
[2m      [2mat LoadableSubscription.forEach ([22m[2mnode_modules/next/src/shared/lib/loadable.shared-runtime.tsx[2m:236:21)[22m[2m[22m
[2m      [2mat _update ([22m[2mnode_modules/next/src/shared/lib/loadable.shared-runtime.tsx[2m:218:14)[22m[2m[22m

{"level":50,"time":1786735340131,"pid":1386905,"hostname":"EPCATORW0499","errno":-2,"code":"ENOENT","syscall":"open","path":"/home/bradleyjerome/projects/metrolinx/next.upexpress.com/temp/pages/1770a09e25cbbf3aa9877630c61c7bd5245b2e4e.json","msg":"JSON parse of cached file failed, file: 1770a09e25cbbf3aa9877630c61c7bd5245b2e4e, folder: temp/pages"}
{"level":50,"time":1786735340137,"pid":1386905,"hostname":"EPCATORW0499","errno":-2,"code":"ENOENT","syscall":"open","path":"/home/bradleyjerome/projects/metrolinx/next.upexpress.com/temp/pages/963c7347b8c2aef0a279e538d341cca8c38d3b6a.json","msg":"JSON parse of cached file failed, file: 963c7347b8c2aef0a279e538d341cca8c38d3b6a, folder: temp/pages"}
{"level":50,"time":1786735340143,"pid":1386905,"hostname":"EPCATORW0499","errno":-2,"code":"ENOENT","syscall":"open","path":"/home/bradleyjerome/projects/metrolinx/next.upexpress.com/temp/pages/5bc25ad1b54eae9a75ac93d84b81b5a927bd3f58.json","msg":"JSON parse of cached file failed, file: 5bc25ad1b54eae9a75ac93d84b81b5a927bd3f58, folder: temp/pages"}
{"level":50,"time":1786735340144,"pid":1386905,"hostname":"EPCATORW0499","errno":-2,"code":"ENOENT","syscall":"open","path":"/home/bradleyjerome/projects/metrolinx/next.upexpress.com/temp/pages/824c389744180b229d026e393839e7811969ca5f.json","msg":"JSON parse of cached file failed, file: 824c389744180b229d026e393839e7811969ca5f, folder: temp/pages"}
[0m[7m[1m[32m PASS [39m[22m[27m[0m [2msrc/hooks/__tests__/[22m[1museGoTransitDepartures.spec.tsx[22m
[0m[7m[1m[32m PASS [39m[22m[27m[0m [2msrc/utils/__tests__/[22m[1mrefineClientData.spec.ts[22m
[0m[7m[1m[32m PASS [39m[22m[27m[0m [2msrc/components/UserAccount/Notification/__tests__/[22m[1mDialog.spec.tsx[22m
[0m[7m[1m[32m PASS [39m[22m[27m[0m [2msrc/components/contentstack/ContentstackPageLevelCTA/__tests__/[22m[1mContentstackPageLevelCTA.spec.tsx[22m
[0m[7m[1m[32m PASS [39m[22m[27m[0m [2msrc/components/pages/Homepage/DeparturesAndSchedule/ScheduleSection/__tests__/[22m[1mScheduleSelection.spec.tsx[22m
[0m[7m[1m[32m PASS [39m[22m[27m[0m [2msrc/components/pages/StationHub/__tests__/[22m[1mStationDetailPage.spec.tsx[22m
[0m[7m[1m[32m PASS [39m[22m[27m[0m [2msrc/utils/__tests__/[22m[1mslug.spec.ts[22m
[0m[7m[1m[32m PASS [39m[22m[27m[0m [2msrc/services/v1-api/__tests__/[22m[1mgenerateWebchatToken.spec.ts[22m
[0m[7m[1m[32m PASS [39m[22m[27m[0m [2msrc/services/up-api/departures/get-via-rail-departures/__tests__/[22m[1mgetViaRailDepartures.spec.ts[22m
[0m[7m[1m[32m PASS [39m[22m[27m[0m [2msrc/components/contentstack/ContentstackContentCardsSlider/[22m[1mContentstackContentCardsSlider.spec.tsx[22m ([0m[1m[41m5.384 s[49m[22m[0m)
[0m[7m[1m[32m PASS [39m[22m[27m[0m [2msrc/services/up-api/service-updates/get-general-service-updates/__tests__/[22m[1mgetGeneralServiceUpdates.spec.ts[22m
[0m[7m[1m[32m PASS [39m[22m[27m[0m [2msrc/services/__tests__/[22m[1mgtm.spec.ts[22m
[0m[7m[1m[32m PASS [39m[22m[27m[0m [2msrc/services/up-api/service-updates/get-all-service-updates/__tests__/[22m[1mgetAllServiceUpdates.spec.ts[22m
[0m[7m[1m[32m PASS [39m[22m[27m[0m [2msrc/utils/__tests__/[22m[1menvs.spec.ts[22m
[0m[7m[1m[32m PASS [39m[22m[27m[0m [2msrc/components/contentstack/ContentstackContactCards/__test__/[22m[1mContentstackContactCards.spec.tsx[22m
[0m[7m[1m[32m PASS [39m[22m[27m[0m [2msrc/components/contentstack/ContentstackContentCards/[22m[1mContentstackContentCards.spec.tsx[22m
[0m[7m[1m[32m PASS [39m[22m[27m[0m [2msrc/services/up-api/departures/get-departures/__tests__/[22m[1mgetDepartures.spec.ts[22m
[0m[7m[1m[32m PASS [39m[22m[27m[0m [2msrc/components/SearchResults/__tests__/[22m[1mSearchResults.spec.tsx[22m
[0m[7m[1m[32m PASS [39m[22m[27m[0m [2msrc/__tests__/pages/[22m[1m_app.spec.tsx[22m
  [1m● [22mConsole

    [2m[31mconsole.error[39m[22m
[31m      [next-auth][error][CLIENT_FETCH_ERROR] [39m
[31m      https://next-auth.js.org/errors#client_fetch_error Cannot read properties of undefined (reading 'json') {[39m
[31m        error: {[39m
[31m          message: "Cannot read properties of undefined (reading 'json')",[39m
[31m          stack: "TypeError: Cannot read properties of undefined (reading 'json')\n" +[39m
[31m            '    at json (/home/bradleyjerome/projects/metrolinx/next.upexpress.com/node_modules/next-auth/client/_utils.js:53:22)\n' +[39m
[31m            '    at /home/bradleyjerome/projects/metrolinx/next.upexpress.com/node_modules/@babel/runtime/helpers/regeneratorRuntime.js:52:18\n' +[39m
[31m            '    at Generator.<anonymous> (/home/bradleyjerome/projects/metrolinx/next.upexpress.com/node_modules/@babel/runtime/helpers/regenerator.js:52:51)\n' +[39m
[31m            '    at Generator.next (/home/bradleyjerome/projects/metrolinx/next.upexpress.com/node_modules/@babel/runtime/helpers/regeneratorDefine.js:11:21)\n' +[39m
[31m            '    at asyncGeneratorStep (/home/bradleyjerome/projects/metrolinx/next.upexpress.com/node_modules/@babel/runtime/helpers/asyncToGenerator.js:3:17)\n' +[39m
[31m            '    at _next (/home/bradleyjerome/projects/metrolinx/next.upexpress.com/node_modules/@babel/runtime/helpers/asyncToGenerator.js:17:9)\n' +[39m
[31m            '    at processTicksAndRejections (node:internal/process/task_queues:103:5)',[39m
[31m          name: 'TypeError'[39m
[31m        },[39m
[31m        url: '/api/auth/session',[39m
[31m        message: "Cannot read properties of undefined (reading 'json')"[39m
[31m      }[39m
[2m[22m
[2m      [2mat Object.error ([22m[2mnode_modules/next-auth/utils/logger.js[2m:37:13)[22m[2m[22m
[2m      [2mat _callee$ ([22m[2mnode_modules/next-auth/utils/logger.js[2m:70:31)[22m[2m[22m
[2m      [2mat [22m[2mnode_modules/@babel/runtime/helpers/regeneratorRuntime.js[2m:52:18[22m[2m[22m
[2m      [2mat Generator.<anonymous> ([22m[2mnode_modules/@babel/runtime/helpers/regenerator.js[2m:52:51)[22m[2m[22m
[2m      [2mat Generator.next ([22m[2mnode_modules/@babel/runtime/helpers/regeneratorDefine.js[2m:11:21)[22m[2m[22m
[2m      [2mat asyncGeneratorStep ([22m[2mnode_modules/@babel/runtime/helpers/asyncToGenerator.js[2m:3:17)[22m[2m[22m
[2m      [2mat _next ([22m[2mnode_modules/@babel/runtime/helpers/asyncToGenerator.js[2m:17:9)[22m[2m[22m
[2m      [2mat [22m[2mnode_modules/@babel/runtime/helpers/asyncToGenerator.js[2m:22:7[22m[2m[22m
[2m      [2mat Object.<anonymous> ([22m[2mnode_modules/@babel/runtime/helpers/asyncToGenerator.js[2m:14:12)[22m[2m[22m
[2m      [2mat Object.apply ([22m[2mnode_modules/next-auth/utils/logger.js[2m:102:23)[22m[2m[22m
[2m      [2mat error ([22m[2mnode_modules/next-auth/client/_utils.js[2m:66:18)[22m[2m[22m
[2m      [2mat [22m[2mnode_modules/@babel/runtime/helpers/regeneratorRuntime.js[2m:52:18[22m[2m[22m
[2m      [2mat Generator.<anonymous> ([22m[2mnode_modules/@babel/runtime/helpers/regenerator.js[2m:52:51)[22m[2m[22m
[2m      [2mat Generator.next ([22m[2mnode_modules/@babel/runtime/helpers/regeneratorDefine.js[2m:11:21)[22m[2m[22m
[2m      [2mat asyncGeneratorStep ([22m[2mnode_modules/@babel/runtime/helpers/asyncToGenerator.js[2m:3:17)[22m[2m[22m
[2m      [2mat _next ([22m[2mnode_modules/@babel/runtime/helpers/asyncToGenerator.js[2m:17:9)[22m[2m[22m

    [2m[31mconsole.error[39m[22m
[31m      [next-auth][error][CLIENT_FETCH_ERROR] [39m
[31m      https://next-auth.js.org/errors#client_fetch_error Cannot read properties of undefined (reading 'json') {[39m
[31m        error: {[39m
[31m          message: "Cannot read properties of undefined (reading 'json')",[39m
[31m          stack: "TypeError: Cannot read properties of undefined (reading 'json')\n" +[39m
[31m            '    at json (/home/bradleyjerome/projects/metrolinx/next.upexpress.com/node_modules/next-auth/client/_utils.js:53:22)\n' +[39m
[31m            '    at /home/bradleyjerome/projects/metrolinx/next.upexpress.com/node_modules/@babel/runtime/helpers/regeneratorRuntime.js:52:18\n' +[39m
[31m            '    at Generator.<anonymous> (/home/bradleyjerome/projects/metrolinx/next.upexpress.com/node_modules/@babel/runtime/helpers/regenerator.js:52:51)\n' +[39m
[31m            '    at Generator.next (/home/bradleyjerome/projects/metrolinx/next.upexpress.com/node_modules/@babel/runtime/helpers/regeneratorDefine.js:11:21)\n' +[39m
[31m            '    at asyncGeneratorStep (/home/bradleyjerome/projects/metrolinx/next.upexpress.com/node_modules/@babel/runtime/helpers/asyncToGenerator.js:3:17)\n' +[39m
[31m            '    at _next (/home/bradleyjerome/projects/metrolinx/next.upexpress.com/node_modules/@babel/runtime/helpers/asyncToGenerator.js:17:9)\n' +[39m
[31m            '    at processTicksAndRejections (node:internal/process/task_queues:103:5)',[39m
[31m          name: 'TypeError'[39m
[31m        },[39m
[31m        url: '/api/auth/session',[39m
[31m        message: "Cannot read properties of undefined (reading 'json')"[39m
[31m      }[39m
[2m[22m
[2m      [2mat Object.error ([22m[2mnode_modules/next-auth/utils/logger.js[2m:37:13)[22m[2m[22m
[2m      [2mat _callee$ ([22m[2mnode_modules/next-auth/utils/logger.js[2m:70:31)[22m[2m[22m
[2m      [2mat [22m[2mnode_modules/@babel/runtime/helpers/regeneratorRuntime.js[2m:52:18[22m[2m[22m
[2m      [2mat Generator.<anonymous> ([22m[2mnode_modules/@babel/runtime/helpers/regenerator.js[2m:52:51)[22m[2m[22m
[2m      [2mat Generator.next ([22m[2mnode_modules/@babel/runtime/helpers/regeneratorDefine.js[2m:11:21)[22m[2m[22m
[2m      [2mat asyncGeneratorStep ([22m[2mnode_modules/@babel/runtime/helpers/asyncToGenerator.js[2m:3:17)[22m[2m[22m
[2m      [2mat _next ([22m[2mnode_modules/@babel/runtime/helpers/asyncToGenerator.js[2m:17:9)[22m[2m[22m
[2m      [2mat [22m[2mnode_modules/@babel/runtime/helpers/asyncToGenerator.js[2m:22:7[22m[2m[22m
[2m      [2mat Object.<anonymous> ([22m[2mnode_modules/@babel/runtime/helpers/asyncToGenerator.js[2m:14:12)[22m[2m[22m
[2m      [2mat Object.apply ([22m[2mnode_modules/next-auth/utils/logger.js[2m:102:23)[22m[2m[22m
[2m      [2mat error ([22m[2mnode_modules/next-auth/client/_utils.js[2m:66:18)[22m[2m[22m
[2m      [2mat [22m[2mnode_modules/@babel/runtime/helpers/regeneratorRuntime.js[2m:52:18[22m[2m[22m
[2m      [2mat Generator.<anonymous> ([22m[2mnode_modules/@babel/runtime/helpers/regenerator.js[2m:52:51)[22m[2m[22m
[2m      [2mat Generator.next ([22m[2mnode_modules/@babel/runtime/helpers/regeneratorDefine.js[2m:11:21)[22m[2m[22m
[2m      [2mat asyncGeneratorStep ([22m[2mnode_modules/@babel/runtime/helpers/asyncToGenerator.js[2m:3:17)[22m[2m[22m
[2m      [2mat _next ([22m[2mnode_modules/@babel/runtime/helpers/asyncToGenerator.js[2m:17:9)[22m[2m[22m

    [2m[31mconsole.error[39m[22m
[31m      [next-auth][error][CLIENT_FETCH_ERROR] [39m
[31m      https://next-auth.js.org/errors#client_fetch_error Cannot read properties of undefined (reading 'json') {[39m
[31m        error: {[39m
[31m          message: "Cannot read properties of undefined (reading 'json')",[39m
[31m          stack: "TypeError: Cannot read properties of undefined (reading 'json')\n" +[39m
[31m            '    at json (/home/bradleyjerome/projects/metrolinx/next.upexpress.com/node_modules/next-auth/client/_utils.js:53:22)\n' +[39m
[31m            '    at /home/bradleyjerome/projects/metrolinx/next.upexpress.com/node_modules/@babel/runtime/helpers/regeneratorRuntime.js:52:18\n' +[39m
[31m            '    at Generator.<anonymous> (/home/bradleyjerome/projects/metrolinx/next.upexpress.com/node_modules/@babel/runtime/helpers/regenerator.js:52:51)\n' +[39m
[31m            '    at Generator.next (/home/bradleyjerome/projects/metrolinx/next.upexpress.com/node_modules/@babel/runtime/helpers/regeneratorDefine.js:11:21)\n' +[39m
[31m            '    at asyncGeneratorStep (/home/bradleyjerome/projects/metrolinx/next.upexpress.com/node_modules/@babel/runtime/helpers/asyncToGenerator.js:3:17)\n' +[39m
[31m            '    at _next (/home/bradleyjerome/projects/metrolinx/next.upexpress.com/node_modules/@babel/runtime/helpers/asyncToGenerator.js:17:9)\n' +[39m
[31m            '    at processTicksAndRejections (node:internal/process/task_queues:103:5)',[39m
[31m          name: 'TypeError'[39m
[31m        },[39m
[31m        url: '/api/auth/session',[39m
[31m        message: "Cannot read properties of undefined (reading 'json')"[39m
[31m      }[39m
[2m[22m
[2m      [2mat Object.error ([22m[2mnode_modules/next-auth/utils/logger.js[2m:37:13)[22m[2m[22m
[2m      [2mat _callee$ ([22m[2mnode_modules/next-auth/utils/logger.js[2m:70:31)[22m[2m[22m
[2m      [2mat [22m[2mnode_modules/@babel/runtime/helpers/regeneratorRuntime.js[2m:52:18[22m[2m[22m
[2m      [2mat Generator.<anonymous> ([22m[2mnode_modules/@babel/runtime/helpers/regenerator.js[2m:52:51)[22m[2m[22m
[2m      [2mat Generator.next ([22m[2mnode_modules/@babel/runtime/helpers/regeneratorDefine.js[2m:11:21)[22m[2m[22m
[2m      [2mat asyncGeneratorStep ([22m[2mnode_modules/@babel/runtime/helpers/asyncToGenerator.js[2m:3:17)[22m[2m[22m
[2m      [2mat _next ([22m[2mnode_modules/@babel/runtime/helpers/asyncToGenerator.js[2m:17:9)[22m[2m[22m
[2m      [2mat [22m[2mnode_modules/@babel/runtime/helpers/asyncToGenerator.js[2m:22:7[22m[2m[22m
[2m      [2mat Object.<anonymous> ([22m[2mnode_modules/@babel/runtime/helpers/asyncToGenerator.js[2m:14:12)[22m[2m[22m
[2m      [2mat Object.apply ([22m[2mnode_modules/next-auth/utils/logger.js[2m:102:23)[22m[2m[22m
[2m      [2mat error ([22m[2mnode_modules/next-auth/client/_utils.js[2m:66:18)[22m[2m[22m
[2m      [2mat [22m[2mnode_modules/@babel/runtime/helpers/regeneratorRuntime.js[2m:52:18[22m[2m[22m
[2m      [2mat Generator.<anonymous> ([22m[2mnode_modules/@babel/runtime/helpers/regenerator.js[2m:52:51)[22m[2m[22m
[2m      [2mat Generator.next ([22m[2mnode_modules/@babel/runtime/helpers/regeneratorDefine.js[2m:11:21)[22m[2m[22m
[2m      [2mat asyncGeneratorStep ([22m[2mnode_modules/@babel/runtime/helpers/asyncToGenerator.js[2m:3:17)[22m[2m[22m
[2m      [2mat _next ([22m[2mnode_modules/@babel/runtime/helpers/asyncToGenerator.js[2m:17:9)[22m[2m[22m

    [2m[31mconsole.error[39m[22m
[31m      [next-auth][error][CLIENT_FETCH_ERROR] [39m
[31m      https://next-auth.js.org/errors#client_fetch_error Cannot read properties of undefined (reading 'json') {[39m
[31m        error: {[39m
[31m          message: "Cannot read properties of undefined (reading 'json')",[39m
[31m          stack: "TypeError: Cannot read properties of undefined (reading 'json')\n" +[39m
[31m            '    at json (/home/bradleyjerome/projects/metrolinx/next.upexpress.com/node_modules/next-auth/client/_utils.js:53:22)\n' +[39m
[31m            '    at /home/bradleyjerome/projects/metrolinx/next.upexpress.com/node_modules/@babel/runtime/helpers/regeneratorRuntime.js:52:18\n' +[39m
[31m            '    at Generator.<anonymous> (/home/bradleyjerome/projects/metrolinx/next.upexpress.com/node_modules/@babel/runtime/helpers/regenerator.js:52:51)\n' +[39m
[31m            '    at Generator.next (/home/bradleyjerome/projects/metrolinx/next.upexpress.com/node_modules/@babel/runtime/helpers/regeneratorDefine.js:11:21)\n' +[39m
[31m            '    at asyncGeneratorStep (/home/bradleyjerome/projects/metrolinx/next.upexpress.com/node_modules/@babel/runtime/helpers/asyncToGenerator.js:3:17)\n' +[39m
[31m            '    at _next (/home/bradleyjerome/projects/metrolinx/next.upexpress.com/node_modules/@babel/runtime/helpers/asyncToGenerator.js:17:9)\n' +[39m
[31m            '    at processTicksAndRejections (node:internal/process/task_queues:103:5)',[39m
[31m          name: 'TypeError'[39m
[31m        },[39m
[31m        url: '/api/auth/session',[39m
[31m        message: "Cannot read properties of undefined (reading 'json')"[39m
[31m      }[39m
[2m[22m
[2m      [2mat Object.error ([22m[2mnode_modules/next-auth/utils/logger.js[2m:37:13)[22m[2m[22m
[2m      [2mat _callee$ ([22m[2mnode_modules/next-auth/utils/logger.js[2m:70:31)[22m[2m[22m
[2m      [2mat [22m[2mnode_modules/@babel/runtime/helpers/regeneratorRuntime.js[2m:52:18[22m[2m[22m
[2m      [2mat Generator.<anonymous> ([22m[2mnode_modules/@babel/runtime/helpers/regenerator.js[2m:52:51)[22m[2m[22m
[2m      [2mat Generator.next ([22m[2mnode_modules/@babel/runtime/helpers/regeneratorDefine.js[2m:11:21)[22m[2m[22m
[2m      [2mat asyncGeneratorStep ([22m[2mnode_modules/@babel/runtime/helpers/asyncToGenerator.js[2m:3:17)[22m[2m[22m
[2m      [2mat _next ([22m[2mnode_modules/@babel/runtime/helpers/asyncToGenerator.js[2m:17:9)[22m[2m[22m
[2m      [2mat [22m[2mnode_modules/@babel/runtime/helpers/asyncToGenerator.js[2m:22:7[22m[2m[22m
[2m      [2mat Object.<anonymous> ([22m[2mnode_modules/@babel/runtime/helpers/asyncToGenerator.js[2m:14:12)[22m[2m[22m
[2m      [2mat Object.apply ([22m[2mnode_modules/next-auth/utils/logger.js[2m:102:23)[22m[2m[22m
[2m      [2mat error ([22m[2mnode_modules/next-auth/client/_utils.js[2m:66:18)[22m[2m[22m
[2m      [2mat [22m[2mnode_modules/@babel/runtime/helpers/regeneratorRuntime.js[2m:52:18[22m[2m[22m
[2m      [2mat Generator.<anonymous> ([22m[2mnode_modules/@babel/runtime/helpers/regenerator.js[2m:52:51)[22m[2m[22m
[2m      [2mat Generator.next ([22m[2mnode_modules/@babel/runtime/helpers/regeneratorDefine.js[2m:11:21)[22m[2m[22m
[2m      [2mat asyncGeneratorStep ([22m[2mnode_modules/@babel/runtime/helpers/asyncToGenerator.js[2m:3:17)[22m[2m[22m
[2m      [2mat _next ([22m[2mnode_modules/@babel/runtime/helpers/asyncToGenerator.js[2m:17:9)[22m[2m[22m

[0m[7m[1m[32m PASS [39m[22m[27m[0m [2msrc/components/GuestOnlineChat/__tests__/[22m[1mGuestOnlineChat.spec.tsx[22m
[0m[7m[1m[32m PASS [39m[22m[27m[0m [2msrc/components/OnPageNavigationComponents/MobileOnPageNavigation/[22m[1mMobileOnPageNavigation.spec.tsx[22m
[0m[7m[1m[32m PASS [39m[22m[27m[0m [2msrc/__tests__/pages/api/v1/[22m[1msearch-1.spec.ts[22m
[0m[7m[1m[32m PASS [39m[22m[27m[0m [2msrc/components/Header/__tests__/[22m[1mMobileNavItem.spec.tsx[22m
[0m[7m[1m[32m PASS [39m[22m[27m[0m [2msrc/utils/__tests__/[22m[1mpageDataCache.spec.ts[22m
[0m[7m[1m[32m PASS [39m[22m[27m[0m [2msrc/utils/__tests__/[22m[1mapiClient.spec.ts[22m
[0m[7m[1m[32m PASS [39m[22m[27m[0m [2msrc/components/UserAccount/Tab/Tickets/OrderHistory/__tests__/[22m[1mOrderHistory.spec.tsx[22m
[0m[7m[1m[32m PASS [39m[22m[27m[0m [2msrc/services/__tests__/[22m[1mblogService.spec.ts[22m
[0m[7m[1m[32m PASS [39m[22m[27m[0m [2msrc/components/contentstack/ContentstackDocumentCTA/__tests__/[22m[1mutils.spec.ts[22m
[0m[7m[1m[32m PASS [39m[22m[27m[0m [2msrc/components/contentstack/ContentstackBuyTicketBanner/[22m[1mContentstackBuyTicketBanner.spec.tsx[22m
[0m[7m[1m[32m PASS [39m[22m[27m[0m [2msrc/hooks/__tests__/[22m[1museLocalizedTabsQuery.spec.ts[22m
[0m[7m[1m[32m PASS [39m[22m[27m[0m [2msrc/components/UpdateListing/__tests__/[22m[1museScrollToDrawer.spec.ts[22m
[0m[7m[1m[32m PASS [39m[22m[27m[0m [2msrc/__tests__/pages/api/v1/webchat/[22m[1mtoken.spec.ts[22m
{"level":50,"time":1786735354841,"pid":1386868,"hostname":"EPCATORW0499","err":{"type":"s","message":"\"locale\" must be one of [en, fr]","stack":"HttpError: \"locale\" must be one of [en, fr]\n    at generateWebchatTokenHandler (/home/bradleyjerome/projects/metrolinx/next.upexpress.com/src/pages/api/v1/webchat/token.ts:28:11)\n    at handler (/home/bradleyjerome/projects/metrolinx/next.upexpress.com/src/api/middlewares/withCacheControl.ts:9:11)\n    at handler (/home/bradleyjerome/projects/metrolinx/next.upexpress.com/src/api/middlewares/withRequestMethods.ts:21:11)\n    at handler (/home/bradleyjerome/projects/metrolinx/next.upexpress.com/src/api/middlewares/withErrorBoundary.ts:9:11)\n    at Object.<anonymous> (/home/bradleyjerome/projects/metrolinx/next.upexpress.com/src/__tests__/pages/api/v1/webchat/token.spec.ts:58:18)\n    at Promise.then.completed (/home/bradleyjerome/projects/metrolinx/next.upexpress.com/node_modules/jest-circus/build/utils.js:293:28)\n    at new Promise (<anonymous>)\n    at callAsyncCircusFn (/home/bradleyjerome/projects/metrolinx/next.upexpress.com/node_modules/jest-circus/build/utils.js:226:10)\n    at _callCircusTest (/home/bradleyjerome/projects/metrolinx/next.upexpress.com/node_modules/jest-circus/build/run.js:297:40)\n    at processTicksAndRejections (node:internal/process/task_queues:103:5)\n    at _runTest (/home/bradleyjerome/projects/metrolinx/next.upexpress.com/node_modules/jest-circus/build/run.js:233:3)\n    at _runTestsForDescribeBlock (/home/bradleyjerome/projects/metrolinx/next.upexpress.com/node_modules/jest-circus/build/run.js:135:9)\n    at _runTestsForDescribeBlock (/home/bradleyjerome/projects/metrolinx/next.upexpress.com/node_modules/jest-circus/build/run.js:130:9)\n    at run (/home/bradleyjerome/projects/metrolinx/next.upexpress.com/node_modules/jest-circus/build/run.js:68:3)\n    at runAndTransformResultsToJestFormat (/home/bradleyjerome/projects/metrolinx/next.upexpress.com/node_modules/jest-circus/build/legacy-code-todo-rewrite/jestAdapterInit.js:122:21)\n    at jestAdapter (/home/bradleyjerome/projects/metrolinx/next.upexpress.com/node_modules/jest-circus/build/legacy-code-todo-rewrite/jestAdapter.js:79:19)\n    at runTestInternal (/home/bradleyjerome/projects/metrolinx/next.upexpress.com/node_modules/jest-runner/build/runTest.js:367:16)\n    at runTest (/home/bradleyjerome/projects/metrolinx/next.upexpress.com/node_modules/jest-runner/build/runTest.js:444:34)\n    at Object.worker (/home/bradleyjerome/projects/metrolinx/next.upexpress.com/node_modules/jest-runner/build/testWorker.js:106:12)","name":"HttpError","status":422,"createdAt":"2026-08-14T19:22:34.836Z"},"msg":"\"locale\" must be one of [en, fr]"}
[0m[7m[1m[32m PASS [39m[22m[27m[0m [2msrc/components/UpdateListing/__tests__/[22m[1mUpdatesAlerts.spec.tsx[22m ([0m[1m[41m17.763 s[49m[22m[0m)
[0m[7m[1m[32m PASS [39m[22m[27m[0m [2msrc/components/ClientSideErrorFallback/__tests__/[22m[1mClientSideErrorFallback.spec.tsx[22m
  [1m● [22mConsole

    [2m[31mconsole.error[39m[22m
[31m      Error: Uncaught [Error: ][39m
[31m          at reportException (/home/bradleyjerome/projects/metrolinx/next.upexpress.com/node_modules/jest-environment-jsdom/node_modules/jsdom/lib/jsdom/living/helpers/runtime-script-errors.js:66:24)[39m
[31m          at innerInvokeEventListeners (/home/bradleyjerome/projects/metrolinx/next.upexpress.com/node_modules/jest-environment-jsdom/node_modules/jsdom/lib/jsdom/living/events/EventTarget-impl.js:353:9)[39m
[31m          at invokeEventListeners (/home/bradleyjerome/projects/metrolinx/next.upexpress.com/node_modules/jest-environment-jsdom/node_modules/jsdom/lib/jsdom/living/events/EventTarget-impl.js:286:3)[39m
[31m          at HTMLUnknownElementImpl._dispatch (/home/bradleyjerome/projects/metrolinx/next.upexpress.com/node_modules/jest-environment-jsdom/node_modules/jsdom/lib/jsdom/living/events/EventTarget-impl.js:233:9)[39m
[31m          at HTMLUnknownElementImpl.dispatchEvent (/home/bradleyjerome/projects/metrolinx/next.upexpress.com/node_modules/jest-environment-jsdom/node_modules/jsdom/lib/jsdom/living/events/EventTarget-impl.js:104:17)[39m
[31m          at HTMLUnknownElement.dispatchEvent (/home/bradleyjerome/projects/metrolinx/next.upexpress.com/node_modules/jest-environment-jsdom/node_modules/jsdom/lib/jsdom/living/generated/EventTarget.js:241:34)[39m
[31m          at Object.invokeGuardedCallbackDev (/home/bradleyjerome/projects/metrolinx/next.upexpress.com/node_modules/react-dom/cjs/react-dom.development.js:4213:16)[39m
[31m          at invokeGuardedCallback (/home/bradleyjerome/projects/metrolinx/next.upexpress.com/node_modules/react-dom/cjs/react-dom.development.js:4277:31)[39m
[31m          at beginWork$1 (/home/bradleyjerome/projects/metrolinx/next.upexpress.com/node_modules/react-dom/cjs/react-dom.development.js:27451:7)[39m
[31m          at performUnitOfWork (/home/bradleyjerome/projects/metrolinx/next.upexpress.com/node_modules/react-dom/cjs/react-dom.development.js:26560:12)[39m
[31m          at workLoopSync (/home/bradleyjerome/projects/metrolinx/next.upexpress.com/node_modules/react-dom/cjs/react-dom.development.js:26466:5)[39m
[31m          at renderRootSync (/home/bradleyjerome/projects/metrolinx/next.upexpress.com/node_modules/react-dom/cjs/react-dom.development.js:26434:7)[39m
[31m          at performConcurrentWorkOnRoot (/home/bradleyjerome/projects/metrolinx/next.upexpress.com/node_modules/react-dom/cjs/react-dom.development.js:25738:74)[39m
[31m          at flushActQueue (/home/bradleyjerome/projects/metrolinx/next.upexpress.com/node_modules/react/cjs/react.development.js:2667:24)[39m
[31m          at act (/home/bradleyjerome/projects/metrolinx/next.upexpress.com/node_modules/react/cjs/react.development.js:2582:11)[39m
[31m          at /home/bradleyjerome/projects/metrolinx/next.upexpress.com/node_modules/@testing-library/react/dist/act-compat.js:46:25[39m
[31m          at renderRoot (/home/bradleyjerome/projects/metrolinx/next.upexpress.com/node_modules/@testing-library/react/dist/pure.js:161:26)[39m
[31m          at render (/home/bradleyjerome/projects/metrolinx/next.upexpress.com/node_modules/@testing-library/react/dist/pure.js:247:10)[39m
[31m          at Object.<anonymous> (/home/bradleyjerome/projects/metrolinx/next.upexpress.com/src/components/ClientSideErrorFallback/__tests__/ClientSideErrorFallback.spec.tsx:20:35)[39m
[31m          at Promise.then.completed (/home/bradleyjerome/projects/metrolinx/next.upexpress.com/node_modules/jest-circus/build/utils.js:293:28)[39m
[31m          at new Promise (<anonymous>)[39m
[31m          at callAsyncCircusFn (/home/bradleyjerome/projects/metrolinx/next.upexpress.com/node_modules/jest-circus/build/utils.js:226:10)[39m
[31m          at _callCircusTest (/home/bradleyjerome/projects/metrolinx/next.upexpress.com/node_modules/jest-circus/build/run.js:297:40)[39m
[31m          at processTicksAndRejections (node:internal/process/task_queues:103:5)[39m
[31m          at _runTest (/home/bradleyjerome/projects/metrolinx/next.upexpress.com/node_modules/jest-circus/build/run.js:233:3)[39m
[31m          at _runTestsForDescribeBlock (/home/bradleyjerome/projects/metrolinx/next.upexpress.com/node_modules/jest-circus/build/run.js:135:9)[39m
[31m          at _runTestsForDescribeBlock (/home/bradleyjerome/projects/metrolinx/next.upexpress.com/node_modules/jest-circus/build/run.js:130:9)[39m
[31m          at run (/home/bradleyjerome/projects/metrolinx/next.upexpress.com/node_modules/jest-circus/build/run.js:68:3)[39m
[31m          at runAndTransformResultsToJestFormat (/home/bradleyjerome/projects/metrolinx/next.upexpress.com/node_modules/jest-circus/build/legacy-code-todo-rewrite/jestAdapterInit.js:122:21)[39m
[31m          at jestAdapter (/home/bradleyjerome/projects/metrolinx/next.upexpress.com/node_modules/jest-circus/build/legacy-code-todo-rewrite/jestAdapter.js:79:19)[39m
[31m          at runTestInternal (/home/bradleyjerome/projects/metrolinx/next.upexpress.com/node_modules/jest-runner/build/runTest.js:367:16)[39m
[31m          at runTest (/home/bradleyjerome/projects/metrolinx/next.upexpress.com/node_modules/jest-runner/build/runTest.js:444:34)[39m
[31m          at Object.worker (/home/bradleyjerome/projects/metrolinx/next.upexpress.com/node_modules/jest-runner/build/testWorker.js:106:12) {[39m
[31m        detail: Error: [39m
[31m            at ErroringChild (/home/bradleyjerome/projects/metrolinx/next.upexpress.com/src/components/ClientSideErrorFallback/__tests__/ClientSideErrorFallback.spec.tsx:6:9)[39m
[31m            at renderWithHooks (/home/bradleyjerome/projects/metrolinx/next.upexpress.com/node_modules/react-dom/cjs/react-dom.development.js:16305:18)[39m
[31m            at mountIndeterminateComponent (/home/bradleyjerome/projects/metrolinx/next.upexpress.com/node_modules/react-dom/cjs/react-dom.development.js:20074:13)[39m
[31m            at beginWork (/home/bradleyjerome/projects/metrolinx/next.upexpress.com/node_modules/react-dom/cjs/react-dom.development.js:21587:16)[39m
[31m            at HTMLUnknownElement.callCallback (/home/bradleyjerome/projects/metrolinx/next.upexpress.com/node_modules/react-dom/cjs/react-dom.development.js:4164:14)[39m
[31m            at HTMLUnknownElement.callTheUserObjectsOperation (/home/bradleyjerome/projects/metrolinx/next.upexpress.com/node_modules/jest-environment-jsdom/node_modules/jsdom/lib/jsdom/living/generated/EventListener.js:26:30)[39m
[31m            at innerInvokeEventListeners (/home/bradleyjerome/projects/metrolinx/next.upexpress.com/node_modules/jest-environment-jsdom/node_modules/jsdom/lib/jsdom/living/events/EventTarget-impl.js:350:25)[39m
[31m            at invokeEventListeners (/home/bradleyjerome/projects/metrolinx/next.upexpress.com/node_modules/jest-environment-jsdom/node_modules/jsdom/lib/jsdom/living/events/EventTarget-impl.js:286:3)[39m
[31m            at HTMLUnknownElementImpl._dispatch (/home/bradleyjerome/projects/metrolinx/next.upexpress.com/node_modules/jest-environment-jsdom/node_modules/jsdom/lib/jsdom/living/events/EventTarget-impl.js:233:9)[39m
[31m            at HTMLUnknownElementImpl.dispatchEvent (/home/bradleyjerome/projects/metrolinx/next.upexpress.com/node_modules/jest-environment-jsdom/node_modules/jsdom/lib/jsdom/living/events/EventTarget-impl.js:104:17)[39m
[31m            at HTMLUnknownElement.dispatchEvent (/home/bradleyjerome/projects/metrolinx/next.upexpress.com/node_modules/jest-environment-jsdom/node_modules/jsdom/lib/jsdom/living/generated/EventTarget.js:241:34)[39m
[31m            at Object.invokeGuardedCallbackDev (/home/bradleyjerome/projects/metrolinx/next.upexpress.com/node_modules/react-dom/cjs/react-dom.development.js:4213:16)[39m
[31m            at invokeGuardedCallback (/home/bradleyjerome/projects/metrolinx/next.upexpress.com/node_modules/react-dom/cjs/react-dom.development.js:4277:31)[39m
[31m            at beginWork$1 (/home/bradleyjerome/projects/metrolinx/next.upexpress.com/node_modules/react-dom/cjs/react-dom.development.js:27451:7)[39m
[31m            at performUnitOfWork (/home/bradleyjerome/projects/metrolinx/next.upexpress.com/node_modules/react-dom/cjs/react-dom.development.js:26560:12)[39m
[31m            at workLoopSync (/home/bradleyjerome/projects/metrolinx/next.upexpress.com/node_modules/react-dom/cjs/react-dom.development.js:26466:5)[39m
[31m            at renderRootSync (/home/bradleyjerome/projects/metrolinx/next.upexpress.com/node_modules/react-dom/cjs/react-dom.development.js:26434:7)[39m
[31m            at performConcurrentWorkOnRoot (/home/bradleyjerome/projects/metrolinx/next.upexpress.com/node_modules/react-dom/cjs/react-dom.development.js:25738:74)[39m
[31m            at flushActQueue (/home/bradleyjerome/projects/metrolinx/next.upexpress.com/node_modules/react/cjs/react.development.js:2667:24)[39m
[31m            at act (/home/bradleyjerome/projects/metrolinx/next.upexpress.com/node_modules/react/cjs/react.development.js:2582:11)[39m
[31m            at /home/bradleyjerome/projects/metrolinx/next.upexpress.com/node_modules/@testing-library/react/dist/act-compat.js:46:25[39m
[31m            at renderRoot (/home/bradleyjerome/projects/metrolinx/next.upexpress.com/node_modules/@testing-library/react/dist/pure.js:161:26)[39m
[31m            at render (/home/bradleyjerome/projects/metrolinx/next.upexpress.com/node_modules/@testing-library/react/dist/pure.js:247:10)[39m
[31m            at Object.<anonymous> (/home/bradleyjerome/projects/metrolinx/next.upexpress.com/src/components/ClientSideErrorFallback/__tests__/ClientSideErrorFallback.spec.tsx:20:35)[39m
[31m            at Promise.then.completed (/home/bradleyjerome/projects/metrolinx/next.upexpress.com/node_modules/jest-circus/build/utils.js:293:28)[39m
[31m            at new Promise (<anonymous>)[39m
[31m            at callAsyncCircusFn (/home/bradleyjerome/projects/metrolinx/next.upexpress.com/node_modules/jest-circus/build/utils.js:226:10)[39m
[31m            at _callCircusTest (/home/bradleyjerome/projects/metrolinx/next.upexpress.com/node_modules/jest-circus/build/run.js:297:40)[39m
[31m            at processTicksAndRejections (node:internal/process/task_queues:103:5)[39m
[31m            at _runTest (/home/bradleyjerome/projects/metrolinx/next.upexpress.com/node_modules/jest-circus/build/run.js:233:3)[39m
[31m            at _runTestsForDescribeBlock (/home/bradleyjerome/projects/metrolinx/next.upexpress.com/node_modules/jest-circus/build/run.js:135:9)[39m
[31m            at _runTestsForDescribeBlock (/home/bradleyjerome/projects/metrolinx/next.upexpress.com/node_modules/jest-circus/build/run.js:130:9)[39m
[31m            at run (/home/bradleyjerome/projects/metrolinx/next.upexpress.com/node_modules/jest-circus/build/run.js:68:3)[39m
[31m            at runAndTransformResultsToJestFormat (/home/bradleyjerome/projects/metrolinx/next.upexpress.com/node_modules/jest-circus/build/legacy-code-todo-rewrite/jestAdapterInit.js:122:21)[39m
[31m            at jestAdapter (/home/bradleyjerome/projects/metrolinx/next.upexpress.com/node_modules/jest-circus/build/legacy-code-todo-rewrite/jestAdapter.js:79:19)[39m
[31m            at runTestInternal (/home/bradleyjerome/projects/metrolinx/next.upexpress.com/node_modules/jest-runner/build/runTest.js:367:16)[39m
[31m            at runTest (/home/bradleyjerome/projects/metrolinx/next.upexpress.com/node_modules/jest-runner/build/runTest.js:444:34)[39m
[31m            at Object.worker (/home/bradleyjerome/projects/metrolinx/next.upexpress.com/node_modules/jest-runner/build/testWorker.js:106:12),[39m
[31m        type: 'unhandled exception'[39m
[31m      }[39m
[2m[22m
[2m    [0m [90m 18 |[39m[22m
[2m     [90m 19 |[39m   it([32m`should render ClientSideErrorFallback component when there is an error`[39m[33m,[39m () [33m=>[39m {[22m
[2m    [31m[1m>[22m[2m[39m[90m 20 |[39m     [36mconst[39m { getByTestId } [33m=[39m render([22m
[2m     [90m    |[39m                                   [31m[1m^[22m[2m[39m[22m
[2m     [90m 21 |[39m       [33m<[39m[33mErrorBoundary[39m fallbackRender[33m=[39m{[33mClientSideErrorFallback[39m}[33m>[39m[22m
[2m     [90m 22 |[39m         [33m<[39m[33mErroringChild[39m [33m/[39m[33m>[39m[22m
[2m     [90m 23 |[39m       [33m<[39m[33m/[39m[33mErrorBoundary[39m[33m>[39m[33m,[39m[0m[22m
[2m[22m
[2m      [2mat VirtualConsole.<anonymous> ([22m[2mnode_modules/jest-environment-jsdom/build/index.js[2m:60:23)[22m[2m[22m
[2m      [2mat Object.invokeGuardedCallbackDev ([22m[2mnode_modules/react-dom/cjs/react-dom.development.js[2m:4213:16)[22m[2m[22m
[2m      [2mat invokeGuardedCallback ([22m[2mnode_modules/react-dom/cjs/react-dom.development.js[2m:4277:31)[22m[2m[22m
[2m      [2mat beginWork$1 ([22m[2mnode_modules/react-dom/cjs/react-dom.development.js[2m:27451:7)[22m[2m[22m
[2m      [2mat performUnitOfWork ([22m[2mnode_modules/react-dom/cjs/react-dom.development.js[2m:26560:12)[22m[2m[22m
[2m      [2mat workLoopSync ([22m[2mnode_modules/react-dom/cjs/react-dom.development.js[2m:26466:5)[22m[2m[22m
[2m      [2mat renderRootSync ([22m[2mnode_modules/react-dom/cjs/react-dom.development.js[2m:26434:7)[22m[2m[22m
[2m      [2mat performConcurrentWorkOnRoot ([22m[2mnode_modules/react-dom/cjs/react-dom.development.js[2m:25738:74)[22m[2m[22m
[2m      [2mat flushActQueue ([22m[2mnode_modules/react/cjs/react.development.js[2m:2667:24)[22m[2m[22m
[2m      [2mat act ([22m[2mnode_modules/react/cjs/react.development.js[2m:2582:11)[22m[2m[22m
[2m      [2mat [22m[2mnode_modules/@testing-library/react/dist/act-compat.js[2m:46:25[22m[2m[22m
[2m      [2mat renderRoot ([22m[2mnode_modules/@testing-library/react/dist/pure.js[2m:161:26)[22m[2m[22m
[2m      [2mat render ([22m[2mnode_modules/@testing-library/react/dist/pure.js[2m:247:10)[22m[2m[22m
[2m      [2mat Object.<anonymous> ([22m[2m[0m[36msrc/components/ClientSideErrorFallback/__tests__/ClientSideErrorFallback.spec.tsx[39m[0m[2m:20:35)[22m[2m[22m

    [2m[31mconsole.error[39m[22m
[31m      Error: Uncaught [Error: ][39m
[31m          at reportException (/home/bradleyjerome/projects/metrolinx/next.upexpress.com/node_modules/jest-environment-jsdom/node_modules/jsdom/lib/jsdom/living/helpers/runtime-script-errors.js:66:24)[39m
[31m          at innerInvokeEventListeners (/home/bradleyjerome/projects/metrolinx/next.upexpress.com/node_modules/jest-environment-jsdom/node_modules/jsdom/lib/jsdom/living/events/EventTarget-impl.js:353:9)[39m
[31m          at invokeEventListeners (/home/bradleyjerome/projects/metrolinx/next.upexpress.com/node_modules/jest-environment-jsdom/node_modules/jsdom/lib/jsdom/living/events/EventTarget-impl.js:286:3)[39m
[31m          at HTMLUnknownElementImpl._dispatch (/home/bradleyjerome/projects/metrolinx/next.upexpress.com/node_modules/jest-environment-jsdom/node_modules/jsdom/lib/jsdom/living/events/EventTarget-impl.js:233:9)[39m
[31m          at HTMLUnknownElementImpl.dispatchEvent (/home/bradleyjerome/projects/metrolinx/next.upexpress.com/node_modules/jest-environment-jsdom/node_modules/jsdom/lib/jsdom/living/events/EventTarget-impl.js:104:17)[39m
[31m          at HTMLUnknownElement.dispatchEvent (/home/bradleyjerome/projects/metrolinx/next.upexpress.com/node_modules/jest-environment-jsdom/node_modules/jsdom/lib/jsdom/living/generated/EventTarget.js:241:34)[39m
[31m          at Object.invokeGuardedCallbackDev (/home/bradleyjerome/projects/metrolinx/next.upexpress.com/node_modules/react-dom/cjs/react-dom.development.js:4213:16)[39m
[31m          at invokeGuardedCallback (/home/bradleyjerome/projects/metrolinx/next.upexpress.com/node_modules/react-dom/cjs/react-dom.development.js:4277:31)[39m
[31m          at beginWork$1 (/home/bradleyjerome/projects/metrolinx/next.upexpress.com/node_modules/react-dom/cjs/react-dom.development.js:27451:7)[39m
[31m          at performUnitOfWork (/home/bradleyjerome/projects/metrolinx/next.upexpress.com/node_modules/react-dom/cjs/react-dom.development.js:26560:12)[39m
[31m          at workLoopSync (/home/bradleyjerome/projects/metrolinx/next.upexpress.com/node_modules/react-dom/cjs/react-dom.development.js:26466:5)[39m
[31m          at renderRootSync (/home/bradleyjerome/projects/metrolinx/next.upexpress.com/node_modules/react-dom/cjs/react-dom.development.js:26434:7)[39m
[31m          at recoverFromConcurrentError (/home/bradleyjerome/projects/metrolinx/next.upexpress.com/node_modules/react-dom/cjs/react-dom.development.js:25850:20)[39m
[31m          at performConcurrentWorkOnRoot (/home/bradleyjerome/projects/metrolinx/next.upexpress.com/node_modules/react-dom/cjs/react-dom.development.js:25750:22)[39m
[31m          at flushActQueue (/home/bradleyjerome/projects/metrolinx/next.upexpress.com/node_modules/react/cjs/react.development.js:2667:24)[39m
[31m          at act (/home/bradleyjerome/projects/metrolinx/next.upexpress.com/node_modules/react/cjs/react.development.js:2582:11)[39m
[31m          at /home/bradleyjerome/projects/metrolinx/next.upexpress.com/node_modules/@testing-library/react/dist/act-compat.js:46:25[39m
[31m          at renderRoot (/home/bradleyjerome/projects/metrolinx/next.upexpress.com/node_modules/@testing-library/react/dist/pure.js:161:26)[39m
[31m          at render (/home/bradleyjerome/projects/metrolinx/next.upexpress.com/node_modules/@testing-library/react/dist/pure.js:247:10)[39m
[31m          at Object.<anonymous> (/home/bradleyjerome/projects/metrolinx/next.upexpress.com/src/components/ClientSideErrorFallback/__tests__/ClientSideErrorFallback.spec.tsx:20:35)[39m
[31m          at Promise.then.completed (/home/bradleyjerome/projects/metrolinx/next.upexpress.com/node_modules/jest-circus/build/utils.js:293:28)[39m
[31m          at new Promise (<anonymous>)[39m
[31m          at callAsyncCircusFn (/home/bradleyjerome/projects/metrolinx/next.upexpress.com/node_modules/jest-circus/build/utils.js:226:10)[39m
[31m          at _callCircusTest (/home/bradleyjerome/projects/metrolinx/next.upexpress.com/node_modules/jest-circus/build/run.js:297:40)[39m
[31m          at processTicksAndRejections (node:internal/process/task_queues:103:5)[39m
[31m          at _runTest (/home/bradleyjerome/projects/metrolinx/next.upexpress.com/node_modules/jest-circus/build/run.js:233:3)[39m
[31m          at _runTestsForDescribeBlock (/home/bradleyjerome/projects/metrolinx/next.upexpress.com/node_modules/jest-circus/build/run.js:135:9)[39m
[31m          at _runTestsForDescribeBlock (/home/bradleyjerome/projects/metrolinx/next.upexpress.com/node_modules/jest-circus/build/run.js:130:9)[39m
[31m          at run (/home/bradleyjerome/projects/metrolinx/next.upexpress.com/node_modules/jest-circus/build/run.js:68:3)[39m
[31m          at runAndTransformResultsToJestFormat (/home/bradleyjerome/projects/metrolinx/next.upexpress.com/node_modules/jest-circus/build/legacy-code-todo-rewrite/jestAdapterInit.js:122:21)[39m
[31m          at jestAdapter (/home/bradleyjerome/projects/metrolinx/next.upexpress.com/node_modules/jest-circus/build/legacy-code-todo-rewrite/jestAdapter.js:79:19)[39m
[31m          at runTestInternal (/home/bradleyjerome/projects/metrolinx/next.upexpress.com/node_modules/jest-runner/build/runTest.js:367:16)[39m
[31m          at runTest (/home/bradleyjerome/projects/metrolinx/next.upexpress.com/node_modules/jest-runner/build/runTest.js:444:34)[39m
[31m          at Object.worker (/home/bradleyjerome/projects/metrolinx/next.upexpress.com/node_modules/jest-runner/build/testWorker.js:106:12) {[39m
[31m        detail: Error: [39m
[31m            at ErroringChild (/home/bradleyjerome/projects/metrolinx/next.upexpress.com/src/components/ClientSideErrorFallback/__tests__/ClientSideErrorFallback.spec.tsx:6:9)[39m
[31m            at renderWithHooks (/home/bradleyjerome/projects/metrolinx/next.upexpress.com/node_modules/react-dom/cjs/react-dom.development.js:16305:18)[39m
[31m            at mountIndeterminateComponent (/home/bradleyjerome/projects/metrolinx/next.upexpress.com/node_modules/react-dom/cjs/react-dom.development.js:20074:13)[39m
[31m            at beginWork (/home/bradleyjerome/projects/metrolinx/next.upexpress.com/node_modules/react-dom/cjs/react-dom.development.js:21587:16)[39m
[31m            at HTMLUnknownElement.callCallback (/home/bradleyjerome/projects/metrolinx/next.upexpress.com/node_modules/react-dom/cjs/react-dom.development.js:4164:14)[39m
[31m            at HTMLUnknownElement.callTheUserObjectsOperation (/home/bradleyjerome/projects/metrolinx/next.upexpress.com/node_modules/jest-environment-jsdom/node_modules/jsdom/lib/jsdom/living/generated/EventListener.js:26:30)[39m
[31m            at innerInvokeEventListeners (/home/bradleyjerome/projects/metrolinx/next.upexpress.com/node_modules/jest-environment-jsdom/node_modules/jsdom/lib/jsdom/living/events/EventTarget-impl.js:350:25)[39m
[31m            at invokeEventListeners (/home/bradleyjerome/projects/metrolinx/next.upexpress.com/node_modules/jest-environment-jsdom/node_modules/jsdom/lib/jsdom/living/events/EventTarget-impl.js:286:3)[39m
[31m            at HTMLUnknownElementImpl._dispatch (/home/bradleyjerome/projects/metrolinx/next.upexpress.com/node_modules/jest-environment-jsdom/node_modules/jsdom/lib/jsdom/living/events/EventTarget-impl.js:233:9)[39m
[31m            at HTMLUnknownElementImpl.dispatchEvent (/home/bradleyjerome/projects/metrolinx/next.upexpress.com/node_modules/jest-environment-jsdom/node_modules/jsdom/lib/jsdom/living/events/EventTarget-impl.js:104:17)[39m
[31m            at HTMLUnknownElement.dispatchEvent (/home/bradleyjerome/projects/metrolinx/next.upexpress.com/node_modules/jest-environment-jsdom/node_modules/jsdom/lib/jsdom/living/generated/EventTarget.js:241:34)[39m
[31m            at Object.invokeGuardedCallbackDev (/home/bradleyjerome/projects/metrolinx/next.upexpress.com/node_modules/react-dom/cjs/react-dom.development.js:4213:16)[39m
[31m            at invokeGuardedCallback (/home/bradleyjerome/projects/metrolinx/next.upexpress.com/node_modules/react-dom/cjs/react-dom.development.js:4277:31)[39m
[31m            at beginWork$1 (/home/bradleyjerome/projects/metrolinx/next.upexpress.com/node_modules/react-dom/cjs/react-dom.development.js:27451:7)[39m
[31m            at performUnitOfWork (/home/bradleyjerome/projects/metrolinx/next.upexpress.com/node_modules/react-dom/cjs/react-dom.development.js:26560:12)[39m
[31m            at workLoopSync (/home/bradleyjerome/projects/metrolinx/next.upexpress.com/node_modules/react-dom/cjs/react-dom.development.js:26466:5)[39m
[31m            at renderRootSync (/home/bradleyjerome/projects/metrolinx/next.upexpress.com/node_modules/react-dom/cjs/react-dom.development.js:26434:7)[39m
[31m            at recoverFromConcurrentError (/home/bradleyjerome/projects/metrolinx/next.upexpress.com/node_modules/react-dom/cjs/react-dom.development.js:25850:20)[39m
[31m            at performConcurrentWorkOnRoot (/home/bradleyjerome/projects/metrolinx/next.upexpress.com/node_modules/react-dom/cjs/react-dom.development.js:25750:22)[39m
[31m            at flushActQueue (/home/bradleyjerome/projects/metrolinx/next.upexpress.com/node_modules/react/cjs/react.development.js:2667:24)[39m
[31m            at act (/home/bradleyjerome/projects/metrolinx/next.upexpress.com/node_modules/react/cjs/react.development.js:2582:11)[39m
[31m            at /home/bradleyjerome/projects/metrolinx/next.upexpress.com/node_modules/@testing-library/react/dist/act-compat.js:46:25[39m
[31m            at renderRoot (/home/bradleyjerome/projects/metrolinx/next.upexpress.com/node_modules/@testing-library/react/dist/pure.js:161:26)[39m
[31m            at render (/home/bradleyjerome/projects/metrolinx/next.upexpress.com/node_modules/@testing-library/react/dist/pure.js:247:10)[39m
[31m            at Object.<anonymous> (/home/bradleyjerome/projects/metrolinx/next.upexpress.com/src/components/ClientSideErrorFallback/__tests__/ClientSideErrorFallback.spec.tsx:20:35)[39m
[31m            at Promise.then.completed (/home/bradleyjerome/projects/metrolinx/next.upexpress.com/node_modules/jest-circus/build/utils.js:293:28)[39m
[31m            at new Promise (<anonymous>)[39m
[31m            at callAsyncCircusFn (/home/bradleyjerome/projects/metrolinx/next.upexpress.com/node_modules/jest-circus/build/utils.js:226:10)[39m
[31m            at _callCircusTest (/home/bradleyjerome/projects/metrolinx/next.upexpress.com/node_modules/jest-circus/build/run.js:297:40)[39m
[31m            at processTicksAndRejections (node:internal/process/task_queues:103:5)[39m
[31m            at _runTest (/home/bradleyjerome/projects/metrolinx/next.upexpress.com/node_modules/jest-circus/build/run.js:233:3)[39m
[31m            at _runTestsForDescribeBlock (/home/bradleyjerome/projects/metrolinx/next.upexpress.com/node_modules/jest-circus/build/run.js:135:9)[39m
[31m            at _runTestsForDescribeBlock (/home/bradleyjerome/projects/metrolinx/next.upexpress.com/node_modules/jest-circus/build/run.js:130:9)[39m
[31m            at run (/home/bradleyjerome/projects/metrolinx/next.upexpress.com/node_modules/jest-circus/build/run.js:68:3)[39m
[31m            at runAndTransformResultsToJestFormat (/home/bradleyjerome/projects/metrolinx/next.upexpress.com/node_modules/jest-circus/build/legacy-code-todo-rewrite/jestAdapterInit.js:122:21)[39m
[31m            at jestAdapter (/home/bradleyjerome/projects/metrolinx/next.upexpress.com/node_modules/jest-circus/build/legacy-code-todo-rewrite/jestAdapter.js:79:19)[39m
[31m            at runTestInternal (/home/bradleyjerome/projects/metrolinx/next.upexpress.com/node_modules/jest-runner/build/runTest.js:367:16)[39m
[31m            at runTest (/home/bradleyjerome/projects/metrolinx/next.upexpress.com/node_modules/jest-runner/build/runTest.js:444:34)[39m
[31m            at Object.worker (/home/bradleyjerome/projects/metrolinx/next.upexpress.com/node_modules/jest-runner/build/testWorker.js:106:12),[39m
[31m        type: 'unhandled exception'[39m
[31m      }[39m
[2m[22m
[2m    [0m [90m 18 |[39m[22m
[2m     [90m 19 |[39m   it([32m`should render ClientSideErrorFallback component when there is an error`[39m[33m,[39m () [33m=>[39m {[22m
[2m    [31m[1m>[22m[2m[39m[90m 20 |[39m     [36mconst[39m { getByTestId } [33m=[39m render([22m
[2m     [90m    |[39m                                   [31m[1m^[22m[2m[39m[22m
[2m     [90m 21 |[39m       [33m<[39m[33mErrorBoundary[39m fallbackRender[33m=[39m{[33mClientSideErrorFallback[39m}[33m>[39m[22m
[2m     [90m 22 |[39m         [33m<[39m[33mErroringChild[39m [33m/[39m[33m>[39m[22m
[2m     [90m 23 |[39m       [33m<[39m[33m/[39m[33mErrorBoundary[39m[33m>[39m[33m,[39m[0m[22m
[2m[22m
[2m      [2mat VirtualConsole.<anonymous> ([22m[2mnode_modules/jest-environment-jsdom/build/index.js[2m:60:23)[22m[2m[22m
[2m      [2mat Object.invokeGuardedCallbackDev ([22m[2mnode_modules/react-dom/cjs/react-dom.development.js[2m:4213:16)[22m[2m[22m
[2m      [2mat invokeGuardedCallback ([22m[2mnode_modules/react-dom/cjs/react-dom.development.js[2m:4277:31)[22m[2m[22m
[2m      [2mat beginWork$1 ([22m[2mnode_modules/react-dom/cjs/react-dom.development.js[2m:27451:7)[22m[2m[22m
[2m      [2mat performUnitOfWork ([22m[2mnode_modules/react-dom/cjs/react-dom.development.js[2m:26560:12)[22m[2m[22m
[2m      [2mat workLoopSync ([22m[2mnode_modules/react-dom/cjs/react-dom.development.js[2m:26466:5)[22m[2m[22m
[2m      [2mat renderRootSync ([22m[2mnode_modules/react-dom/cjs/react-dom.development.js[2m:26434:7)[22m[2m[22m
[2m      [2mat recoverFromConcurrentError ([22m[2mnode_modules/react-dom/cjs/react-dom.development.js[2m:25850:20)[22m[2m[22m
[2m      [2mat performConcurrentWorkOnRoot ([22m[2mnode_modules/react-dom/cjs/react-dom.development.js[2m:25750:22)[22m[2m[22m
[2m      [2mat flushActQueue ([22m[2mnode_modules/react/cjs/react.development.js[2m:2667:24)[22m[2m[22m
[2m      [2mat act ([22m[2mnode_modules/react/cjs/react.development.js[2m:2582:11)[22m[2m[22m
[2m      [2mat [22m[2mnode_modules/@testing-library/react/dist/act-compat.js[2m:46:25[22m[2m[22m
[2m      [2mat renderRoot ([22m[2mnode_modules/@testing-library/react/dist/pure.js[2m:161:26)[22m[2m[22m
[2m      [2mat render ([22m[2mnode_modules/@testing-library/react/dist/pure.js[2m:247:10)[22m[2m[22m
[2m      [2mat Object.<anonymous> ([22m[2m[0m[36msrc/components/ClientSideErrorFallback/__tests__/ClientSideErrorFallback.spec.tsx[39m[0m[2m:20:35)[22m[2m[22m

    [2m[31mconsole.error[39m[22m
[31m      The above error occurred in the <ErroringChild> component:[39m
[31m      [39m
[31m          at ErroringChild (/home/bradleyjerome/projects/metrolinx/next.upexpress.com/src/components/ClientSideErrorFallback/__tests__/ClientSideErrorFallback.spec.tsx:6:9)[39m
[31m          at $6d6d4999e62b3ee0$export$e926676385687eaf (/home/bradleyjerome/projects/metrolinx/next.upexpress.com/node_modules/react-error-boundary/dist/src/ErrorBoundary.ts:20:8)[39m
[31m      [39m
[31m      React will try to recreate this component tree from scratch using the error boundary you provided, $6d6d4999e62b3ee0$export$e926676385687eaf.[39m
[2m[22m
[2m    [0m [90m 18 |[39m[22m
[2m     [90m 19 |[39m   it([32m`should render ClientSideErrorFallback component when there is an error`[39m[33m,[39m () [33m=>[39m {[22m
[2m    [31m[1m>[22m[2m[39m[90m 20 |[39m     [36mconst[39m { getByTestId } [33m=[39m render([22m
[2m     [90m    |[39m                                   [31m[1m^[22m[2m[39m[22m
[2m     [90m 21 |[39m       [33m<[39m[33mErrorBoundary[39m fallbackRender[33m=[39m{[33mClientSideErrorFallback[39m}[33m>[39m[22m
[2m     [90m 22 |[39m         [33m<[39m[33mErroringChild[39m [33m/[39m[33m>[39m[22m
[2m     [90m 23 |[39m       [33m<[39m[33m/[39m[33mErrorBoundary[39m[33m>[39m[33m,[39m[0m[22m
[2m[22m
[2m      [2mat logCapturedError ([22m[2mnode_modules/react-dom/cjs/react-dom.development.js[2m:18687:23)[22m[2m[22m
[2m      [2mat $6d6d4999e62b3ee0$export$e926676385687eaf.callback ([22m[2mnode_modules/react-dom/cjs/react-dom.development.js[2m:18755:7)[22m[2m[22m
[2m      [2mat callCallback ([22m[2mnode_modules/react-dom/cjs/react-dom.development.js[2m:13923:12)[22m[2m[22m
[2m      [2mat commitUpdateQueue ([22m[2mnode_modules/react-dom/cjs/react-dom.development.js[2m:13944:9)[22m[2m[22m
[2m      [2mat commitLayoutEffectOnFiber ([22m[2mnode_modules/react-dom/cjs/react-dom.development.js[2m:23364:13)[22m[2m[22m
[2m      [2mat commitLayoutMountEffects_complete ([22m[2mnode_modules/react-dom/cjs/react-dom.development.js[2m:24688:9)[22m[2m[22m
[2m      [2mat commitLayoutEffects_begin ([22m[2mnode_modules/react-dom/cjs/react-dom.development.js[2m:24674:7)[22m[2m[22m
[2m      [2mat commitLayoutEffects ([22m[2mnode_modules/react-dom/cjs/react-dom.development.js[2m:24612:3)[22m[2m[22m
[2m      [2mat commitRootImpl ([22m[2mnode_modules/react-dom/cjs/react-dom.development.js[2m:26823:5)[22m[2m[22m
[2m      [2mat commitRoot ([22m[2mnode_modules/react-dom/cjs/react-dom.development.js[2m:26682:5)[22m[2m[22m
[2m      [2mat finishConcurrentRender ([22m[2mnode_modules/react-dom/cjs/react-dom.development.js[2m:25892:9)[22m[2m[22m
[2m      [2mat performConcurrentWorkOnRoot ([22m[2mnode_modules/react-dom/cjs/react-dom.development.js[2m:25809:7)[22m[2m[22m
[2m      [2mat flushActQueue ([22m[2mnode_modules/react/cjs/react.development.js[2m:2667:24)[22m[2m[22m
[2m      [2mat act ([22m[2mnode_modules/react/cjs/react.development.js[2m:2582:11)[22m[2m[22m
[2m      [2mat [22m[2mnode_modules/@testing-library/react/dist/act-compat.js[2m:46:25[22m[2m[22m
[2m      [2mat renderRoot ([22m[2mnode_modules/@testing-library/react/dist/pure.js[2m:161:26)[22m[2m[22m
[2m      [2mat render ([22m[2mnode_modules/@testing-library/react/dist/pure.js[2m:247:10)[22m[2m[22m
[2m      [2mat Object.<anonymous> ([22m[2m[0m[36msrc/components/ClientSideErrorFallback/__tests__/ClientSideErrorFallback.spec.tsx[39m[0m[2m:20:35)[22m[2m[22m

[0m[7m[1m[32m PASS [39m[22m[27m[0m [2msrc/components/pages/Homepage/DeparturesAndSchedule/NextDepartures/__tests__/[22m[1mNextDepartures.spec.tsx[22m ([0m[1m[41m5.382 s[49m[22m[0m)
[0m[7m[1m[32m PASS [39m[22m[27m[0m [2msrc/utils/__tests__/[22m[1mbreadcrumbs.spec.ts[22m
[0m[7m[1m[32m PASS [39m[22m[27m[0m [2msrc/components/contentstack/ContentStackFeatureListing/[22m[1mutils.spec.ts[22m
[0m[7m[1m[32m PASS [39m[22m[27m[0m [2msrc/components/contentstack/ContentStackGallery/[22m[1mContentStackGallery.spec.tsx[22m ([0m[1m[41m8.584 s[49m[22m[0m)
  [1m● [22mConsole

    [2m[33mconsole.warn[39m[22m
[33m      Image with src "/cld-sample-1" and "layout='fill'" has unused properties assigned. Please remove "width" and "height".[39m
[2m[22m
[2m    [0m [90m 60 |[39m       name[33m:[39m content[33m.[39mcta_label[33m,[39m[22m
[2m     [90m 61 |[39m     })[33m;[39m[22m
[2m    [31m[1m>[22m[2m[39m[90m 62 |[39m     [36mawait[39m userEvent[33m.[39mclick(openGalleryCTA)[33m;[39m[22m
[2m     [90m    |[39m     [31m[1m^[22m[2m[39m[22m
[2m     [90m 63 |[39m     expect([22m
[2m     [90m 64 |[39m       screen[33m.[39mgetByRole([32m"heading"[39m[33m,[39m {[22m
[2m     [90m 65 |[39m         name[33m:[39m [35m/imageGallery.title/i[39m[33m,[39m[0m[22m
[2m[22m
[2m      [2mat warn ([22m[2mnode_modules/next/src/shared/lib/utils/warn-once.ts[2m:6:15)[22m[2m[22m
[2m      [2mat Image ([22m[2mnode_modules/next/src/client/legacy/image.tsx[2m:815:7)[22m[2m[22m
[2m      [2mat renderWithHooks ([22m[2mnode_modules/react-dom/cjs/react-dom.development.js[2m:16305:18)[22m[2m[22m
[2m      [2mat mountIndeterminateComponent ([22m[2mnode_modules/react-dom/cjs/react-dom.development.js[2m:20074:13)[22m[2m[22m
[2m      [2mat beginWork ([22m[2mnode_modules/react-dom/cjs/react-dom.development.js[2m:21587:16)[22m[2m[22m
[2m      [2mat beginWork$1 ([22m[2mnode_modules/react-dom/cjs/react-dom.development.js[2m:27426:14)[22m[2m[22m
[2m      [2mat performUnitOfWork ([22m[2mnode_modules/react-dom/cjs/react-dom.development.js[2m:26560:12)[22m[2m[22m
[2m      [2mat workLoopSync ([22m[2mnode_modules/react-dom/cjs/react-dom.development.js[2m:26466:5)[22m[2m[22m
[2m      [2mat renderRootSync ([22m[2mnode_modules/react-dom/cjs/react-dom.development.js[2m:26434:7)[22m[2m[22m
[2m      [2mat performConcurrentWorkOnRoot ([22m[2mnode_modules/react-dom/cjs/react-dom.development.js[2m:25738:74)[22m[2m[22m
[2m      [2mat flushActQueue ([22m[2mnode_modules/react/cjs/react.development.js[2m:2667:24)[22m[2m[22m
[2m      [2mat act ([22m[2mnode_modules/react/cjs/react.development.js[2m:2582:11)[22m[2m[22m
[2m      [2mat [22m[2mnode_modules/@testing-library/react/dist/act-compat.js[2m:46:25[22m[2m[22m
[2m      [2mat Object.eventWrapper ([22m[2mnode_modules/@testing-library/react/dist/pure.js[2m:92:28)[22m[2m[22m
[2m      [2mat Object.wrapEvent ([22m[2mnode_modules/@testing-library/user-event/dist/cjs/event/wrapEvent.js[2m:8:28)[22m[2m[22m
[2m      [2mat Object.dispatchEvent ([22m[2mnode_modules/@testing-library/user-event/dist/cjs/event/dispatchEvent.js[2m:47:22)[22m[2m[22m
[2m      [2mat Object.dispatchUIEvent ([22m[2mnode_modules/@testing-library/user-event/dist/cjs/event/dispatchEvent.js[2m:24:26)[22m[2m[22m
[2m      [2mat Mouse.up ([22m[2mnode_modules/@testing-library/user-event/dist/cjs/system/pointer/mouse.js[2m:91:30)[22m[2m[22m
[2m      [2mat PointerHost.release ([22m[2mnode_modules/@testing-library/user-event/dist/cjs/system/pointer/index.js[2m:74:28)[22m[2m[22m
[2m      [2mat pointerAction ([22m[2mnode_modules/@testing-library/user-event/dist/cjs/pointer/index.js[2m:62:47)[22m[2m[22m
[2m      [2mat Object.pointer ([22m[2mnode_modules/@testing-library/user-event/dist/cjs/pointer/index.js[2m:35:9)[22m[2m[22m
[2m      [2mat Object.asyncWrapper ([22m[2mnode_modules/@testing-library/react/dist/pure.js[2m:73:22)[22m[2m[22m
[2m      [2mat Object.<anonymous> ([22m[2m[0m[36msrc/components/contentstack/ContentStackGallery/ContentStackGallery.spec.tsx[39m[0m[2m:62:5)[22m[2m[22m

    [2m[33mconsole.warn[39m[22m
[33m      Image with src "/cld-sample-2" and "layout='fill'" has unused properties assigned. Please remove "width" and "height".[39m
[2m[22m
[2m    [0m [90m 60 |[39m       name[33m:[39m content[33m.[39mcta_label[33m,[39m[22m
[2m     [90m 61 |[39m     })[33m;[39m[22m
[2m    [31m[1m>[22m[2m[39m[90m 62 |[39m     [36mawait[39m userEvent[33m.[39mclick(openGalleryCTA)[33m;[39m[22m
[2m     [90m    |[39m     [31m[1m^[22m[2m[39m[22m
[2m     [90m 63 |[39m     expect([22m
[2m     [90m 64 |[39m       screen[33m.[39mgetByRole([32m"heading"[39m[33m,[39m {[22m
[2m     [90m 65 |[39m         name[33m:[39m [35m/imageGallery.title/i[39m[33m,[39m[0m[22m
[2m[22m
[2m      [2mat warn ([22m[2mnode_modules/next/src/shared/lib/utils/warn-once.ts[2m:6:15)[22m[2m[22m
[2m      [2mat Image ([22m[2mnode_modules/next/src/client/legacy/image.tsx[2m:815:7)[22m[2m[22m
[2m      [2mat renderWithHooks ([22m[2mnode_modules/react-dom/cjs/react-dom.development.js[2m:16305:18)[22m[2m[22m
[2m      [2mat mountIndeterminateComponent ([22m[2mnode_modules/react-dom/cjs/react-dom.development.js[2m:20074:13)[22m[2m[22m
[2m      [2mat beginWork ([22m[2mnode_modules/react-dom/cjs/react-dom.development.js[2m:21587:16)[22m[2m[22m
[2m      [2mat beginWork$1 ([22m[2mnode_modules/react-dom/cjs/react-dom.development.js[2m:27426:14)[22m[2m[22m
[2m      [2mat performUnitOfWork ([22m[2mnode_modules/react-dom/cjs/react-dom.development.js[2m:26560:12)[22m[2m[22m
[2m      [2mat workLoopSync ([22m[2mnode_modules/react-dom/cjs/react-dom.development.js[2m:26466:5)[22m[2m[22m
[2m      [2mat renderRootSync ([22m[2mnode_modules/react-dom/cjs/react-dom.development.js[2m:26434:7)[22m[2m[22m
[2m      [2mat performConcurrentWorkOnRoot ([22m[2mnode_modules/react-dom/cjs/react-dom.development.js[2m:25738:74)[22m[2m[22m
[2m      [2mat flushActQueue ([22m[2mnode_modules/react/cjs/react.development.js[2m:2667:24)[22m[2m[22m
[2m      [2mat act ([22m[2mnode_modules/react/cjs/react.development.js[2m:2582:11)[22m[2m[22m
[2m      [2mat [22m[2mnode_modules/@testing-library/react/dist/act-compat.js[2m:46:25[22m[2m[22m
[2m      [2mat Object.eventWrapper ([22m[2mnode_modules/@testing-library/react/dist/pure.js[2m:92:28)[22m[2m[22m
[2m      [2mat Object.wrapEvent ([22m[2mnode_modules/@testing-library/user-event/dist/cjs/event/wrapEvent.js[2m:8:28)[22m[2m[22m
[2m      [2mat Object.dispatchEvent ([22m[2mnode_modules/@testing-library/user-event/dist/cjs/event/dispatchEvent.js[2m:47:22)[22m[2m[22m
[2m      [2mat Object.dispatchUIEvent ([22m[2mnode_modules/@testing-library/user-event/dist/cjs/event/dispatchEvent.js[2m:24:26)[22m[2m[22m
[2m      [2mat Mouse.up ([22m[2mnode_modules/@testing-library/user-event/dist/cjs/system/pointer/mouse.js[2m:91:30)[22m[2m[22m
[2m      [2mat PointerHost.release ([22m[2mnode_modules/@testing-library/user-event/dist/cjs/system/pointer/index.js[2m:74:28)[22m[2m[22m
[2m      [2mat pointerAction ([22m[2mnode_modules/@testing-library/user-event/dist/cjs/pointer/index.js[2m:62:47)[22m[2m[22m
[2m      [2mat Object.pointer ([22m[2mnode_modules/@testing-library/user-event/dist/cjs/pointer/index.js[2m:35:9)[22m[2m[22m
[2m      [2mat Object.asyncWrapper ([22m[2mnode_modules/@testing-library/react/dist/pure.js[2m:73:22)[22m[2m[22m
[2m      [2mat Object.<anonymous> ([22m[2m[0m[36msrc/components/contentstack/ContentStackGallery/ContentStackGallery.spec.tsx[39m[0m[2m:62:5)[22m[2m[22m

    [2m[33mconsole.warn[39m[22m
[33m      Image with src "/cld-sample-3" and "layout='fill'" has unused properties assigned. Please remove "width" and "height".[39m
[2m[22m
[2m    [0m [90m 60 |[39m       name[33m:[39m content[33m.[39mcta_label[33m,[39m[22m
[2m     [90m 61 |[39m     })[33m;[39m[22m
[2m    [31m[1m>[22m[2m[39m[90m 62 |[39m     [36mawait[39m userEvent[33m.[39mclick(openGalleryCTA)[33m;[39m[22m
[2m     [90m    |[39m     [31m[1m^[22m[2m[39m[22m
[2m     [90m 63 |[39m     expect([22m
[2m     [90m 64 |[39m       screen[33m.[39mgetByRole([32m"heading"[39m[33m,[39m {[22m
[2m     [90m 65 |[39m         name[33m:[39m [35m/imageGallery.title/i[39m[33m,[39m[0m[22m
[2m[22m
[2m      [2mat warn ([22m[2mnode_modules/next/src/shared/lib/utils/warn-once.ts[2m:6:15)[22m[2m[22m
[2m      [2mat Image ([22m[2mnode_modules/next/src/client/legacy/image.tsx[2m:815:7)[22m[2m[22m
[2m      [2mat renderWithHooks ([22m[2mnode_modules/react-dom/cjs/react-dom.development.js[2m:16305:18)[22m[2m[22m
[2m      [2mat mountIndeterminateComponent ([22m[2mnode_modules/react-dom/cjs/react-dom.development.js[2m:20074:13)[22m[2m[22m
[2m      [2mat beginWork ([22m[2mnode_modules/react-dom/cjs/react-dom.development.js[2m:21587:16)[22m[2m[22m
[2m      [2mat beginWork$1 ([22m[2mnode_modules/react-dom/cjs/react-dom.development.js[2m:27426:14)[22m[2m[22m
[2m      [2mat performUnitOfWork ([22m[2mnode_modules/react-dom/cjs/react-dom.development.js[2m:26560:12)[22m[2m[22m
[2m      [2mat workLoopSync ([22m[2mnode_modules/react-dom/cjs/react-dom.development.js[2m:26466:5)[22m[2m[22m
[2m      [2mat renderRootSync ([22m[2mnode_modules/react-dom/cjs/react-dom.development.js[2m:26434:7)[22m[2m[22m
[2m      [2mat performConcurrentWorkOnRoot ([22m[2mnode_modules/react-dom/cjs/react-dom.development.js[2m:25738:74)[22m[2m[22m
[2m      [2mat flushActQueue ([22m[2mnode_modules/react/cjs/react.development.js[2m:2667:24)[22m[2m[22m
[2m      [2mat act ([22m[2mnode_modules/react/cjs/react.development.js[2m:2582:11)[22m[2m[22m
[2m      [2mat [22m[2mnode_modules/@testing-library/react/dist/act-compat.js[2m:46:25[22m[2m[22m
[2m      [2mat Object.eventWrapper ([22m[2mnode_modules/@testing-library/react/dist/pure.js[2m:92:28)[22m[2m[22m
[2m      [2mat Object.wrapEvent ([22m[2mnode_modules/@testing-library/user-event/dist/cjs/event/wrapEvent.js[2m:8:28)[22m[2m[22m
[2m      [2mat Object.dispatchEvent ([22m[2mnode_modules/@testing-library/user-event/dist/cjs/event/dispatchEvent.js[2m:47:22)[22m[2m[22m
[2m      [2mat Object.dispatchUIEvent ([22m[2mnode_modules/@testing-library/user-event/dist/cjs/event/dispatchEvent.js[2m:24:26)[22m[2m[22m
[2m      [2mat Mouse.up ([22m[2mnode_modules/@testing-library/user-event/dist/cjs/system/pointer/mouse.js[2m:91:30)[22m[2m[22m
[2m      [2mat PointerHost.release ([22m[2mnode_modules/@testing-library/user-event/dist/cjs/system/pointer/index.js[2m:74:28)[22m[2m[22m
[2m      [2mat pointerAction ([22m[2mnode_modules/@testing-library/user-event/dist/cjs/pointer/index.js[2m:62:47)[22m[2m[22m
[2m      [2mat Object.pointer ([22m[2mnode_modules/@testing-library/user-event/dist/cjs/pointer/index.js[2m:35:9)[22m[2m[22m
[2m      [2mat Object.asyncWrapper ([22m[2mnode_modules/@testing-library/react/dist/pure.js[2m:73:22)[22m[2m[22m
[2m      [2mat Object.<anonymous> ([22m[2m[0m[36msrc/components/contentstack/ContentStackGallery/ContentStackGallery.spec.tsx[39m[0m[2m:62:5)[22m[2m[22m

    [2m[33mconsole.warn[39m[22m
[33m      Swiper Loop Warning: The number of slides is not enough for loop mode, it will be disabled or not function properly. You need to add more slides (or make duplicates) or lower the values of slidesPerView and slidesPerGroup parameters[39m
[2m[22m
[2m    [0m [90m 60 |[39m       name[33m:[39m content[33m.[39mcta_label[33m,[39m[22m
[2m     [90m 61 |[39m     })[33m;[39m[22m
[2m    [31m[1m>[22m[2m[39m[90m 62 |[39m     [36mawait[39m userEvent[33m.[39mclick(openGalleryCTA)[33m;[39m[22m
[2m     [90m    |[39m     [31m[1m^[22m[2m[39m[22m
[2m     [90m 63 |[39m     expect([22m
[2m     [90m 64 |[39m       screen[33m.[39mgetByRole([32m"heading"[39m[33m,[39m {[22m
[2m     [90m 65 |[39m         name[33m:[39m [35m/imageGallery.title/i[39m[33m,[39m[0m[22m
[2m[22m
[2m      [2mat Object.<anonymous>.exports.v ([22m[2mnode_modules/@metrolinx/cx-shared/node_modules/swiper/shared/utils.mjs[2m:213:1)[22m[2m[22m
[2m      [2mat G.loopFix ([22m[2mnode_modules/@metrolinx/cx-shared/node_modules/swiper/shared/swiper-core.mjs[2m:1922:17)[22m[2m[22m
[2m      [2mat G.slideRealIndex [as loopCreate] ([22m[2mnode_modules/@metrolinx/cx-shared/node_modules/swiper/shared/swiper-core.mjs[2m:1854:5)[22m[2m[22m
[2m      [2mat G.init ([22m[2mnode_modules/@metrolinx/cx-shared/node_modules/swiper/shared/swiper-core.mjs[2m:3805:36)[22m[2m[22m
[2m      [2mat Object.swiper [as m] ([22m[2mnode_modules/@metrolinx/cx-shared/node_modules/swiper/shared/update-on-virtual-data.mjs[2m:113:29)[22m[2m[22m
[2m      [2mat nextEl ([22m[2mnode_modules/@metrolinx/cx-shared/node_modules/swiper/swiper-react.mjs[2m:235:7)[22m[2m[22m
[2m      [2mat commitHookEffectListMount ([22m[2mnode_modules/react-dom/cjs/react-dom.development.js[2m:23150:26)[22m[2m[22m
[2m      [2mat commitLayoutEffectOnFiber ([22m[2mnode_modules/react-dom/cjs/react-dom.development.js[2m:23273:15)[22m[2m[22m
[2m      [2mat commitLayoutMountEffects_complete ([22m[2mnode_modules/react-dom/cjs/react-dom.development.js[2m:24688:9)[22m[2m[22m
[2m      [2mat commitLayoutEffects_begin ([22m[2mnode_modules/react-dom/cjs/react-dom.development.js[2m:24674:7)[22m[2m[22m
[2m      [2mat commitLayoutEffects ([22m[2mnode_modules/react-dom/cjs/react-dom.development.js[2m:24612:3)[22m[2m[22m
[2m      [2mat commitRootImpl ([22m[2mnode_modules/react-dom/cjs/react-dom.development.js[2m:26823:5)[22m[2m[22m
[2m      [2mat commitRoot ([22m[2mnode_modules/react-dom/cjs/react-dom.development.js[2m:26682:5)[22m[2m[22m
[2m      [2mat finishConcurrentRender ([22m[2mnode_modules/react-dom/cjs/react-dom.development.js[2m:25981:9)[22m[2m[22m
[2m      [2mat performConcurrentWorkOnRoot ([22m[2mnode_modules/react-dom/cjs/react-dom.development.js[2m:25809:7)[22m[2m[22m
[2m      [2mat flushActQueue ([22m[2mnode_modules/react/cjs/react.development.js[2m:2667:24)[22m[2m[22m
[2m      [2mat act ([22m[2mnode_modules/react/cjs/react.development.js[2m:2582:11)[22m[2m[22m
[2m      [2mat [22m[2mnode_modules/@testing-library/react/dist/act-compat.js[2m:46:25[22m[2m[22m
[2m      [2mat Object.eventWrapper ([22m[2mnode_modules/@testing-library/react/dist/pure.js[2m:92:28)[22m[2m[22m
[2m      [2mat Object.wrapEvent ([22m[2mnode_modules/@testing-library/user-event/dist/cjs/event/wrapEvent.js[2m:8:28)[22m[2m[22m
[2m      [2mat Object.dispatchEvent ([22m[2mnode_modules/@testing-library/user-event/dist/cjs/event/dispatchEvent.js[2m:47:22)[22m[2m[22m
[2m      [2mat Object.dispatchUIEvent ([22m[2mnode_modules/@testing-library/user-event/dist/cjs/event/dispatchEvent.js[2m:24:26)[22m[2m[22m
[2m      [2mat Mouse.up ([22m[2mnode_modules/@testing-library/user-event/dist/cjs/system/pointer/mouse.js[2m:91:30)[22m[2m[22m
[2m      [2mat PointerHost.release ([22m[2mnode_modules/@testing-library/user-event/dist/cjs/system/pointer/index.js[2m:74:28)[22m[2m[22m
[2m      [2mat pointerAction ([22m[2mnode_modules/@testing-library/user-event/dist/cjs/pointer/index.js[2m:62:47)[22m[2m[22m
[2m      [2mat Object.pointer ([22m[2mnode_modules/@testing-library/user-event/dist/cjs/pointer/index.js[2m:35:9)[22m[2m[22m
[2m      [2mat Object.asyncWrapper ([22m[2mnode_modules/@testing-library/react/dist/pure.js[2m:73:22)[22m[2m[22m
[2m      [2mat Object.<anonymous> ([22m[2m[0m[36msrc/components/contentstack/ContentStackGallery/ContentStackGallery.spec.tsx[39m[0m[2m:62:5)[22m[2m[22m

    [2m[31mconsole.error[39m[22m
[31m      Warning: Encountered two children with the same key, `.$`. Keys should be unique so that components maintain their identity across updates. Non-unique keys may cause children to be duplicated and/or omitted — the behavior is unsupported and could change in a future version.[39m
[31m          at div[39m
[31m          at div[39m
[31m          at virtualData (/home/bradleyjerome/projects/metrolinx/next.upexpress.com/node_modules/@metrolinx/cx-shared/node_modules/swiper/swiper-react.mjs:140:10)[39m
[31m          at div[39m
[31m          at div[39m
[31m          at div[39m
[31m          at div[39m
[31m          at _useState (/home/bradleyjerome/projects/metrolinx/next.upexpress.com/node_modules/@metrolinx/cx-shared/node_modules/react-focus-lock/dist/es2015/Lock.js:14:19)[39m
[31m          at Object.<anonymous>.exports.Portal (/home/bradleyjerome/projects/metrolinx/next.upexpress.com/node_modules/@metrolinx/cx-shared/src/components/Portal/Portal.tsx:9:59)[39m
[31m          at children (/home/bradleyjerome/projects/metrolinx/next.upexpress.com/node_modules/@metrolinx/cx-shared/src/components/LegacyModal/LegacyModal.tsx:36:3)[39m
[31m          at ctaLabel (/home/bradleyjerome/projects/metrolinx/next.upexpress.com/node_modules/@metrolinx/cx-shared/src/components/Gallery/GalleryWithModal.tsx:46:3)[39m
[31m          at ctaClasses (/home/bradleyjerome/projects/metrolinx/next.upexpress.com/node_modules/@metrolinx/cx-shared/src/components/Gallery/Gallery.tsx:19:3)[39m
[31m          at contentKey (/home/bradleyjerome/projects/metrolinx/next.upexpress.com/src/components/contentstack/ContentStackGallery/ContentStackGallery.tsx:13:39)[39m
[31m          at children (/home/bradleyjerome/projects/metrolinx/next.upexpress.com/src/components/contentstack/ContentStackGallery/ContentStackGallery.spec.tsx:17:22)[39m
[2m[22m
[2m    [0m [90m 73 |[39m       name[33m:[39m content[33m.[39mcta_label[33m,[39m[22m
[2m     [90m 74 |[39m     })[33m;[39m[22m
[2m    [31m[1m>[22m[2m[39m[90m 75 |[39m     [36mawait[39m userEvent[33m.[39mclick(openGalleryCTA)[33m;[39m[22m
[2m     [90m    |[39m     [31m[1m^[22m[2m[39m[22m
[2m     [90m 76 |[39m[22m
[2m     [90m 77 |[39m     expect(screen[33m.[39mgetAllByTestId([32m"fallback-image"[39m)[33m.[39mlength)[33m.[39mtoBeGreaterThan([35m0[39m)[33m;[39m[22m
[2m     [90m 78 |[39m   })[33m;[39m[0m[22m
[2m[22m
[2m      [2mat printWarning ([22m[2mnode_modules/react-dom/cjs/react-dom.development.js[2m:86:30)[22m[2m[22m
[2m      [2mat error ([22m[2mnode_modules/react-dom/cjs/react-dom.development.js[2m:60:7)[22m[2m[22m
[2m      [2mat warnOnInvalidKey ([22m[2mnode_modules/react-dom/cjs/react-dom.development.js[2m:15293:11)[22m[2m[22m
[2m      [2mat reconcileChildrenArray ([22m[2mnode_modules/react-dom/cjs/react-dom.development.js[2m:15330:21)[22m[2m[22m
[2m      [2mat reconcileChildFibers ([22m[2mnode_modules/react-dom/cjs/react-dom.development.js[2m:15821:16)[22m[2m[22m
[2m      [2mat reconcileChildren ([22m[2mnode_modules/react-dom/cjs/react-dom.development.js[2m:19167:28)[22m[2m[22m
[2m      [2mat updateFragment ([22m[2mnode_modules/react-dom/cjs/react-dom.development.js[2m:19514:3)[22m[2m[22m
[2m      [2mat beginWork ([22m[2mnode_modules/react-dom/cjs/react-dom.development.js[2m:21640:14)[22m[2m[22m
[2m      [2mat beginWork$1 ([22m[2mnode_modules/react-dom/cjs/react-dom.development.js[2m:27426:14)[22m[2m[22m
[2m      [2mat performUnitOfWork ([22m[2mnode_modules/react-dom/cjs/react-dom.development.js[2m:26560:12)[22m[2m[22m
[2m      [2mat workLoopSync ([22m[2mnode_modules/react-dom/cjs/react-dom.development.js[2m:26466:5)[22m[2m[22m
[2m      [2mat renderRootSync ([22m[2mnode_modules/react-dom/cjs/react-dom.development.js[2m:26434:7)[22m[2m[22m
[2m      [2mat performConcurrentWorkOnRoot ([22m[2mnode_modules/react-dom/cjs/react-dom.development.js[2m:25738:74)[22m[2m[22m
[2m      [2mat flushActQueue ([22m[2mnode_modules/react/cjs/react.development.js[2m:2667:24)[22m[2m[22m
[2m      [2mat act ([22m[2mnode_modules/react/cjs/react.development.js[2m:2582:11)[22m[2m[22m
[2m      [2mat [22m[2mnode_modules/@testing-library/react/dist/act-compat.js[2m:46:25[22m[2m[22m
[2m      [2mat Object.eventWrapper ([22m[2mnode_modules/@testing-library/react/dist/pure.js[2m:92:28)[22m[2m[22m
[2m      [2mat Object.wrapEvent ([22m[2mnode_modules/@testing-library/user-event/dist/cjs/event/wrapEvent.js[2m:8:28)[22m[2m[22m
[2m      [2mat Object.dispatchEvent ([22m[2mnode_modules/@testing-library/user-event/dist/cjs/event/dispatchEvent.js[2m:47:22)[22m[2m[22m
[2m      [2mat Object.dispatchUIEvent ([22m[2mnode_modules/@testing-library/user-event/dist/cjs/event/dispatchEvent.js[2m:24:26)[22m[2m[22m
[2m      [2mat Mouse.up ([22m[2mnode_modules/@testing-library/user-event/dist/cjs/system/pointer/mouse.js[2m:91:30)[22m[2m[22m
[2m      [2mat PointerHost.release ([22m[2mnode_modules/@testing-library/user-event/dist/cjs/system/pointer/index.js[2m:74:28)[22m[2m[22m
[2m      [2mat pointerAction ([22m[2mnode_modules/@testing-library/user-event/dist/cjs/pointer/index.js[2m:62:47)[22m[2m[22m
[2m      [2mat Object.pointer ([22m[2mnode_modules/@testing-library/user-event/dist/cjs/pointer/index.js[2m:35:9)[22m[2m[22m
[2m      [2mat Object.asyncWrapper ([22m[2mnode_modules/@testing-library/react/dist/pure.js[2m:73:22)[22m[2m[22m
[2m      [2mat Object.<anonymous> ([22m[2m[0m[36msrc/components/contentstack/ContentStackGallery/ContentStackGallery.spec.tsx[39m[0m[2m:75:5)[22m[2m[22m

    [2m[31mconsole.error[39m[22m
[31m      Warning: Encountered two children with the same key, `.$`. Keys should be unique so that components maintain their identity across updates. Non-unique keys may cause children to be duplicated and/or omitted — the behavior is unsupported and could change in a future version.[39m
[31m          at div[39m
[31m          at div[39m
[31m          at virtualData (/home/bradleyjerome/projects/metrolinx/next.upexpress.com/node_modules/@metrolinx/cx-shared/node_modules/swiper/swiper-react.mjs:140:10)[39m
[31m          at div[39m
[31m          at div[39m
[31m          at div[39m
[31m          at div[39m
[31m          at _useState (/home/bradleyjerome/projects/metrolinx/next.upexpress.com/node_modules/@metrolinx/cx-shared/node_modules/react-focus-lock/dist/es2015/Lock.js:14:19)[39m
[31m          at Object.<anonymous>.exports.Portal (/home/bradleyjerome/projects/metrolinx/next.upexpress.com/node_modules/@metrolinx/cx-shared/src/components/Portal/Portal.tsx:9:59)[39m
[31m          at children (/home/bradleyjerome/projects/metrolinx/next.upexpress.com/node_modules/@metrolinx/cx-shared/src/components/LegacyModal/LegacyModal.tsx:36:3)[39m
[31m          at ctaLabel (/home/bradleyjerome/projects/metrolinx/next.upexpress.com/node_modules/@metrolinx/cx-shared/src/components/Gallery/GalleryWithModal.tsx:46:3)[39m
[31m          at ctaClasses (/home/bradleyjerome/projects/metrolinx/next.upexpress.com/node_modules/@metrolinx/cx-shared/src/components/Gallery/Gallery.tsx:19:3)[39m
[31m          at contentKey (/home/bradleyjerome/projects/metrolinx/next.upexpress.com/src/components/contentstack/ContentStackGallery/ContentStackGallery.tsx:13:39)[39m
[31m          at children (/home/bradleyjerome/projects/metrolinx/next.upexpress.com/src/components/contentstack/ContentStackGallery/ContentStackGallery.spec.tsx:17:22)[39m
[2m[22m
[2m    [0m [90m 73 |[39m       name[33m:[39m content[33m.[39mcta_label[33m,[39m[22m
[2m     [90m 74 |[39m     })[33m;[39m[22m
[2m    [31m[1m>[22m[2m[39m[90m 75 |[39m     [36mawait[39m userEvent[33m.[39mclick(openGalleryCTA)[33m;[39m[22m
[2m     [90m    |[39m     [31m[1m^[22m[2m[39m[22m
[2m     [90m 76 |[39m[22m
[2m     [90m 77 |[39m     expect(screen[33m.[39mgetAllByTestId([32m"fallback-image"[39m)[33m.[39mlength)[33m.[39mtoBeGreaterThan([35m0[39m)[33m;[39m[22m
[2m     [90m 78 |[39m   })[33m;[39m[0m[22m
[2m[22m
[2m      [2mat printWarning ([22m[2mnode_modules/react-dom/cjs/react-dom.development.js[2m:86:30)[22m[2m[22m
[2m      [2mat error ([22m[2mnode_modules/react-dom/cjs/react-dom.development.js[2m:60:7)[22m[2m[22m
[2m      [2mat warnOnInvalidKey ([22m[2mnode_modules/react-dom/cjs/react-dom.development.js[2m:15293:11)[22m[2m[22m
[2m      [2mat reconcileChildrenArray ([22m[2mnode_modules/react-dom/cjs/react-dom.development.js[2m:15330:21)[22m[2m[22m
[2m      [2mat reconcileChildFibers ([22m[2mnode_modules/react-dom/cjs/react-dom.development.js[2m:15821:16)[22m[2m[22m
[2m      [2mat reconcileChildren ([22m[2mnode_modules/react-dom/cjs/react-dom.development.js[2m:19174:28)[22m[2m[22m
[2m      [2mat updateFragment ([22m[2mnode_modules/react-dom/cjs/react-dom.development.js[2m:19514:3)[22m[2m[22m
[2m      [2mat beginWork ([22m[2mnode_modules/react-dom/cjs/react-dom.development.js[2m:21640:14)[22m[2m[22m
[2m      [2mat beginWork$1 ([22m[2mnode_modules/react-dom/cjs/react-dom.development.js[2m:27426:14)[22m[2m[22m
[2m      [2mat performUnitOfWork ([22m[2mnode_modules/react-dom/cjs/react-dom.development.js[2m:26560:12)[22m[2m[22m
[2m      [2mat workLoopSync ([22m[2mnode_modules/react-dom/cjs/react-dom.development.js[2m:26466:5)[22m[2m[22m
[2m      [2mat renderRootSync ([22m[2mnode_modules/react-dom/cjs/react-dom.development.js[2m:26434:7)[22m[2m[22m
[2m      [2mat performSyncWorkOnRoot ([22m[2mnode_modules/react-dom/cjs/react-dom.development.js[2m:26085:20)[22m[2m[22m
[2m      [2mat flushSyncCallbacks ([22m[2mnode_modules/react-dom/cjs/react-dom.development.js[2m:12042:22)[22m[2m[22m
[2m      [2mat commitRootImpl ([22m[2mnode_modules/react-dom/cjs/react-dom.development.js[2m:26959:3)[22m[2m[22m
[2m      [2mat commitRoot ([22m[2mnode_modules/react-dom/cjs/react-dom.development.js[2m:26682:5)[22m[2m[22m
[2m      [2mat finishConcurrentRender ([22m[2mnode_modules/react-dom/cjs/react-dom.development.js[2m:25981:9)[22m[2m[22m
[2m      [2mat performConcurrentWorkOnRoot ([22m[2mnode_modules/react-dom/cjs/react-dom.development.js[2m:25809:7)[22m[2m[22m
[2m      [2mat flushActQueue ([22m[2mnode_modules/react/cjs/react.development.js[2m:2667:24)[22m[2m[22m
[2m      [2mat act ([22m[2mnode_modules/react/cjs/react.development.js[2m:2582:11)[22m[2m[22m
[2m      [2mat [22m[2mnode_modules/@testing-library/react/dist/act-compat.js[2m:46:25[22m[2m[22m
[2m      [2mat Object.eventWrapper ([22m[2mnode_modules/@testing-library/react/dist/pure.js[2m:92:28)[22m[2m[22m
[2m      [2mat Object.wrapEvent ([22m[2mnode_modules/@testing-library/user-event/dist/cjs/event/wrapEvent.js[2m:8:28)[22m[2m[22m
[2m      [2mat Object.dispatchEvent ([22m[2mnode_modules/@testing-library/user-event/dist/cjs/event/dispatchEvent.js[2m:47:22)[22m[2m[22m
[2m      [2mat Object.dispatchUIEvent ([22m[2mnode_modules/@testing-library/user-event/dist/cjs/event/dispatchEvent.js[2m:24:26)[22m[2m[22m
[2m      [2mat Mouse.up ([22m[2mnode_modules/@testing-library/user-event/dist/cjs/system/pointer/mouse.js[2m:91:30)[22m[2m[22m
[2m      [2mat PointerHost.release ([22m[2mnode_modules/@testing-library/user-event/dist/cjs/system/pointer/index.js[2m:74:28)[22m[2m[22m
[2m      [2mat pointerAction ([22m[2mnode_modules/@testing-library/user-event/dist/cjs/pointer/index.js[2m:62:47)[22m[2m[22m
[2m      [2mat Object.pointer ([22m[2mnode_modules/@testing-library/user-event/dist/cjs/pointer/index.js[2m:35:9)[22m[2m[22m
[2m      [2mat Object.asyncWrapper ([22m[2mnode_modules/@testing-library/react/dist/pure.js[2m:73:22)[22m[2m[22m
[2m      [2mat Object.<anonymous> ([22m[2m[0m[36msrc/components/contentstack/ContentStackGallery/ContentStackGallery.spec.tsx[39m[0m[2m:75:5)[22m[2m[22m

[0m[7m[1m[32m PASS [39m[22m[27m[0m [2msrc/components/UserAccount/Tab/__tests__/[22m[1mBillingInformation.spec.tsx[22m
  [1m● [22mConsole

    [2m[31mconsole.error[39m[22m
[31m      Warning: An update to IframeRendererBillingInfo inside a test was not wrapped in act(...).[39m
[31m      [39m
[31m      When testing, code that causes React state updates should be wrapped into act(...):[39m
[31m      [39m
[31m      act(() => {[39m
[31m        /* fire events that update state */[39m
[31m      });[39m
[31m      /* assert on the output */[39m
[31m      [39m
[31m      This ensures that you're testing the behavior the user would see in the browser. Learn more at https://reactjs.org/link/wrap-tests-with-act[39m
[31m          at url (/home/bradleyjerome/projects/metrolinx/next.upexpress.com/src/components/UserAccount/Tab/BillingInformation/IframeRendererBillingInfo.tsx:26:9)[39m
[31m          at div[39m
[31m          at div[39m
[31m          at page (/home/bradleyjerome/projects/metrolinx/next.upexpress.com/src/components/UserAccount/Tab/BillingInformation/BillingInformation.tsx:23:3)[39m
[2m[22m
[2m      [2mat printWarning ([22m[2mnode_modules/react-dom/cjs/react-dom.development.js[2m:86:30)[22m[2m[22m
[2m      [2mat error ([22m[2mnode_modules/react-dom/cjs/react-dom.development.js[2m:60:7)[22m[2m[22m
[2m      [2mat warnIfUpdatesNotWrappedWithActDEV ([22m[2mnode_modules/react-dom/cjs/react-dom.development.js[2m:27589:9)[22m[2m[22m
[2m      [2mat scheduleUpdateOnFiber ([22m[2mnode_modules/react-dom/cjs/react-dom.development.js[2m:25508:5)[22m[2m[22m
[2m      [2mat forceStoreRerender ([22m[2mnode_modules/react-dom/cjs/react-dom.development.js[2m:16977:5)[22m[2m[22m
[2m      [2mat handleStoreChange ([22m[2mnode_modules/react-dom/cjs/react-dom.development.js[2m:16953:7)[22m[2m[22m
[2m      [2mat [22m[2mnode_modules/swr/dist/index/index.js[2m:244:42[22m[2m[22m
[2m      [2mat Array.setter ([22m[2mnode_modules/swr/dist/_internal/config-context-client-BKoingCI.js[2m:435:21)[22m[2m[22m
[2m      [2mat [22m[2mnode_modules/swr/dist/_internal/config-context-client-BKoingCI.js[2m:70:25[22m[2m[22m
[2m      [2mat finishRequestAndUpdateState ([22m[2mnode_modules/swr/dist/index/index.js[2m:317:13)[22m[2m[22m
[2m      [2mat [22m[2mnode_modules/swr/dist/index/index.js[2m:451:9[22m[2m[22m

    [2m[31mconsole.error[39m[22m
[31m      Warning: An update to BillingInformation inside a test was not wrapped in act(...).[39m
[31m      [39m
[31m      When testing, code that causes React state updates should be wrapped into act(...):[39m
[31m      [39m
[31m      act(() => {[39m
[31m        /* fire events that update state */[39m
[31m      });[39m
[31m      /* assert on the output */[39m
[31m      [39m
[31m      This ensures that you're testing the behavior the user would see in the browser. Learn more at https://reactjs.org/link/wrap-tests-with-act[39m
[31m          at page (/home/bradleyjerome/projects/metrolinx/next.upexpress.com/src/components/UserAccount/Tab/BillingInformation/BillingInformation.tsx:23:3)[39m
[2m[22m
[2m    [0m [90m 32 |[39m   useEffect(() [33m=>[39m {[22m
[2m     [90m 33 |[39m     [36mif[39m (onIframeError) {[22m
[2m    [31m[1m>[22m[2m[39m[90m 34 |[39m       onIframeError(isIframeError)[33m;[39m[22m
[2m     [90m    |[39m       [31m[1m^[22m[2m[39m[22m
[2m     [90m 35 |[39m     }[22m
[2m     [90m 36 |[39m   }[33m,[39m [isIframeError[33m,[39m onIframeError])[33m;[39m[22m
[2m     [90m 37 |[39m[0m[22m
[2m[22m
[2m      [2mat printWarning ([22m[2mnode_modules/react-dom/cjs/react-dom.development.js[2m:86:30)[22m[2m[22m
[2m      [2mat error ([22m[2mnode_modules/react-dom/cjs/react-dom.development.js[2m:60:7)[22m[2m[22m
[2m      [2mat warnIfUpdatesNotWrappedWithActDEV ([22m[2mnode_modules/react-dom/cjs/react-dom.development.js[2m:27589:9)[22m[2m[22m
[2m      [2mat scheduleUpdateOnFiber ([22m[2mnode_modules/react-dom/cjs/react-dom.development.js[2m:25508:5)[22m[2m[22m
[2m      [2mat dispatchSetState ([22m[2mnode_modules/react-dom/cjs/react-dom.development.js[2m:17527:7)[22m[2m[22m
[2m      [2mat onIframeError ([22m[2msrc/components/UserAccount/Tab/BillingInformation/IframeRendererBillingInfo.tsx[2m:34:7)[22m[2m[22m
[2m      [2mat commitHookEffectListMount ([22m[2mnode_modules/react-dom/cjs/react-dom.development.js[2m:23150:26)[22m[2m[22m
[2m      [2mat commitPassiveMountOnFiber ([22m[2mnode_modules/react-dom/cjs/react-dom.development.js[2m:24931:11)[22m[2m[22m
[2m      [2mat commitPassiveMountEffects_complete ([22m[2mnode_modules/react-dom/cjs/react-dom.development.js[2m:24891:9)[22m[2m[22m
[2m      [2mat commitPassiveMountEffects_begin ([22m[2mnode_modules/react-dom/cjs/react-dom.development.js[2m:24878:7)[22m[2m[22m
[2m      [2mat commitPassiveMountEffects ([22m[2mnode_modules/react-dom/cjs/react-dom.development.js[2m:24866:3)[22m[2m[22m
[2m      [2mat flushPassiveEffectsImpl ([22m[2mnode_modules/react-dom/cjs/react-dom.development.js[2m:27039:3)[22m[2m[22m
[2m      [2mat flushPassiveEffects ([22m[2mnode_modules/react-dom/cjs/react-dom.development.js[2m:26984:14)[22m[2m[22m
[2m      [2mat commitRootImpl ([22m[2mnode_modules/react-dom/cjs/react-dom.development.js[2m:26935:5)[22m[2m[22m
[2m      [2mat commitRoot ([22m[2mnode_modules/react-dom/cjs/react-dom.development.js[2m:26682:5)[22m[2m[22m
[2m      [2mat performSyncWorkOnRoot ([22m[2mnode_modules/react-dom/cjs/react-dom.development.js[2m:26117:3)[22m[2m[22m
[2m      [2mat flushSyncCallbacks ([22m[2mnode_modules/react-dom/cjs/react-dom.development.js[2m:12042:22)[22m[2m[22m
[2m      [2mat [22m[2mnode_modules/react-dom/cjs/react-dom.development.js[2m:25651:13[22m[2m[22m

    [2m[31mconsole.error[39m[22m
[31m      Warning: An update to IframeRendererBillingInfo inside a test was not wrapped in act(...).[39m
[31m      [39m
[31m      When testing, code that causes React state updates should be wrapped into act(...):[39m
[31m      [39m
[31m      act(() => {[39m
[31m        /* fire events that update state */[39m
[31m      });[39m
[31m      /* assert on the output */[39m
[31m      [39m
[31m      This ensures that you're testing the behavior the user would see in the browser. Learn more at https://reactjs.org/link/wrap-tests-with-act[39m
[31m          at url (/home/bradleyjerome/projects/metrolinx/next.upexpress.com/src/components/UserAccount/Tab/BillingInformation/IframeRendererBillingInfo.tsx:26:9)[39m
[31m          at div[39m
[31m          at div[39m
[31m          at page (/home/bradleyjerome/projects/metrolinx/next.upexpress.com/src/components/UserAccount/Tab/BillingInformation/BillingInformation.tsx:23:3)[39m
[2m[22m
[2m      [2mat printWarning ([22m[2mnode_modules/react-dom/cjs/react-dom.development.js[2m:86:30)[22m[2m[22m
[2m      [2mat error ([22m[2mnode_modules/react-dom/cjs/react-dom.development.js[2m:60:7)[22m[2m[22m
[2m      [2mat warnIfUpdatesNotWrappedWithActDEV ([22m[2mnode_modules/react-dom/cjs/react-dom.development.js[2m:27589:9)[22m[2m[22m
[2m      [2mat scheduleUpdateOnFiber ([22m[2mnode_modules/react-dom/cjs/react-dom.development.js[2m:25508:5)[22m[2m[22m
[2m      [2mat forceStoreRerender ([22m[2mnode_modules/react-dom/cjs/react-dom.development.js[2m:16977:5)[22m[2m[22m
[2m      [2mat handleStoreChange ([22m[2mnode_modules/react-dom/cjs/react-dom.development.js[2m:16953:7)[22m[2m[22m
[2m      [2mat [22m[2mnode_modules/swr/dist/index/index.js[2m:244:42[22m[2m[22m
[2m      [2mat Array.setter ([22m[2mnode_modules/swr/dist/_internal/config-context-client-BKoingCI.js[2m:435:21)[22m[2m[22m
[2m      [2mat [22m[2mnode_modules/swr/dist/_internal/config-context-client-BKoingCI.js[2m:70:25[22m[2m[22m
[2m      [2mat finishRequestAndUpdateState ([22m[2mnode_modules/swr/dist/index/index.js[2m:317:13)[22m[2m[22m
[2m      [2mat [22m[2mnode_modules/swr/dist/index/index.js[2m:451:9[22m[2m[22m

    [2m[31mconsole.error[39m[22m
[31m      Warning: An update to IframeRendererBillingInfo inside a test was not wrapped in act(...).[39m
[31m      [39m
[31m      When testing, code that causes React state updates should be wrapped into act(...):[39m
[31m      [39m
[31m      act(() => {[39m
[31m        /* fire events that update state */[39m
[31m      });[39m
[31m      /* assert on the output */[39m
[31m      [39m
[31m      This ensures that you're testing the behavior the user would see in the browser. Learn more at https://reactjs.org/link/wrap-tests-with-act[39m
[31m          at url (/home/bradleyjerome/projects/metrolinx/next.upexpress.com/src/components/UserAccount/Tab/BillingInformation/IframeRendererBillingInfo.tsx:26:9)[39m
[31m          at div[39m
[31m          at div[39m
[31m          at page (/home/bradleyjerome/projects/metrolinx/next.upexpress.com/src/components/UserAccount/Tab/BillingInformation/BillingInformation.tsx:23:3)[39m
[2m[22m
[2m      [2mat printWarning ([22m[2mnode_modules/react-dom/cjs/react-dom.development.js[2m:86:30)[22m[2m[22m
[2m      [2mat error ([22m[2mnode_modules/react-dom/cjs/react-dom.development.js[2m:60:7)[22m[2m[22m
[2m      [2mat warnIfUpdatesNotWrappedWithActDEV ([22m[2mnode_modules/react-dom/cjs/react-dom.development.js[2m:27589:9)[22m[2m[22m
[2m      [2mat scheduleUpdateOnFiber ([22m[2mnode_modules/react-dom/cjs/react-dom.development.js[2m:25508:5)[22m[2m[22m
[2m      [2mat forceStoreRerender ([22m[2mnode_modules/react-dom/cjs/react-dom.development.js[2m:16977:5)[22m[2m[22m
[2m      [2mat handleStoreChange ([22m[2mnode_modules/react-dom/cjs/react-dom.development.js[2m:16953:7)[22m[2m[22m
[2m      [2mat [22m[2mnode_modules/swr/dist/index/index.js[2m:244:42[22m[2m[22m
[2m      [2mat Array.setter ([22m[2mnode_modules/swr/dist/_internal/config-context-client-BKoingCI.js[2m:435:21)[22m[2m[22m
[2m      [2mat [22m[2mnode_modules/swr/dist/_internal/config-context-client-BKoingCI.js[2m:70:25[22m[2m[22m
[2m      [2mat finishRequestAndUpdateState ([22m[2mnode_modules/swr/dist/index/index.js[2m:317:13)[22m[2m[22m
[2m      [2mat [22m[2mnode_modules/swr/dist/index/index.js[2m:451:9[22m[2m[22m

[0m[7m[1m[32m PASS [39m[22m[27m[0m [2msrc/components/contentstack/ContentstackPromoBanner/__tests__/[22m[1mContentstackPromoBanner.spec.tsx[22m
[0m[7m[1m[32m PASS [39m[22m[27m[0m [2msrc/components/LinksAndColorsOrderedSidebar/[22m[1mLinksAndColorsOrderedSidebar.spec.tsx[22m
[0m[7m[1m[32m PASS [39m[22m[27m[0m [2msrc/components/SearchPageAutoSuggest/[22m[1mSearchPageAutoSuggest.spec.tsx[22m
[0m[7m[1m[32m PASS [39m[22m[27m[0m [2msrc/components/OnlineChat/[22m[1mOnlineChat.spec.tsx[22m
[0m[7m[1m[32m PASS [39m[22m[27m[0m [2msrc/services/__tests__/[22m[1mfacilitiesService.spec.ts[22m
[0m[7m[1m[32m PASS [39m[22m[27m[0m [2msrc/components/HeroBanner/__tests__/[22m[1mHeroBanner.spec.tsx[22m ([0m[1m[41m10.677 s[49m[22m[0m)
  [1m● [22mConsole

    [2m[31mconsole.error[39m[22m
[31m      Warning: An update to null inside a test was not wrapped in act(...).[39m
[31m      [39m
[31m      When testing, code that causes React state updates should be wrapped into act(...):[39m
[31m      [39m
[31m      act(() => {[39m
[31m        /* fire events that update state */[39m
[31m      });[39m
[31m      /* assert on the output */[39m
[31m      [39m
[31m      This ensures that you're testing the behavior the user would see in the browser. Learn more at https://reactjs.org/link/wrap-tests-with-act[39m
[31m          at fallbackImageClassName (/home/bradleyjerome/projects/metrolinx/next.upexpress.com/node_modules/@metrolinx/cx-shared/src/components/Image/Image.tsx:26:3)[39m
[31m          at div[39m
[31m          at div[39m
[31m          at title (/home/bradleyjerome/projects/metrolinx/next.upexpress.com/src/components/HeroBanner/HeroBanner.tsx:30:3)[39m
[2m[22m
[2m      [2mat printWarning ([22m[2mnode_modules/react-dom/cjs/react-dom.development.js[2m:86:30)[22m[2m[22m
[2m      [2mat error ([22m[2mnode_modules/react-dom/cjs/react-dom.development.js[2m:60:7)[22m[2m[22m
[2m      [2mat warnIfUpdatesNotWrappedWithActDEV ([22m[2mnode_modules/react-dom/cjs/react-dom.development.js[2m:27589:9)[22m[2m[22m
[2m      [2mat scheduleUpdateOnFiber ([22m[2mnode_modules/react-dom/cjs/react-dom.development.js[2m:25508:5)[22m[2m[22m
[2m      [2mat dispatchSetState ([22m[2mnode_modules/react-dom/cjs/react-dom.development.js[2m:17527:7)[22m[2m[22m
[2m      [2mat Object.result [as current] ([22m[2mnode_modules/@metrolinx/cx-shared/src/components/Image/Image.tsx[2m:76:27)[22m[2m[22m
[2m      [2mat naturalWidth ([22m[2mnode_modules/next/src/client/legacy/image.tsx[2m:486:38)[22m[2m[22m

    [2m[31mconsole.error[39m[22m
[31m      Warning: An update to null inside a test was not wrapped in act(...).[39m
[31m      [39m
[31m      When testing, code that causes React state updates should be wrapped into act(...):[39m
[31m      [39m
[31m      act(() => {[39m
[31m        /* fire events that update state */[39m
[31m      });[39m
[31m      /* assert on the output */[39m
[31m      [39m
[31m      This ensures that you're testing the behavior the user would see in the browser. Learn more at https://reactjs.org/link/wrap-tests-with-act[39m
[31m          at fallbackImageClassName (/home/bradleyjerome/projects/metrolinx/next.upexpress.com/node_modules/@metrolinx/cx-shared/src/components/Image/Image.tsx:26:3)[39m
[31m          at div[39m
[31m          at div[39m
[31m          at title (/home/bradleyjerome/projects/metrolinx/next.upexpress.com/src/components/HeroBanner/HeroBanner.tsx:30:3)[39m
[2m[22m
[2m      [2mat printWarning ([22m[2mnode_modules/react-dom/cjs/react-dom.development.js[2m:86:30)[22m[2m[22m
[2m      [2mat error ([22m[2mnode_modules/react-dom/cjs/react-dom.development.js[2m:60:7)[22m[2m[22m
[2m      [2mat warnIfUpdatesNotWrappedWithActDEV ([22m[2mnode_modules/react-dom/cjs/react-dom.development.js[2m:27589:9)[22m[2m[22m
[2m      [2mat scheduleUpdateOnFiber ([22m[2mnode_modules/react-dom/cjs/react-dom.development.js[2m:25508:5)[22m[2m[22m
[2m      [2mat dispatchSetState ([22m[2mnode_modules/react-dom/cjs/react-dom.development.js[2m:17527:7)[22m[2m[22m
[2m      [2mat Object.result [as current] ([22m[2mnode_modules/@metrolinx/cx-shared/src/components/Image/Image.tsx[2m:76:27)[22m[2m[22m
[2m      [2mat naturalWidth ([22m[2mnode_modules/next/src/client/legacy/image.tsx[2m:486:38)[22m[2m[22m

    [2m[31mconsole.error[39m[22m
[31m      Warning: An update to null inside a test was not wrapped in act(...).[39m
[31m      [39m
[31m      When testing, code that causes React state updates should be wrapped into act(...):[39m
[31m      [39m
[31m      act(() => {[39m
[31m        /* fire events that update state */[39m
[31m      });[39m
[31m      /* assert on the output */[39m
[31m      [39m
[31m      This ensures that you're testing the behavior the user would see in the browser. Learn more at https://reactjs.org/link/wrap-tests-with-act[39m
[31m          at fallbackImageClassName (/home/bradleyjerome/projects/metrolinx/next.upexpress.com/node_modules/@metrolinx/cx-shared/src/components/Image/Image.tsx:26:3)[39m
[31m          at div[39m
[31m          at div[39m
[31m          at title (/home/bradleyjerome/projects/metrolinx/next.upexpress.com/src/components/HeroBanner/HeroBanner.tsx:30:3)[39m
[2m[22m
[2m      [2mat printWarning ([22m[2mnode_modules/react-dom/cjs/react-dom.development.js[2m:86:30)[22m[2m[22m
[2m      [2mat error ([22m[2mnode_modules/react-dom/cjs/react-dom.development.js[2m:60:7)[22m[2m[22m
[2m      [2mat warnIfUpdatesNotWrappedWithActDEV ([22m[2mnode_modules/react-dom/cjs/react-dom.development.js[2m:27589:9)[22m[2m[22m
[2m      [2mat scheduleUpdateOnFiber ([22m[2mnode_modules/react-dom/cjs/react-dom.development.js[2m:25508:5)[22m[2m[22m
[2m      [2mat dispatchSetState ([22m[2mnode_modules/react-dom/cjs/react-dom.development.js[2m:17527:7)[22m[2m[22m
[2m      [2mat Object.result [as current] ([22m[2mnode_modules/@metrolinx/cx-shared/src/components/Image/Image.tsx[2m:76:27)[22m[2m[22m
[2m      [2mat naturalWidth ([22m[2mnode_modules/next/src/client/legacy/image.tsx[2m:486:38)[22m[2m[22m

    [2m[31mconsole.error[39m[22m
[31m      Warning: An update to null inside a test was not wrapped in act(...).[39m
[31m      [39m
[31m      When testing, code that causes React state updates should be wrapped into act(...):[39m
[31m      [39m
[31m      act(() => {[39m
[31m        /* fire events that update state */[39m
[31m      });[39m
[31m      /* assert on the output */[39m
[31m      [39m
[31m      This ensures that you're testing the behavior the user would see in the browser. Learn more at https://reactjs.org/link/wrap-tests-with-act[39m
[31m          at fallbackImageClassName (/home/bradleyjerome/projects/metrolinx/next.upexpress.com/node_modules/@metrolinx/cx-shared/src/components/Image/Image.tsx:26:3)[39m
[31m          at div[39m
[31m          at div[39m
[31m          at title (/home/bradleyjerome/projects/metrolinx/next.upexpress.com/src/components/HeroBanner/HeroBanner.tsx:30:3)[39m
[2m[22m
[2m      [2mat printWarning ([22m[2mnode_modules/react-dom/cjs/react-dom.development.js[2m:86:30)[22m[2m[22m
[2m      [2mat error ([22m[2mnode_modules/react-dom/cjs/react-dom.development.js[2m:60:7)[22m[2m[22m
[2m      [2mat warnIfUpdatesNotWrappedWithActDEV ([22m[2mnode_modules/react-dom/cjs/react-dom.development.js[2m:27589:9)[22m[2m[22m
[2m      [2mat scheduleUpdateOnFiber ([22m[2mnode_modules/react-dom/cjs/react-dom.development.js[2m:25508:5)[22m[2m[22m
[2m      [2mat dispatchSetState ([22m[2mnode_modules/react-dom/cjs/react-dom.development.js[2m:17527:7)[22m[2m[22m
[2m      [2mat Object.result [as current] ([22m[2mnode_modules/@metrolinx/cx-shared/src/components/Image/Image.tsx[2m:76:27)[22m[2m[22m
[2m      [2mat naturalWidth ([22m[2mnode_modules/next/src/client/legacy/image.tsx[2m:486:38)[22m[2m[22m

[0m[7m[1m[32m PASS [39m[22m[27m[0m [2msrc/components/UpdateListing/__tests__/[22m[1mUpdateListing.spec.tsx[22m ([0m[1m[41m21.392 s[49m[22m[0m)
[0m[7m[1m[32m PASS [39m[22m[27m[0m [2msrc/hooks/__tests__/[22m[1museSignIn.spec.tsx[22m
[0m[7m[1m[32m PASS [39m[22m[27m[0m [2msrc/context/__test__/[22m[1mServiceAlertContext.spec.tsx[22m
[0m[7m[1m[32m PASS [39m[22m[27m[0m [2msrc/components/pages/Checkout/__tests__/[22m[1mIframeRenderer.spec.tsx[22m
[0m[7m[1m[32m PASS [39m[22m[27m[0m [2msrc/api/utils/__tests__/[22m[1mpasses.spec.ts[22m ([0m[1m[41m11.725 s[49m[22m[0m)
[0m[7m[1m[32m PASS [39m[22m[27m[0m [2msrc/components/contentstack/ContentstackMixedCards/__tests__/[22m[1mContentstackMixedCards.spec.tsx[22m
[0m[7m[1m[32m PASS [39m[22m[27m[0m [2msrc/__tests__/pages/api/v1/[22m[1msearch-2.spec.ts[22m
[0m[7m[1m[32m PASS [39m[22m[27m[0m [2msrc/components/pages/Homepage/BuyTickets/utils/__tests__/[22m[1maddToCart.spec.ts[22m
[0m[7m[1m[32m PASS [39m[22m[27m[0m [2msrc/components/Departures/__tests__/[22m[1mViaRailDepartures.spec.tsx[22m ([0m[1m[41m5.213 s[49m[22m[0m)
[0m[7m[1m[32m PASS [39m[22m[27m[0m [2msrc/components/contentstack/ContentstackLinksGroup/[22m[1mContentstackLinksGroup.spec.tsx[22m
[0m[7m[1m[32m PASS [39m[22m[27m[0m [2msrc/components/Header/__tests__/[22m[1mHeader.spec.tsx[22m ([0m[1m[41m7.58 s[49m[22m[0m)
  [1m● [22mConsole

    [2m[31mconsole.error[39m[22m
[31m      Warning: An update to Cart inside a test was not wrapped in act(...).[39m
[31m      [39m
[31m      When testing, code that causes React state updates should be wrapped into act(...):[39m
[31m      [39m
[31m      act(() => {[39m
[31m        /* fire events that update state */[39m
[31m      });[39m
[31m      /* assert on the output */[39m
[31m      [39m
[31m      This ensures that you're testing the behavior the user would see in the browser. Learn more at https://reactjs.org/link/wrap-tests-with-act[39m
[31m          at cartIcon (/home/bradleyjerome/projects/metrolinx/next.upexpress.com/src/components/Header/Cart/Cart.tsx:31:35)[39m
[31m          at MobileCart[39m
[31m          at div[39m
[31m          at div[39m
[31m          at FocusLockUI (/home/bradleyjerome/projects/metrolinx/next.upexpress.com/node_modules/react-focus-lock/dist/cjs/Lock.js:26:39)[39m
[31m          at FocusLockUICombination[39m
[31m          at div[39m
[31m          at nav[39m
[31m          at setShowLoader (/home/bradleyjerome/projects/metrolinx/next.upexpress.com/src/components/Header/NavigationBar/NavigationBar.tsx:41:3)[39m
[31m          at header[39m
[31m          at Header (/home/bradleyjerome/projects/metrolinx/next.upexpress.com/src/components/Header/Header.tsx:12:52)[39m
[31m          at ServiceAlertBannerHeightProvider (/home/bradleyjerome/projects/metrolinx/next.upexpress.com/src/context/ServiceAlertContext.tsx:21:27)[39m
[2m[22m
[2m      [2mat printWarning ([22m[2mnode_modules/react-dom/cjs/react-dom.development.js[2m:86:30)[22m[2m[22m
[2m      [2mat error ([22m[2mnode_modules/react-dom/cjs/react-dom.development.js[2m:60:7)[22m[2m[22m
[2m      [2mat warnIfUpdatesNotWrappedWithActDEV ([22m[2mnode_modules/react-dom/cjs/react-dom.development.js[2m:27589:9)[22m[2m[22m
[2m      [2mat scheduleUpdateOnFiber ([22m[2mnode_modules/react-dom/cjs/react-dom.development.js[2m:25508:5)[22m[2m[22m
[2m      [2mat forceStoreRerender ([22m[2mnode_modules/react-dom/cjs/react-dom.development.js[2m:16977:5)[22m[2m[22m
[2m      [2mat handleStoreChange ([22m[2mnode_modules/react-dom/cjs/react-dom.development.js[2m:16953:7)[22m[2m[22m
[2m      [2mat [22m[2mnode_modules/swr/dist/index/index.js[2m:244:42[22m[2m[22m
[2m      [2mat Array.setter ([22m[2mnode_modules/swr/dist/_internal/config-context-client-BKoingCI.js[2m:435:21)[22m[2m[22m
[2m      [2mat [22m[2mnode_modules/swr/dist/_internal/config-context-client-BKoingCI.js[2m:70:25[22m[2m[22m
[2m      [2mat finishRequestAndUpdateState ([22m[2mnode_modules/swr/dist/index/index.js[2m:317:13)[22m[2m[22m
[2m      [2mat [22m[2mnode_modules/swr/dist/index/index.js[2m:451:9[22m[2m[22m

    [2m[31mconsole.error[39m[22m
[31m      Warning: An update to Cart inside a test was not wrapped in act(...).[39m
[31m      [39m
[31m      When testing, code that causes React state updates should be wrapped into act(...):[39m
[31m      [39m
[31m      act(() => {[39m
[31m        /* fire events that update state */[39m
[31m      });[39m
[31m      /* assert on the output */[39m
[31m      [39m
[31m      This ensures that you're testing the behavior the user would see in the browser. Learn more at https://reactjs.org/link/wrap-tests-with-act[39m
[31m          at cartIcon (/home/bradleyjerome/projects/metrolinx/next.upexpress.com/src/components/Header/Cart/Cart.tsx:31:35)[39m
[31m          at DesktopCart[39m
[31m          at div[39m
[31m          at div[39m
[31m          at nav[39m
[31m          at setShowLoader (/home/bradleyjerome/projects/metrolinx/next.upexpress.com/src/components/Header/NavigationBar/NavigationBar.tsx:41:3)[39m
[31m          at header[39m
[31m          at Header (/home/bradleyjerome/projects/metrolinx/next.upexpress.com/src/components/Header/Header.tsx:12:52)[39m
[31m          at ServiceAlertBannerHeightProvider (/home/bradleyjerome/projects/metrolinx/next.upexpress.com/src/context/ServiceAlertContext.tsx:21:27)[39m
[2m[22m
[2m      [2mat printWarning ([22m[2mnode_modules/react-dom/cjs/react-dom.development.js[2m:86:30)[22m[2m[22m
[2m      [2mat error ([22m[2mnode_modules/react-dom/cjs/react-dom.development.js[2m:60:7)[22m[2m[22m
[2m      [2mat warnIfUpdatesNotWrappedWithActDEV ([22m[2mnode_modules/react-dom/cjs/react-dom.development.js[2m:27589:9)[22m[2m[22m
[2m      [2mat scheduleUpdateOnFiber ([22m[2mnode_modules/react-dom/cjs/react-dom.development.js[2m:25508:5)[22m[2m[22m
[2m      [2mat forceStoreRerender ([22m[2mnode_modules/react-dom/cjs/react-dom.development.js[2m:16977:5)[22m[2m[22m
[2m      [2mat handleStoreChange ([22m[2mnode_modules/react-dom/cjs/react-dom.development.js[2m:16953:7)[22m[2m[22m
[2m      [2mat [22m[2mnode_modules/swr/dist/index/index.js[2m:244:42[22m[2m[22m
[2m      [2mat Array.setter ([22m[2mnode_modules/swr/dist/_internal/config-context-client-BKoingCI.js[2m:435:21)[22m[2m[22m
[2m      [2mat [22m[2mnode_modules/swr/dist/_internal/config-context-client-BKoingCI.js[2m:70:25[22m[2m[22m
[2m      [2mat finishRequestAndUpdateState ([22m[2mnode_modules/swr/dist/index/index.js[2m:317:13)[22m[2m[22m
[2m      [2mat [22m[2mnode_modules/swr/dist/index/index.js[2m:451:9[22m[2m[22m

    [2m[31mconsole.error[39m[22m
[31m      Warning: An update to ServiceUpdates inside a test was not wrapped in act(...).[39m
[31m      [39m
[31m      When testing, code that causes React state updates should be wrapped into act(...):[39m
[31m      [39m
[31m      act(() => {[39m
[31m        /* fire events that update state */[39m
[31m      });[39m
[31m      /* assert on the output */[39m
[31m      [39m
[31m      This ensures that you're testing the behavior the user would see in the browser. Learn more at https://reactjs.org/link/wrap-tests-with-act[39m
[31m          at ServiceUpdates (/home/bradleyjerome/projects/metrolinx/next.upexpress.com/src/components/Header/ServiceUpdates/ServiceUpdates.tsx:13:45)[39m
[31m          at div[39m
[31m          at div[39m
[31m          at nav[39m
[31m          at setShowLoader (/home/bradleyjerome/projects/metrolinx/next.upexpress.com/src/components/Header/NavigationBar/NavigationBar.tsx:41:3)[39m
[31m          at header[39m
[31m          at Header (/home/bradleyjerome/projects/metrolinx/next.upexpress.com/src/components/Header/Header.tsx:12:52)[39m
[31m          at ServiceAlertBannerHeightProvider (/home/bradleyjerome/projects/metrolinx/next.upexpress.com/src/context/ServiceAlertContext.tsx:21:27)[39m
[2m[22m
[2m      [2mat printWarning ([22m[2mnode_modules/react-dom/cjs/react-dom.development.js[2m:86:30)[22m[2m[22m
[2m      [2mat error ([22m[2mnode_modules/react-dom/cjs/react-dom.development.js[2m:60:7)[22m[2m[22m
[2m      [2mat warnIfUpdatesNotWrappedWithActDEV ([22m[2mnode_modules/react-dom/cjs/react-dom.development.js[2m:27589:9)[22m[2m[22m
[2m      [2mat scheduleUpdateOnFiber ([22m[2mnode_modules/react-dom/cjs/react-dom.development.js[2m:25508:5)[22m[2m[22m
[2m      [2mat forceStoreRerender ([22m[2mnode_modules/react-dom/cjs/react-dom.development.js[2m:16977:5)[22m[2m[22m
[2m      [2mat handleStoreChange ([22m[2mnode_modules/react-dom/cjs/react-dom.development.js[2m:16953:7)[22m[2m[22m
[2m      [2mat [22m[2mnode_modules/swr/dist/index/index.js[2m:244:42[22m[2m[22m
[2m      [2mat Array.setter ([22m[2mnode_modules/swr/dist/_internal/config-context-client-BKoingCI.js[2m:435:21)[22m[2m[22m
[2m      [2mat [22m[2mnode_modules/swr/dist/_internal/config-context-client-BKoingCI.js[2m:70:25[22m[2m[22m
[2m      [2mat finishRequestAndUpdateState ([22m[2mnode_modules/swr/dist/index/index.js[2m:317:13)[22m[2m[22m
[2m      [2mat [22m[2mnode_modules/swr/dist/index/index.js[2m:451:9[22m[2m[22m

    [2m[31mconsole.error[39m[22m
[31m      Warning: An update to Cart inside a test was not wrapped in act(...).[39m
[31m      [39m
[31m      When testing, code that causes React state updates should be wrapped into act(...):[39m
[31m      [39m
[31m      act(() => {[39m
[31m        /* fire events that update state */[39m
[31m      });[39m
[31m      /* assert on the output */[39m
[31m      [39m
[31m      This ensures that you're testing the behavior the user would see in the browser. Learn more at https://reactjs.org/link/wrap-tests-with-act[39m
[31m          at cartIcon (/home/bradleyjerome/projects/metrolinx/next.upexpress.com/src/components/Header/Cart/Cart.tsx:31:35)[39m
[31m          at MobileCart[39m
[31m          at div[39m
[31m          at div[39m
[31m          at FocusLockUI (/home/bradleyjerome/projects/metrolinx/next.upexpress.com/node_modules/react-focus-lock/dist/cjs/Lock.js:26:39)[39m
[31m          at FocusLockUICombination[39m
[31m          at div[39m
[31m          at nav[39m
[31m          at setShowLoader (/home/bradleyjerome/projects/metrolinx/next.upexpress.com/src/components/Header/NavigationBar/NavigationBar.tsx:41:3)[39m
[31m          at header[39m
[31m          at Header (/home/bradleyjerome/projects/metrolinx/next.upexpress.com/src/components/Header/Header.tsx:12:52)[39m
[31m          at ServiceAlertBannerHeightProvider (/home/bradleyjerome/projects/metrolinx/next.upexpress.com/src/context/ServiceAlertContext.tsx:21:27)[39m
[2m[22m
[2m      [2mat printWarning ([22m[2mnode_modules/react-dom/cjs/react-dom.development.js[2m:86:30)[22m[2m[22m
[2m      [2mat error ([22m[2mnode_modules/react-dom/cjs/react-dom.development.js[2m:60:7)[22m[2m[22m
[2m      [2mat warnIfUpdatesNotWrappedWithActDEV ([22m[2mnode_modules/react-dom/cjs/react-dom.development.js[2m:27589:9)[22m[2m[22m
[2m      [2mat scheduleUpdateOnFiber ([22m[2mnode_modules/react-dom/cjs/react-dom.development.js[2m:25508:5)[22m[2m[22m
[2m      [2mat forceStoreRerender ([22m[2mnode_modules/react-dom/cjs/react-dom.development.js[2m:16977:5)[22m[2m[22m
[2m      [2mat handleStoreChange ([22m[2mnode_modules/react-dom/cjs/react-dom.development.js[2m:16953:7)[22m[2m[22m
[2m      [2mat [22m[2mnode_modules/swr/dist/index/index.js[2m:244:42[22m[2m[22m
[2m      [2mat Array.setter ([22m[2mnode_modules/swr/dist/_internal/config-context-client-BKoingCI.js[2m:435:21)[22m[2m[22m
[2m      [2mat [22m[2mnode_modules/swr/dist/_internal/config-context-client-BKoingCI.js[2m:70:25[22m[2m[22m
[2m      [2mat finishRequestAndUpdateState ([22m[2mnode_modules/swr/dist/index/index.js[2m:317:13)[22m[2m[22m
[2m      [2mat [22m[2mnode_modules/swr/dist/index/index.js[2m:451:9[22m[2m[22m

    [2m[31mconsole.error[39m[22m
[31m      Warning: An update to Cart inside a test was not wrapped in act(...).[39m
[31m      [39m
[31m      When testing, code that causes React state updates should be wrapped into act(...):[39m
[31m      [39m
[31m      act(() => {[39m
[31m        /* fire events that update state */[39m
[31m      });[39m
[31m      /* assert on the output */[39m
[31m      [39m
[31m      This ensures that you're testing the behavior the user would see in the browser. Learn more at https://reactjs.org/link/wrap-tests-with-act[39m
[31m          at cartIcon (/home/bradleyjerome/projects/metrolinx/next.upexpress.com/src/components/Header/Cart/Cart.tsx:31:35)[39m
[31m          at DesktopCart[39m
[31m          at div[39m
[31m          at div[39m
[31m          at nav[39m
[31m          at setShowLoader (/home/bradleyjerome/projects/metrolinx/next.upexpress.com/src/components/Header/NavigationBar/NavigationBar.tsx:41:3)[39m
[31m          at header[39m
[31m          at Header (/home/bradleyjerome/projects/metrolinx/next.upexpress.com/src/components/Header/Header.tsx:12:52)[39m
[31m          at ServiceAlertBannerHeightProvider (/home/bradleyjerome/projects/metrolinx/next.upexpress.com/src/context/ServiceAlertContext.tsx:21:27)[39m
[2m[22m
[2m      [2mat printWarning ([22m[2mnode_modules/react-dom/cjs/react-dom.development.js[2m:86:30)[22m[2m[22m
[2m      [2mat error ([22m[2mnode_modules/react-dom/cjs/react-dom.development.js[2m:60:7)[22m[2m[22m
[2m      [2mat warnIfUpdatesNotWrappedWithActDEV ([22m[2mnode_modules/react-dom/cjs/react-dom.development.js[2m:27589:9)[22m[2m[22m
[2m      [2mat scheduleUpdateOnFiber ([22m[2mnode_modules/react-dom/cjs/react-dom.development.js[2m:25508:5)[22m[2m[22m
[2m      [2mat forceStoreRerender ([22m[2mnode_modules/react-dom/cjs/react-dom.development.js[2m:16977:5)[22m[2m[22m
[2m      [2mat handleStoreChange ([22m[2mnode_modules/react-dom/cjs/react-dom.development.js[2m:16953:7)[22m[2m[22m
[2m      [2mat [22m[2mnode_modules/swr/dist/index/index.js[2m:244:42[22m[2m[22m
[2m      [2mat Array.setter ([22m[2mnode_modules/swr/dist/_internal/config-context-client-BKoingCI.js[2m:435:21)[22m[2m[22m
[2m      [2mat [22m[2mnode_modules/swr/dist/_internal/config-context-client-BKoingCI.js[2m:70:25[22m[2m[22m
[2m      [2mat finishRequestAndUpdateState ([22m[2mnode_modules/swr/dist/index/index.js[2m:317:13)[22m[2m[22m
[2m      [2mat [22m[2mnode_modules/swr/dist/index/index.js[2m:451:9[22m[2m[22m

    [2m[31mconsole.error[39m[22m
[31m      Warning: An update to ServiceUpdates inside a test was not wrapped in act(...).[39m
[31m      [39m
[31m      When testing, code that causes React state updates should be wrapped into act(...):[39m
[31m      [39m
[31m      act(() => {[39m
[31m        /* fire events that update state */[39m
[31m      });[39m
[31m      /* assert on the output */[39m
[31m      [39m
[31m      This ensures that you're testing the behavior the user would see in the browser. Learn more at https://reactjs.org/link/wrap-tests-with-act[39m
[31m          at ServiceUpdates (/home/bradleyjerome/projects/metrolinx/next.upexpress.com/src/components/Header/ServiceUpdates/ServiceUpdates.tsx:13:45)[39m
[31m          at div[39m
[31m          at div[39m
[31m          at nav[39m
[31m          at setShowLoader (/home/bradleyjerome/projects/metrolinx/next.upexpress.com/src/components/Header/NavigationBar/NavigationBar.tsx:41:3)[39m
[31m          at header[39m
[31m          at Header (/home/bradleyjerome/projects/metrolinx/next.upexpress.com/src/components/Header/Header.tsx:12:52)[39m
[31m          at ServiceAlertBannerHeightProvider (/home/bradleyjerome/projects/metrolinx/next.upexpress.com/src/context/ServiceAlertContext.tsx:21:27)[39m
[2m[22m
[2m      [2mat printWarning ([22m[2mnode_modules/react-dom/cjs/react-dom.development.js[2m:86:30)[22m[2m[22m
[2m      [2mat error ([22m[2mnode_modules/react-dom/cjs/react-dom.development.js[2m:60:7)[22m[2m[22m
[2m      [2mat warnIfUpdatesNotWrappedWithActDEV ([22m[2mnode_modules/react-dom/cjs/react-dom.development.js[2m:27589:9)[22m[2m[22m
[2m      [2mat scheduleUpdateOnFiber ([22m[2mnode_modules/react-dom/cjs/react-dom.development.js[2m:25508:5)[22m[2m[22m
[2m      [2mat forceStoreRerender ([22m[2mnode_modules/react-dom/cjs/react-dom.development.js[2m:16977:5)[22m[2m[22m
[2m      [2mat handleStoreChange ([22m[2mnode_modules/react-dom/cjs/react-dom.development.js[2m:16953:7)[22m[2m[22m
[2m      [2mat [22m[2mnode_modules/swr/dist/index/index.js[2m:244:42[22m[2m[22m
[2m      [2mat Array.setter ([22m[2mnode_modules/swr/dist/_internal/config-context-client-BKoingCI.js[2m:435:21)[22m[2m[22m
[2m      [2mat [22m[2mnode_modules/swr/dist/_internal/config-context-client-BKoingCI.js[2m:70:25[22m[2m[22m
[2m      [2mat finishRequestAndUpdateState ([22m[2mnode_modules/swr/dist/index/index.js[2m:317:13)[22m[2m[22m
[2m      [2mat [22m[2mnode_modules/swr/dist/index/index.js[2m:451:9[22m[2m[22m

[0m[7m[1m[32m PASS [39m[22m[27m[0m [2msrc/components/GlobalSearchAutoSuggestion/__test__/[22m[1mGlobalSearchAutoSuggestion.spec.tsx[22m ([0m[1m[41m6.375 s[49m[22m[0m)
[0m[7m[1m[32m PASS [39m[22m[27m[0m [2msrc/components/pages/__tests__/[22m[1mErrorPageMaintenance.spec.tsx[22m
  [1m● [22mConsole

    [2m[33mconsole.warn[39m[22m
[33m      Image with src "Images/GO/Error-pages/Error_Pages_Maintenance" and "layout='fill'" has unused properties assigned. Please remove "width" and "height".[39m
[2m[22m
[2m    [0m [90m 12 |[39m[22m
[2m     [90m 13 |[39m [36mconst[39m renderMaintenancePage [33m=[39m () [33m=>[39m {[22m
[2m    [31m[1m>[22m[2m[39m[90m 14 |[39m   [36mreturn[39m render([22m
[2m     [90m    |[39m                [31m[1m^[22m[2m[39m[22m
[2m     [90m 15 |[39m     [33m<[39m[33mSessionProvider[39m session[33m=[39m{[36mnull[39m} refetchInterval[33m=[39m{[35m5[39m [33m*[39m [35m60[39m} refetchOnWindowFocus[33m=[39m{[36mtrue[39m}[33m>[39m[22m
[2m     [90m 16 |[39m       [33m<[39m[33mContentstackContext[39m[33m.[39m[33mProvider[39m[22m
[2m     [90m 17 |[39m         value[33m=[39m{{ page[33m:[39m pageMaintenance [36mas[39m unknown [36mas[39m [[33mIContentstackPage[39m] }}[0m[22m
[2m[22m
[2m      [2mat warn ([22m[2mnode_modules/next/src/shared/lib/utils/warn-once.ts[2m:6:15)[22m[2m[22m
[2m      [2mat Image ([22m[2mnode_modules/next/src/client/legacy/image.tsx[2m:815:7)[22m[2m[22m
[2m      [2mat renderWithHooks ([22m[2mnode_modules/react-dom/cjs/react-dom.development.js[2m:16305:18)[22m[2m[22m
[2m      [2mat mountIndeterminateComponent ([22m[2mnode_modules/react-dom/cjs/react-dom.development.js[2m:20074:13)[22m[2m[22m
[2m      [2mat beginWork ([22m[2mnode_modules/react-dom/cjs/react-dom.development.js[2m:21587:16)[22m[2m[22m
[2m      [2mat beginWork$1 ([22m[2mnode_modules/react-dom/cjs/react-dom.development.js[2m:27426:14)[22m[2m[22m
[2m      [2mat performUnitOfWork ([22m[2mnode_modules/react-dom/cjs/react-dom.development.js[2m:26560:12)[22m[2m[22m
[2m      [2mat workLoopSync ([22m[2mnode_modules/react-dom/cjs/react-dom.development.js[2m:26466:5)[22m[2m[22m
[2m      [2mat renderRootSync ([22m[2mnode_modules/react-dom/cjs/react-dom.development.js[2m:26434:7)[22m[2m[22m
[2m      [2mat performConcurrentWorkOnRoot ([22m[2mnode_modules/react-dom/cjs/react-dom.development.js[2m:25738:74)[22m[2m[22m
[2m      [2mat flushActQueue ([22m[2mnode_modules/react/cjs/react.development.js[2m:2667:24)[22m[2m[22m
[2m      [2mat act ([22m[2mnode_modules/react/cjs/react.development.js[2m:2582:11)[22m[2m[22m
[2m      [2mat [22m[2mnode_modules/@testing-library/react/dist/act-compat.js[2m:46:25[22m[2m[22m
[2m      [2mat renderRoot ([22m[2mnode_modules/@testing-library/react/dist/pure.js[2m:161:26)[22m[2m[22m
[2m      [2mat render ([22m[2mnode_modules/@testing-library/react/dist/pure.js[2m:247:10)[22m[2m[22m
[2m      [2mat renderMaintenancePage ([22m[2m[0m[36msrc/components/pages/__tests__/ErrorPageMaintenance.spec.tsx[39m[0m[2m:14:16)[22m[2m[22m
[2m      [2mat Object.renderMaintenancePage ([22m[2m[0m[36msrc/components/pages/__tests__/ErrorPageMaintenance.spec.tsx[39m[0m[2m:34:29)[22m[2m[22m

[0m[7m[1m[32m PASS [39m[22m[27m[0m [2msrc/components/componentMappers/__tests__/[22m[1mBlogPostPageComponentMapper.spec.tsx[22m
[0m[7m[1m[32m PASS [39m[22m[27m[0m [2msrc/components/UserAccount/__tests__/[22m[1museUserContextValue.spec.ts[22m
[0m[7m[1m[32m PASS [39m[22m[27m[0m [2msrc/components/contentstack/ContentstackDocumentCTA/__tests__/[22m[1mContentstackDocumentCTA.spec.tsx[22m ([0m[1m[41m7.15 s[49m[22m[0m)
[0m[7m[1m[32m PASS [39m[22m[27m[0m [2msrc/components/contentstack/ContentstackColorComponent/[22m[1mContentstackColorComponent.spec.tsx[22m
[0m[7m[1m[32m PASS [39m[22m[27m[0m [2msrc/components/contentstack/ContentstackBuyTicketsBanner/[22m[1mContentstackBuyTicketsBanner.spec.tsx[22m
[0m[7m[1m[32m PASS [39m[22m[27m[0m [2msrc/components/pages/StationHub/__tests__/[22m[1mStationFacilitiesPage.spec.tsx[22m
[0m[7m[1m[32m PASS [39m[22m[27m[0m [2msrc/hooks/__tests__/[22m[1museLinksAndColorsOrderedSidebar.spec.ts[22m
[0m[7m[1m[32m PASS [39m[22m[27m[0m [2msrc/components/UserAccount/Shared/__tests__/[22m[1mutils.spec.ts[22m
[0m[7m[1m[32m PASS [39m[22m[27m[0m [2msrc/components/pages/__tests__/[22m[1mSignUpPage.spec.tsx[22m ([0m[1m[41m5.025 s[49m[22m[0m)
[0m[7m[1m[32m PASS [39m[22m[27m[0m [2msrc/components/UserAccount/__tests__/[22m[1mUserAccountWrapper.spec.tsx[22m
[0m[7m[1m[32m PASS [39m[22m[27m[0m [2msrc/components/pages/__tests__/[22m[1mStationLandingPage.spec.tsx[22m
  [1m● [22mConsole

    [2m[31mconsole.error[39m[22m
[31m      Warning: React does not recognize the `directoryUid` prop on a DOM element. If you intentionally want it to appear in the DOM as a custom attribute, spell it as lowercase `directoryuid` instead. If you accidentally passed it from a parent component, remove it from the DOM element.[39m
[31m          at a[39m
[31m          at childrenProp (/home/bradleyjerome/projects/metrolinx/next.upexpress.com/node_modules/next/src/client/link.tsx:300:16)[39m
[31m          at AppLink[39m
[31m          at locale (/home/bradleyjerome/projects/metrolinx/next.upexpress.com/node_modules/@metrolinx/cx-shared/src/components/CustomLink/CustomLink.tsx:14:3)[39m
[31m          at icon (/home/bradleyjerome/projects/metrolinx/next.upexpress.com/node_modules/@metrolinx/cx-shared/src/components/FeatureListing/FeatureListingCard.tsx:40:3)[39m
[31m          at div[39m
[31m          at section[39m
[31m          at className (/home/bradleyjerome/projects/metrolinx/next.upexpress.com/node_modules/@metrolinx/cx-shared/src/components/FeatureListing/FeatureListing.tsx:28:3)[39m
[31m          at contentKey (/home/bradleyjerome/projects/metrolinx/next.upexpress.com/src/components/contentstack/ContentStackFeatureListing/ContentStackFeatureListing.tsx:24:3)[39m
[31m          at div[39m
[31m          at div[39m
[31m          at div[39m
[31m          at div[39m
[31m          at div[39m
[31m          at div[39m
[31m          at StationLandingPage (/home/bradleyjerome/projects/metrolinx/next.upexpress.com/src/components/pages/StationLandingPage/StationLandingPage.tsx:44:41)[39m
[2m[22m
[2m    [0m [90m 33 |[39m   )[33m;[39m[22m
[2m     [90m 34 |[39m[22m
[2m    [31m[1m>[22m[2m[39m[90m 35 |[39m   [36mreturn[39m render(component)[33m;[39m[22m
[2m     [90m    |[39m                [31m[1m^[22m[2m[39m[22m
[2m     [90m 36 |[39m }[33m;[39m[22m
[2m     [90m 37 |[39m[22m
[2m     [90m 38 |[39m describe([32m"StationLandingPage"[39m[33m,[39m () [33m=>[39m {[0m[22m
[2m[22m
[2m      [2mat printWarning ([22m[2mnode_modules/react-dom/cjs/react-dom.development.js[2m:86:30)[22m[2m[22m
[2m      [2mat error ([22m[2mnode_modules/react-dom/cjs/react-dom.development.js[2m:60:7)[22m[2m[22m
[2m      [2mat validateProperty$1 ([22m[2mnode_modules/react-dom/cjs/react-dom.development.js[2m:3757:7)[22m[2m[22m
[2m      [2mat warnUnknownProperties ([22m[2mnode_modules/react-dom/cjs/react-dom.development.js[2m:3803:21)[22m[2m[22m
[2m      [2mat validateProperties$2 ([22m[2mnode_modules/react-dom/cjs/react-dom.development.js[2m:3827:3)[22m[2m[22m
[2m      [2mat validatePropertiesInDevelopment ([22m[2mnode_modules/react-dom/cjs/react-dom.development.js[2m:9541:5)[22m[2m[22m
[2m      [2mat setInitialProperties ([22m[2mnode_modules/react-dom/cjs/react-dom.development.js[2m:9830:5)[22m[2m[22m
[2m      [2mat finalizeInitialChildren ([22m[2mnode_modules/react-dom/cjs/react-dom.development.js[2m:10950:3)[22m[2m[22m
[2m      [2mat completeWork ([22m[2mnode_modules/react-dom/cjs/react-dom.development.js[2m:22193:17)[22m[2m[22m
[2m      [2mat completeUnitOfWork ([22m[2mnode_modules/react-dom/cjs/react-dom.development.js[2m:26593:16)[22m[2m[22m
[2m      [2mat performUnitOfWork ([22m[2mnode_modules/react-dom/cjs/react-dom.development.js[2m:26568:5)[22m[2m[22m
[2m      [2mat workLoopSync ([22m[2mnode_modules/react-dom/cjs/react-dom.development.js[2m:26466:5)[22m[2m[22m
[2m      [2mat renderRootSync ([22m[2mnode_modules/react-dom/cjs/react-dom.development.js[2m:26434:7)[22m[2m[22m
[2m      [2mat performConcurrentWorkOnRoot ([22m[2mnode_modules/react-dom/cjs/react-dom.development.js[2m:25738:74)[22m[2m[22m
[2m      [2mat flushActQueue ([22m[2mnode_modules/react/cjs/react.development.js[2m:2667:24)[22m[2m[22m
[2m      [2mat act ([22m[2mnode_modules/react/cjs/react.development.js[2m:2582:11)[22m[2m[22m
[2m      [2mat [22m[2mnode_modules/@testing-library/react/dist/act-compat.js[2m:46:25[22m[2m[22m
[2m      [2mat renderRoot ([22m[2mnode_modules/@testing-library/react/dist/pure.js[2m:161:26)[22m[2m[22m
[2m      [2mat render ([22m[2mnode_modules/@testing-library/react/dist/pure.js[2m:247:10)[22m[2m[22m
[2m      [2mat renderStationLandingPage ([22m[2m[0m[36msrc/components/pages/__tests__/StationLandingPage.spec.tsx[39m[0m[2m:35:16)[22m[2m[22m
[2m      [2mat Object.renderStationLandingPage ([22m[2m[0m[36msrc/components/pages/__tests__/StationLandingPage.spec.tsx[39m[0m[2m:40:47)[22m[2m[22m

[0m[7m[1m[32m PASS [39m[22m[27m[0m [2msrc/hooks/__tests__/[22m[1museAuthRefetchInterval.spec.ts[22m
  [1m● [22mConsole

    [2m[31mconsole.error[39m[22m
[31m      Error: Not implemented: window.scroll[39m
[31m          at module.exports (/home/bradleyjerome/projects/metrolinx/next.upexpress.com/node_modules/jest-environment-jsdom/node_modules/jsdom/lib/jsdom/browser/not-implemented.js:9:17)[39m
[31m          at /home/bradleyjerome/projects/metrolinx/next.upexpress.com/node_modules/jest-environment-jsdom/node_modules/jsdom/lib/jsdom/browser/Window.js:870:7[39m
[31m          at scroll (/home/bradleyjerome/projects/metrolinx/next.upexpress.com/src/hooks/__tests__/useAuthRefetchInterval.spec.ts:22:14)[39m
[31m          at /home/bradleyjerome/projects/metrolinx/next.upexpress.com/node_modules/@testing-library/react/dist/act-compat.js:47:24[39m
[31m          at act (/home/bradleyjerome/projects/metrolinx/next.upexpress.com/node_modules/react/cjs/react.development.js:2512:16)[39m
[31m          at /home/bradleyjerome/projects/metrolinx/next.upexpress.com/node_modules/@testing-library/react/dist/act-compat.js:46:25[39m
[31m          at Object.<anonymous> (/home/bradleyjerome/projects/metrolinx/next.upexpress.com/src/hooks/__tests__/useAuthRefetchInterval.spec.ts:21:8)[39m
[31m          at Promise.then.completed (/home/bradleyjerome/projects/metrolinx/next.upexpress.com/node_modules/jest-circus/build/utils.js:293:28)[39m
[31m          at new Promise (<anonymous>)[39m
[31m          at callAsyncCircusFn (/home/bradleyjerome/projects/metrolinx/next.upexpress.com/node_modules/jest-circus/build/utils.js:226:10)[39m
[31m          at _callCircusTest (/home/bradleyjerome/projects/metrolinx/next.upexpress.com/node_modules/jest-circus/build/run.js:297:40)[39m
[31m          at processTicksAndRejections (node:internal/process/task_queues:103:5)[39m
[31m          at _runTest (/home/bradleyjerome/projects/metrolinx/next.upexpress.com/node_modules/jest-circus/build/run.js:233:3)[39m
[31m          at _runTestsForDescribeBlock (/home/bradleyjerome/projects/metrolinx/next.upexpress.com/node_modules/jest-circus/build/run.js:135:9)[39m
[31m          at _runTestsForDescribeBlock (/home/bradleyjerome/projects/metrolinx/next.upexpress.com/node_modules/jest-circus/build/run.js:130:9)[39m
[31m          at run (/home/bradleyjerome/projects/metrolinx/next.upexpress.com/node_modules/jest-circus/build/run.js:68:3)[39m
[31m          at runAndTransformResultsToJestFormat (/home/bradleyjerome/projects/metrolinx/next.upexpress.com/node_modules/jest-circus/build/legacy-code-todo-rewrite/jestAdapterInit.js:122:21)[39m
[31m          at jestAdapter (/home/bradleyjerome/projects/metrolinx/next.upexpress.com/node_modules/jest-circus/build/legacy-code-todo-rewrite/jestAdapter.js:79:19)[39m
[31m          at runTestInternal (/home/bradleyjerome/projects/metrolinx/next.upexpress.com/node_modules/jest-runner/build/runTest.js:367:16)[39m
[31m          at runTest (/home/bradleyjerome/projects/metrolinx/next.upexpress.com/node_modules/jest-runner/build/runTest.js:444:34)[39m
[31m          at Object.worker (/home/bradleyjerome/projects/metrolinx/next.upexpress.com/node_modules/jest-runner/build/testWorker.js:106:12) {[39m
[31m        type: 'not implemented'[39m
[31m      }[39m
[2m[22m
[2m    [0m [90m 20 |[39m[22m
[2m     [90m 21 |[39m     act(() [33m=>[39m {[22m
[2m    [31m[1m>[22m[2m[39m[90m 22 |[39m       window[33m.[39mscroll([35m0[39m[33m,[39m [35m10[39m)[33m;[39m[22m
[2m     [90m    |[39m              [31m[1m^[22m[2m[39m[22m
[2m     [90m 23 |[39m       jest[33m.[39madvanceTimersByTime([35m2000[39m)[33m;[39m[22m
[2m     [90m 24 |[39m     })[33m;[39m[22m
[2m     [90m 25 |[39m[0m[22m
[2m[22m
[2m      [2mat VirtualConsole.<anonymous> ([22m[2mnode_modules/jest-environment-jsdom/build/index.js[2m:60:23)[22m[2m[22m
[2m      [2mat scroll ([22m[2m[0m[36msrc/hooks/__tests__/useAuthRefetchInterval.spec.ts[39m[0m[2m:22:14)[22m[2m[22m
[2m      [2mat [22m[2mnode_modules/@testing-library/react/dist/act-compat.js[2m:47:24[22m[2m[22m
[2m      [2mat act ([22m[2mnode_modules/react/cjs/react.development.js[2m:2512:16)[22m[2m[22m
[2m      [2mat [22m[2mnode_modules/@testing-library/react/dist/act-compat.js[2m:46:25[22m[2m[22m
[2m      [2mat Object.<anonymous> ([22m[2m[0m[36msrc/hooks/__tests__/useAuthRefetchInterval.spec.ts[39m[0m[2m:21:8)[22m[2m[22m

    [2m[31mconsole.error[39m[22m
[31m      Error: Not implemented: window.scroll[39m
[31m          at module.exports (/home/bradleyjerome/projects/metrolinx/next.upexpress.com/node_modules/jest-environment-jsdom/node_modules/jsdom/lib/jsdom/browser/not-implemented.js:9:17)[39m
[31m          at /home/bradleyjerome/projects/metrolinx/next.upexpress.com/node_modules/jest-environment-jsdom/node_modules/jsdom/lib/jsdom/browser/Window.js:870:7[39m
[31m          at scroll (/home/bradleyjerome/projects/metrolinx/next.upexpress.com/src/hooks/__tests__/useAuthRefetchInterval.spec.ts:35:14)[39m
[31m          at /home/bradleyjerome/projects/metrolinx/next.upexpress.com/node_modules/@testing-library/react/dist/act-compat.js:47:24[39m
[31m          at act (/home/bradleyjerome/projects/metrolinx/next.upexpress.com/node_modules/react/cjs/react.development.js:2512:16)[39m
[31m          at /home/bradleyjerome/projects/metrolinx/next.upexpress.com/node_modules/@testing-library/react/dist/act-compat.js:46:25[39m
[31m          at Object.<anonymous> (/home/bradleyjerome/projects/metrolinx/next.upexpress.com/src/hooks/__tests__/useAuthRefetchInterval.spec.ts:34:8)[39m
[31m          at Promise.then.completed (/home/bradleyjerome/projects/metrolinx/next.upexpress.com/node_modules/jest-circus/build/utils.js:293:28)[39m
[31m          at new Promise (<anonymous>)[39m
[31m          at callAsyncCircusFn (/home/bradleyjerome/projects/metrolinx/next.upexpress.com/node_modules/jest-circus/build/utils.js:226:10)[39m
[31m          at _callCircusTest (/home/bradleyjerome/projects/metrolinx/next.upexpress.com/node_modules/jest-circus/build/run.js:297:40)[39m
[31m          at processTicksAndRejections (node:internal/process/task_queues:103:5)[39m
[31m          at _runTest (/home/bradleyjerome/projects/metrolinx/next.upexpress.com/node_modules/jest-circus/build/run.js:233:3)[39m
[31m          at _runTestsForDescribeBlock (/home/bradleyjerome/projects/metrolinx/next.upexpress.com/node_modules/jest-circus/build/run.js:135:9)[39m
[31m          at _runTestsForDescribeBlock (/home/bradleyjerome/projects/metrolinx/next.upexpress.com/node_modules/jest-circus/build/run.js:130:9)[39m
[31m          at run (/home/bradleyjerome/projects/metrolinx/next.upexpress.com/node_modules/jest-circus/build/run.js:68:3)[39m
[31m          at runAndTransformResultsToJestFormat (/home/bradleyjerome/projects/metrolinx/next.upexpress.com/node_modules/jest-circus/build/legacy-code-todo-rewrite/jestAdapterInit.js:122:21)[39m
[31m          at jestAdapter (/home/bradleyjerome/projects/metrolinx/next.upexpress.com/node_modules/jest-circus/build/legacy-code-todo-rewrite/jestAdapter.js:79:19)[39m
[31m          at runTestInternal (/home/bradleyjerome/projects/metrolinx/next.upexpress.com/node_modules/jest-runner/build/runTest.js:367:16)[39m
[31m          at runTest (/home/bradleyjerome/projects/metrolinx/next.upexpress.com/node_modules/jest-runner/build/runTest.js:444:34)[39m
[31m          at Object.worker (/home/bradleyjerome/projects/metrolinx/next.upexpress.com/node_modules/jest-runner/build/testWorker.js:106:12) {[39m
[31m        type: 'not implemented'[39m
[31m      }[39m
[2m[22m
[2m    [0m [90m 33 |[39m[22m
[2m     [90m 34 |[39m     act(() [33m=>[39m {[22m
[2m    [31m[1m>[22m[2m[39m[90m 35 |[39m       window[33m.[39mscroll([35m0[39m[33m,[39m [35m10[39m)[33m;[39m[22m
[2m     [90m    |[39m              [31m[1m^[22m[2m[39m[22m
[2m     [90m 36 |[39m       jest[33m.[39madvanceTimersByTime([35m10[39m [33m*[39m [35m60[39m [33m*[39m [35m1000[39m)[33m;[39m [90m// 10 minutes[39m[22m
[2m     [90m 37 |[39m     })[33m;[39m[22m
[2m     [90m 38 |[39m[0m[22m
[2m[22m
[2m      [2mat VirtualConsole.<anonymous> ([22m[2mnode_modules/jest-environment-jsdom/build/index.js[2m:60:23)[22m[2m[22m
[2m      [2mat scroll ([22m[2m[0m[36msrc/hooks/__tests__/useAuthRefetchInterval.spec.ts[39m[0m[2m:35:14)[22m[2m[22m
[2m      [2mat [22m[2mnode_modules/@testing-library/react/dist/act-compat.js[2m:47:24[22m[2m[22m
[2m      [2mat act ([22m[2mnode_modules/react/cjs/react.development.js[2m:2512:16)[22m[2m[22m
[2m      [2mat [22m[2mnode_modules/@testing-library/react/dist/act-compat.js[2m:46:25[22m[2m[22m
[2m      [2mat Object.<anonymous> ([22m[2m[0m[36msrc/hooks/__tests__/useAuthRefetchInterval.spec.ts[39m[0m[2m:34:8)[22m[2m[22m

    [2m[31mconsole.error[39m[22m
[31m      Error: Not implemented: window.scroll[39m
[31m          at module.exports (/home/bradleyjerome/projects/metrolinx/next.upexpress.com/node_modules/jest-environment-jsdom/node_modules/jsdom/lib/jsdom/browser/not-implemented.js:9:17)[39m
[31m          at /home/bradleyjerome/projects/metrolinx/next.upexpress.com/node_modules/jest-environment-jsdom/node_modules/jsdom/lib/jsdom/browser/Window.js:870:7[39m
[31m          at scroll (/home/bradleyjerome/projects/metrolinx/next.upexpress.com/src/hooks/__tests__/useAuthRefetchInterval.spec.ts:50:14)[39m
[31m          at /home/bradleyjerome/projects/metrolinx/next.upexpress.com/node_modules/@testing-library/react/dist/act-compat.js:47:24[39m
[31m          at act (/home/bradleyjerome/projects/metrolinx/next.upexpress.com/node_modules/react/cjs/react.development.js:2512:16)[39m
[31m          at /home/bradleyjerome/projects/metrolinx/next.upexpress.com/node_modules/@testing-library/react/dist/act-compat.js:46:25[39m
[31m          at Object.<anonymous> (/home/bradleyjerome/projects/metrolinx/next.upexpress.com/src/hooks/__tests__/useAuthRefetchInterval.spec.ts:49:8)[39m
[31m          at Promise.then.completed (/home/bradleyjerome/projects/metrolinx/next.upexpress.com/node_modules/jest-circus/build/utils.js:293:28)[39m
[31m          at new Promise (<anonymous>)[39m
[31m          at callAsyncCircusFn (/home/bradleyjerome/projects/metrolinx/next.upexpress.com/node_modules/jest-circus/build/utils.js:226:10)[39m
[31m          at _callCircusTest (/home/bradleyjerome/projects/metrolinx/next.upexpress.com/node_modules/jest-circus/build/run.js:297:40)[39m
[31m          at processTicksAndRejections (node:internal/process/task_queues:103:5)[39m
[31m          at _runTest (/home/bradleyjerome/projects/metrolinx/next.upexpress.com/node_modules/jest-circus/build/run.js:233:3)[39m
[31m          at _runTestsForDescribeBlock (/home/bradleyjerome/projects/metrolinx/next.upexpress.com/node_modules/jest-circus/build/run.js:135:9)[39m
[31m          at _runTestsForDescribeBlock (/home/bradleyjerome/projects/metrolinx/next.upexpress.com/node_modules/jest-circus/build/run.js:130:9)[39m
[31m          at run (/home/bradleyjerome/projects/metrolinx/next.upexpress.com/node_modules/jest-circus/build/run.js:68:3)[39m
[31m          at runAndTransformResultsToJestFormat (/home/bradleyjerome/projects/metrolinx/next.upexpress.com/node_modules/jest-circus/build/legacy-code-todo-rewrite/jestAdapterInit.js:122:21)[39m
[31m          at jestAdapter (/home/bradleyjerome/projects/metrolinx/next.upexpress.com/node_modules/jest-circus/build/legacy-code-todo-rewrite/jestAdapter.js:79:19)[39m
[31m          at runTestInternal (/home/bradleyjerome/projects/metrolinx/next.upexpress.com/node_modules/jest-runner/build/runTest.js:367:16)[39m
[31m          at runTest (/home/bradleyjerome/projects/metrolinx/next.upexpress.com/node_modules/jest-runner/build/runTest.js:444:34)[39m
[31m          at Object.worker (/home/bradleyjerome/projects/metrolinx/next.upexpress.com/node_modules/jest-runner/build/testWorker.js:106:12) {[39m
[31m        type: 'not implemented'[39m
[31m      }[39m
[2m[22m
[2m    [0m [90m 48 |[39m[22m
[2m     [90m 49 |[39m     act(() [33m=>[39m {[22m
[2m    [31m[1m>[22m[2m[39m[90m 50 |[39m       window[33m.[39mscroll([35m0[39m[33m,[39m [35m10[39m)[33m;[39m[22m
[2m     [90m    |[39m              [31m[1m^[22m[2m[39m[22m
[2m     [90m 51 |[39m       jest[33m.[39madvanceTimersByTime([35m10[39m [33m*[39m [35m60[39m [33m*[39m [35m1000[39m)[33m;[39m [90m// 10 minutes[39m[22m
[2m     [90m 52 |[39m     })[33m;[39m[22m
[2m     [90m 53 |[39m[0m[22m
[2m[22m
[2m      [2mat VirtualConsole.<anonymous> ([22m[2mnode_modules/jest-environment-jsdom/build/index.js[2m:60:23)[22m[2m[22m
[2m      [2mat scroll ([22m[2m[0m[36msrc/hooks/__tests__/useAuthRefetchInterval.spec.ts[39m[0m[2m:50:14)[22m[2m[22m
[2m      [2mat [22m[2mnode_modules/@testing-library/react/dist/act-compat.js[2m:47:24[22m[2m[22m
[2m      [2mat act ([22m[2mnode_modules/react/cjs/react.development.js[2m:2512:16)[22m[2m[22m
[2m      [2mat [22m[2mnode_modules/@testing-library/react/dist/act-compat.js[2m:46:25[22m[2m[22m
[2m      [2mat Object.<anonymous> ([22m[2m[0m[36msrc/hooks/__tests__/useAuthRefetchInterval.spec.ts[39m[0m[2m:49:8)[22m[2m[22m

[0m[7m[1m[32m PASS [39m[22m[27m[0m [2msrc/components/contentstack/ContentstackMixedCards/__tests__/[22m[1mmapToColorCard.spec.ts[22m
[0m[7m[1m[32m PASS [39m[22m[27m[0m [2msrc/hooks/__tests__/[22m[1museDepartureList.spec.ts[22m
[0m[7m[1m[32m PASS [39m[22m[27m[0m [2msrc/components/contentstack/ContentStackLandAcknowledgement/__tests__/[22m[1mContentStackLandAcknowledgement.spec.tsx[22m
[0m[7m[1m[32m PASS [39m[22m[27m[0m [2msrc/components/contentstack/ContentstackExpandedViewCards/__test__/[22m[1mContentstackExpandedViewCards.spec.tsx[22m
[0m[7m[1m[32m PASS [39m[22m[27m[0m [2msrc/components/Header/__tests__/[22m[1mServiceUpdates.spec.tsx[22m ([0m[1m[41m6.03 s[49m[22m[0m)
[0m[7m[1m[32m PASS [39m[22m[27m[0m [2msrc/components/pages/__tests__/[22m[1mErrorPage404NotFound.spec.tsx[22m ([0m[1m[41m13.816 s[49m[22m[0m)
  [1m● [22mConsole

    [2m[31mconsole.error[39m[22m
[31m      Warning: An update to ServiceUpdates inside a test was not wrapped in act(...).[39m
[31m      [39m
[31m      When testing, code that causes React state updates should be wrapped into act(...):[39m
[31m      [39m
[31m      act(() => {[39m
[31m        /* fire events that update state */[39m
[31m      });[39m
[31m      /* assert on the output */[39m
[31m      [39m
[31m      This ensures that you're testing the behavior the user would see in the browser. Learn more at https://reactjs.org/link/wrap-tests-with-act[39m
[31m          at ServiceUpdates (/home/bradleyjerome/projects/metrolinx/next.upexpress.com/src/components/Header/ServiceUpdates/ServiceUpdates.tsx:13:45)[39m
[31m          at div[39m
[31m          at div[39m
[31m          at nav[39m
[31m          at setShowLoader (/home/bradleyjerome/projects/metrolinx/next.upexpress.com/src/components/Header/NavigationBar/NavigationBar.tsx:41:3)[39m
[31m          at header[39m
[31m          at Header (/home/bradleyjerome/projects/metrolinx/next.upexpress.com/src/components/Header/Header.tsx:12:52)[39m
[31m          at ServiceAlertBannerHeightProvider (/home/bradleyjerome/projects/metrolinx/next.upexpress.com/src/context/ServiceAlertContext.tsx:21:27)[39m
[31m          at div[39m
[31m          at contentTypeUid (/home/bradleyjerome/projects/metrolinx/next.upexpress.com/src/components/Layout/Layout.tsx:42:44)[39m
[31m          at locale (/home/bradleyjerome/projects/metrolinx/next.upexpress.com/src/pages/404.tsx:29:71)[39m
[31m          at children (/home/bradleyjerome/projects/metrolinx/next.upexpress.com/node_modules/next-auth/react/index.js:364:24)[39m
[2m[22m
[2m      [2mat printWarning ([22m[2mnode_modules/react-dom/cjs/react-dom.development.js[2m:86:30)[22m[2m[22m
[2m      [2mat error ([22m[2mnode_modules/react-dom/cjs/react-dom.development.js[2m:60:7)[22m[2m[22m
[2m      [2mat warnIfUpdatesNotWrappedWithActDEV ([22m[2mnode_modules/react-dom/cjs/react-dom.development.js[2m:27589:9)[22m[2m[22m
[2m      [2mat scheduleUpdateOnFiber ([22m[2mnode_modules/react-dom/cjs/react-dom.development.js[2m:25508:5)[22m[2m[22m
[2m      [2mat forceStoreRerender ([22m[2mnode_modules/react-dom/cjs/react-dom.development.js[2m:16977:5)[22m[2m[22m
[2m      [2mat handleStoreChange ([22m[2mnode_modules/react-dom/cjs/react-dom.development.js[2m:16953:7)[22m[2m[22m
[2m      [2mat [22m[2mnode_modules/swr/dist/index/index.js[2m:244:42[22m[2m[22m
[2m      [2mat Array.setter ([22m[2mnode_modules/swr/dist/_internal/config-context-client-BKoingCI.js[2m:435:21)[22m[2m[22m
[2m      [2mat [22m[2mnode_modules/swr/dist/_internal/config-context-client-BKoingCI.js[2m:70:25[22m[2m[22m
[2m      [2mat finishRequestAndUpdateState ([22m[2mnode_modules/swr/dist/index/index.js[2m:317:13)[22m[2m[22m
[2m      [2mat [22m[2mnode_modules/swr/dist/index/index.js[2m:451:9[22m[2m[22m

    [2m[31mconsole.error[39m[22m
[31m      Warning: An update to ServiceUpdates inside a test was not wrapped in act(...).[39m
[31m      [39m
[31m      When testing, code that causes React state updates should be wrapped into act(...):[39m
[31m      [39m
[31m      act(() => {[39m
[31m        /* fire events that update state */[39m
[31m      });[39m
[31m      /* assert on the output */[39m
[31m      [39m
[31m      This ensures that you're testing the behavior the user would see in the browser. Learn more at https://reactjs.org/link/wrap-tests-with-act[39m
[31m          at ServiceUpdates (/home/bradleyjerome/projects/metrolinx/next.upexpress.com/src/components/Header/ServiceUpdates/ServiceUpdates.tsx:13:45)[39m
[31m          at div[39m
[31m          at div[39m
[31m          at nav[39m
[31m          at setShowLoader (/home/bradleyjerome/projects/metrolinx/next.upexpress.com/src/components/Header/NavigationBar/NavigationBar.tsx:41:3)[39m
[31m          at header[39m
[31m          at Header (/home/bradleyjerome/projects/metrolinx/next.upexpress.com/src/components/Header/Header.tsx:12:52)[39m
[31m          at ServiceAlertBannerHeightProvider (/home/bradleyjerome/projects/metrolinx/next.upexpress.com/src/context/ServiceAlertContext.tsx:21:27)[39m
[31m          at div[39m
[31m          at contentTypeUid (/home/bradleyjerome/projects/metrolinx/next.upexpress.com/src/components/Layout/Layout.tsx:42:44)[39m
[31m          at locale (/home/bradleyjerome/projects/metrolinx/next.upexpress.com/src/pages/404.tsx:29:71)[39m
[31m          at children (/home/bradleyjerome/projects/metrolinx/next.upexpress.com/node_modules/next-auth/react/index.js:364:24)[39m
[2m[22m
[2m      [2mat printWarning ([22m[2mnode_modules/react-dom/cjs/react-dom.development.js[2m:86:30)[22m[2m[22m
[2m      [2mat error ([22m[2mnode_modules/react-dom/cjs/react-dom.development.js[2m:60:7)[22m[2m[22m
[2m      [2mat warnIfUpdatesNotWrappedWithActDEV ([22m[2mnode_modules/react-dom/cjs/react-dom.development.js[2m:27589:9)[22m[2m[22m
[2m      [2mat scheduleUpdateOnFiber ([22m[2mnode_modules/react-dom/cjs/react-dom.development.js[2m:25508:5)[22m[2m[22m
[2m      [2mat forceStoreRerender ([22m[2mnode_modules/react-dom/cjs/react-dom.development.js[2m:16977:5)[22m[2m[22m
[2m      [2mat handleStoreChange ([22m[2mnode_modules/react-dom/cjs/react-dom.development.js[2m:16953:7)[22m[2m[22m
[2m      [2mat [22m[2mnode_modules/swr/dist/index/index.js[2m:244:42[22m[2m[22m
[2m      [2mat Array.setter ([22m[2mnode_modules/swr/dist/_internal/config-context-client-BKoingCI.js[2m:435:21)[22m[2m[22m
[2m      [2mat [22m[2mnode_modules/swr/dist/_internal/config-context-client-BKoingCI.js[2m:70:25[22m[2m[22m
[2m      [2mat finishRequestAndUpdateState ([22m[2mnode_modules/swr/dist/index/index.js[2m:317:13)[22m[2m[22m
[2m      [2mat [22m[2mnode_modules/swr/dist/index/index.js[2m:451:9[22m[2m[22m

    [2m[31mconsole.error[39m[22m
[31m      Warning: An update to ServiceUpdates inside a test was not wrapped in act(...).[39m
[31m      [39m
[31m      When testing, code that causes React state updates should be wrapped into act(...):[39m
[31m      [39m
[31m      act(() => {[39m
[31m        /* fire events that update state */[39m
[31m      });[39m
[31m      /* assert on the output */[39m
[31m      [39m
[31m      This ensures that you're testing the behavior the user would see in the browser. Learn more at https://reactjs.org/link/wrap-tests-with-act[39m
[31m          at ServiceUpdates (/home/bradleyjerome/projects/metrolinx/next.upexpress.com/src/components/Header/ServiceUpdates/ServiceUpdates.tsx:13:45)[39m
[31m          at div[39m
[31m          at div[39m
[31m          at nav[39m
[31m          at setShowLoader (/home/bradleyjerome/projects/metrolinx/next.upexpress.com/src/components/Header/NavigationBar/NavigationBar.tsx:41:3)[39m
[31m          at header[39m
[31m          at Header (/home/bradleyjerome/projects/metrolinx/next.upexpress.com/src/components/Header/Header.tsx:12:52)[39m
[31m          at ServiceAlertBannerHeightProvider (/home/bradleyjerome/projects/metrolinx/next.upexpress.com/src/context/ServiceAlertContext.tsx:21:27)[39m
[31m          at div[39m
[31m          at contentTypeUid (/home/bradleyjerome/projects/metrolinx/next.upexpress.com/src/components/Layout/Layout.tsx:42:44)[39m
[31m          at locale (/home/bradleyjerome/projects/metrolinx/next.upexpress.com/src/pages/404.tsx:29:71)[39m
[31m          at children (/home/bradleyjerome/projects/metrolinx/next.upexpress.com/node_modules/next-auth/react/index.js:364:24)[39m
[2m[22m
[2m      [2mat printWarning ([22m[2mnode_modules/react-dom/cjs/react-dom.development.js[2m:86:30)[22m[2m[22m
[2m      [2mat error ([22m[2mnode_modules/react-dom/cjs/react-dom.development.js[2m:60:7)[22m[2m[22m
[2m      [2mat warnIfUpdatesNotWrappedWithActDEV ([22m[2mnode_modules/react-dom/cjs/react-dom.development.js[2m:27589:9)[22m[2m[22m
[2m      [2mat scheduleUpdateOnFiber ([22m[2mnode_modules/react-dom/cjs/react-dom.development.js[2m:25508:5)[22m[2m[22m
[2m      [2mat forceStoreRerender ([22m[2mnode_modules/react-dom/cjs/react-dom.development.js[2m:16977:5)[22m[2m[22m
[2m      [2mat handleStoreChange ([22m[2mnode_modules/react-dom/cjs/react-dom.development.js[2m:16953:7)[22m[2m[22m
[2m      [2mat [22m[2mnode_modules/swr/dist/index/index.js[2m:244:42[22m[2m[22m
[2m      [2mat Array.setter ([22m[2mnode_modules/swr/dist/_internal/config-context-client-BKoingCI.js[2m:435:21)[22m[2m[22m
[2m      [2mat [22m[2mnode_modules/swr/dist/_internal/config-context-client-BKoingCI.js[2m:70:25[22m[2m[22m
[2m      [2mat finishRequestAndUpdateState ([22m[2mnode_modules/swr/dist/index/index.js[2m:317:13)[22m[2m[22m
[2m      [2mat [22m[2mnode_modules/swr/dist/index/index.js[2m:451:9[22m[2m[22m

    [2m[31mconsole.error[39m[22m
[31m      Warning: An update to ServiceUpdates inside a test was not wrapped in act(...).[39m
[31m      [39m
[31m      When testing, code that causes React state updates should be wrapped into act(...):[39m
[31m      [39m
[31m      act(() => {[39m
[31m        /* fire events that update state */[39m
[31m      });[39m
[31m      /* assert on the output */[39m
[31m      [39m
[31m      This ensures that you're testing the behavior the user would see in the browser. Learn more at https://reactjs.org/link/wrap-tests-with-act[39m
[31m          at ServiceUpdates (/home/bradleyjerome/projects/metrolinx/next.upexpress.com/src/components/Header/ServiceUpdates/ServiceUpdates.tsx:13:45)[39m
[31m          at div[39m
[31m          at div[39m
[31m          at nav[39m
[31m          at setShowLoader (/home/bradleyjerome/projects/metrolinx/next.upexpress.com/src/components/Header/NavigationBar/NavigationBar.tsx:41:3)[39m
[31m          at header[39m
[31m          at Header (/home/bradleyjerome/projects/metrolinx/next.upexpress.com/src/components/Header/Header.tsx:12:52)[39m
[31m          at ServiceAlertBannerHeightProvider (/home/bradleyjerome/projects/metrolinx/next.upexpress.com/src/context/ServiceAlertContext.tsx:21:27)[39m
[31m          at div[39m
[31m          at contentTypeUid (/home/bradleyjerome/projects/metrolinx/next.upexpress.com/src/components/Layout/Layout.tsx:42:44)[39m
[31m          at locale (/home/bradleyjerome/projects/metrolinx/next.upexpress.com/src/pages/404.tsx:29:71)[39m
[31m          at children (/home/bradleyjerome/projects/metrolinx/next.upexpress.com/node_modules/next-auth/react/index.js:364:24)[39m
[2m[22m
[2m      [2mat printWarning ([22m[2mnode_modules/react-dom/cjs/react-dom.development.js[2m:86:30)[22m[2m[22m
[2m      [2mat error ([22m[2mnode_modules/react-dom/cjs/react-dom.development.js[2m:60:7)[22m[2m[22m
[2m      [2mat warnIfUpdatesNotWrappedWithActDEV ([22m[2mnode_modules/react-dom/cjs/react-dom.development.js[2m:27589:9)[22m[2m[22m
[2m      [2mat scheduleUpdateOnFiber ([22m[2mnode_modules/react-dom/cjs/react-dom.development.js[2m:25508:5)[22m[2m[22m
[2m      [2mat forceStoreRerender ([22m[2mnode_modules/react-dom/cjs/react-dom.development.js[2m:16977:5)[22m[2m[22m
[2m      [2mat handleStoreChange ([22m[2mnode_modules/react-dom/cjs/react-dom.development.js[2m:16953:7)[22m[2m[22m
[2m      [2mat [22m[2mnode_modules/swr/dist/index/index.js[2m:244:42[22m[2m[22m
[2m      [2mat Array.setter ([22m[2mnode_modules/swr/dist/_internal/config-context-client-BKoingCI.js[2m:435:21)[22m[2m[22m
[2m      [2mat [22m[2mnode_modules/swr/dist/_internal/config-context-client-BKoingCI.js[2m:70:25[22m[2m[22m
[2m      [2mat finishRequestAndUpdateState ([22m[2mnode_modules/swr/dist/index/index.js[2m:317:13)[22m[2m[22m
[2m      [2mat [22m[2mnode_modules/swr/dist/index/index.js[2m:451:9[22m[2m[22m

[0m[7m[1m[32m PASS [39m[22m[27m[0m [2msrc/components/Header/__tests__/[22m[1mDesktopNav.spec.tsx[22m
[0m[7m[1m[32m PASS [39m[22m[27m[0m [2msrc/utils/__tests__/[22m[1mgetMetaDataInfoBasedOnLocale.spec.ts[22m
[0m[7m[1m[32m PASS [39m[22m[27m[0m [2msrc/utils/__tests__/[22m[1minput.spec.ts[22m
[0m[7m[1m[32m PASS [39m[22m[27m[0m [2msrc/components/UserAccount/Tab/Tickets/ActiveTickets/__tests__/[22m[1mActiveTickets.spec.tsx[22m ([0m[1m[41m5.987 s[49m[22m[0m)
  [1m● [22mConsole

    [2m[31mconsole.error[39m[22m
[31m      Warning: Encountered two children with the same key, `f314d520-56701-7407-000-499f-000-88c4-000-f8efcae6580d-000`. Keys should be unique so that components maintain their identity across updates. Non-unique keys may cause children to be duplicated and/or omitted — the behavior is unsupported and could change in a future version.[39m
[31m          at div[39m
[31m          at div[39m
[31m          at activeTickets (/home/bradleyjerome/projects/metrolinx/next.upexpress.com/src/components/UserAccount/Tab/Tickets/ActiveTickets/ActiveTickets.tsx:10:3)[39m
[2m[22m
[2m    [0m [90m 25 |[39m[22m
[2m     [90m 26 |[39m   it([32m"should display 3 tickets by default, load additional 3 tickets each time user clicks on the load more button"[39m[33m,[39m () [33m=>[39m {[22m
[2m    [31m[1m>[22m[2m[39m[90m 27 |[39m     [36mconst[39m { getAllByTestId[33m,[39m getByTestId } [33m=[39m render([22m
[2m     [90m    |[39m                                                   [31m[1m^[22m[2m[39m[22m
[2m     [90m 28 |[39m       [33m<[39m[33mActiveTickets[39m[22m
[2m     [90m 29 |[39m         activeTickets[33m=[39m{[[22m
[2m     [90m 30 |[39m           [33m...[39m[33mActiveTicketsMock[39m[33m,[39m[0m[22m
[2m[22m
[2m      [2mat printWarning ([22m[2mnode_modules/react-dom/cjs/react-dom.development.js[2m:86:30)[22m[2m[22m
[2m      [2mat error ([22m[2mnode_modules/react-dom/cjs/react-dom.development.js[2m:60:7)[22m[2m[22m
[2m      [2mat warnOnInvalidKey ([22m[2mnode_modules/react-dom/cjs/react-dom.development.js[2m:15293:11)[22m[2m[22m
[2m      [2mat reconcileChildrenArray ([22m[2mnode_modules/react-dom/cjs/react-dom.development.js[2m:15330:21)[22m[2m[22m
[2m      [2mat reconcileChildFibers ([22m[2mnode_modules/react-dom/cjs/react-dom.development.js[2m:15821:16)[22m[2m[22m
[2m      [2mat reconcileChildren ([22m[2mnode_modules/react-dom/cjs/react-dom.development.js[2m:19167:28)[22m[2m[22m
[2m      [2mat updateHostComponent ([22m[2mnode_modules/react-dom/cjs/react-dom.development.js[2m:19924:3)[22m[2m[22m
[2m      [2mat beginWork ([22m[2mnode_modules/react-dom/cjs/react-dom.development.js[2m:21618:14)[22m[2m[22m
[2m      [2mat beginWork$1 ([22m[2mnode_modules/react-dom/cjs/react-dom.development.js[2m:27426:14)[22m[2m[22m
[2m      [2mat performUnitOfWork ([22m[2mnode_modules/react-dom/cjs/react-dom.development.js[2m:26560:12)[22m[2m[22m
[2m      [2mat workLoopSync ([22m[2mnode_modules/react-dom/cjs/react-dom.development.js[2m:26466:5)[22m[2m[22m
[2m      [2mat renderRootSync ([22m[2mnode_modules/react-dom/cjs/react-dom.development.js[2m:26434:7)[22m[2m[22m
[2m      [2mat performConcurrentWorkOnRoot ([22m[2mnode_modules/react-dom/cjs/react-dom.development.js[2m:25738:74)[22m[2m[22m
[2m      [2mat flushActQueue ([22m[2mnode_modules/react/cjs/react.development.js[2m:2667:24)[22m[2m[22m
[2m      [2mat act ([22m[2mnode_modules/react/cjs/react.development.js[2m:2582:11)[22m[2m[22m
[2m      [2mat [22m[2mnode_modules/@testing-library/react/dist/act-compat.js[2m:46:25[22m[2m[22m
[2m      [2mat renderRoot ([22m[2mnode_modules/@testing-library/react/dist/pure.js[2m:161:26)[22m[2m[22m
[2m      [2mat render ([22m[2mnode_modules/@testing-library/react/dist/pure.js[2m:247:10)[22m[2m[22m
[2m      [2mat Object.<anonymous> ([22m[2m[0m[36msrc/components/UserAccount/Tab/Tickets/ActiveTickets/__tests__/ActiveTickets.spec.tsx[39m[0m[2m:27:51)[22m[2m[22m

    [2m[31mconsole.error[39m[22m
[31m      Warning: Encountered two children with the same key, `f314d520-56701-7407-000-499f-000-88c4-000-f8efcae6580d-000`. Keys should be unique so that components maintain their identity across updates. Non-unique keys may cause children to be duplicated and/or omitted — the behavior is unsupported and could change in a future version.[39m
[31m          at div[39m
[31m          at div[39m
[31m          at activeTickets (/home/bradleyjerome/projects/metrolinx/next.upexpress.com/src/components/UserAccount/Tab/Tickets/ActiveTickets/ActiveTickets.tsx:10:3)[39m
[2m[22m
[2m    [0m [90m 40 |[39m[22m
[2m     [90m 41 |[39m     expect(getAllByTestId([32m"active-ticket-item"[39m)[33m.[39mlength)[33m.[39mtoBe([35m3[39m)[33m;[39m[22m
[2m    [31m[1m>[22m[2m[39m[90m 42 |[39m     fireEvent[33m.[39mclick(loadMoreButton)[33m;[39m[22m
[2m     [90m    |[39m               [31m[1m^[22m[2m[39m[22m
[2m     [90m 43 |[39m     expect(getAllByTestId([32m"active-ticket-item"[39m)[33m.[39mlength)[33m.[39mtoBe([35m6[39m)[33m;[39m[22m
[2m     [90m 44 |[39m     fireEvent[33m.[39mclick(loadMoreButton)[33m;[39m[22m
[2m     [90m 45 |[39m     expect(getAllByTestId([32m"active-ticket-item"[39m)[33m.[39mlength)[33m.[39mtoBe([35m8[39m)[33m;[39m[0m[22m
[2m[22m
[2m      [2mat printWarning ([22m[2mnode_modules/react-dom/cjs/react-dom.development.js[2m:86:30)[22m[2m[22m
[2m      [2mat error ([22m[2mnode_modules/react-dom/cjs/react-dom.development.js[2m:60:7)[22m[2m[22m
[2m      [2mat warnOnInvalidKey ([22m[2mnode_modules/react-dom/cjs/react-dom.development.js[2m:15293:11)[22m[2m[22m
[2m      [2mat reconcileChildrenArray ([22m[2mnode_modules/react-dom/cjs/react-dom.development.js[2m:15330:21)[22m[2m[22m
[2m      [2mat reconcileChildFibers ([22m[2mnode_modules/react-dom/cjs/react-dom.development.js[2m:15821:16)[22m[2m[22m
[2m      [2mat reconcileChildren ([22m[2mnode_modules/react-dom/cjs/react-dom.development.js[2m:19174:28)[22m[2m[22m
[2m      [2mat updateHostComponent ([22m[2mnode_modules/react-dom/cjs/react-dom.development.js[2m:19924:3)[22m[2m[22m
[2m      [2mat beginWork ([22m[2mnode_modules/react-dom/cjs/react-dom.development.js[2m:21618:14)[22m[2m[22m
[2m      [2mat beginWork$1 ([22m[2mnode_modules/react-dom/cjs/react-dom.development.js[2m:27426:14)[22m[2m[22m
[2m      [2mat performUnitOfWork ([22m[2mnode_modules/react-dom/cjs/react-dom.development.js[2m:26560:12)[22m[2m[22m
[2m      [2mat workLoopSync ([22m[2mnode_modules/react-dom/cjs/react-dom.development.js[2m:26466:5)[22m[2m[22m
[2m      [2mat renderRootSync ([22m[2mnode_modules/react-dom/cjs/react-dom.development.js[2m:26434:7)[22m[2m[22m
[2m      [2mat performSyncWorkOnRoot ([22m[2mnode_modules/react-dom/cjs/react-dom.development.js[2m:26085:20)[22m[2m[22m
[2m      [2mat flushSyncCallbacks ([22m[2mnode_modules/react-dom/cjs/react-dom.development.js[2m:12042:22)[22m[2m[22m
[2m      [2mat flushActQueue ([22m[2mnode_modules/react/cjs/react.development.js[2m:2667:24)[22m[2m[22m
[2m      [2mat act ([22m[2mnode_modules/react/cjs/react.development.js[2m:2582:11)[22m[2m[22m
[2m      [2mat [22m[2mnode_modules/@testing-library/react/dist/act-compat.js[2m:46:25[22m[2m[22m
[2m      [2mat Object.eventWrapper ([22m[2mnode_modules/@testing-library/react/dist/pure.js[2m:92:28)[22m[2m[22m
[2m      [2mat fireEvent ([22m[2mnode_modules/@testing-library/dom/dist/events.js[2m:12:35)[22m[2m[22m
[2m      [2mat Function.fireEvent.<computed> [as click] ([22m[2mnode_modules/@testing-library/dom/dist/events.js[2m:110:36)[22m[2m[22m
[2m      [2mat Function.fireEvent.<computed> [as click] ([22m[2mnode_modules/@testing-library/react/dist/fire-event.js[2m:15:52)[22m[2m[22m
[2m      [2mat Object.click ([22m[2m[0m[36msrc/components/UserAccount/Tab/Tickets/ActiveTickets/__tests__/ActiveTickets.spec.tsx[39m[0m[2m:42:15)[22m[2m[22m

    [2m[31mconsole.error[39m[22m
[31m      Warning: Encountered two children with the same key, `12d4042a-117201-d50c-000-4ee7-000-8d0d-000-91413cd8b167-000`. Keys should be unique so that components maintain their identity across updates. Non-unique keys may cause children to be duplicated and/or omitted — the behavior is unsupported and could change in a future version.[39m
[31m          at div[39m
[31m          at div[39m
[31m          at activeTickets (/home/bradleyjerome/projects/metrolinx/next.upexpress.com/src/components/UserAccount/Tab/Tickets/ActiveTickets/ActiveTickets.tsx:10:3)[39m
[2m[22m
[2m    [0m [90m 40 |[39m[22m
[2m     [90m 41 |[39m     expect(getAllByTestId([32m"active-ticket-item"[39m)[33m.[39mlength)[33m.[39mtoBe([35m3[39m)[33m;[39m[22m
[2m    [31m[1m>[22m[2m[39m[90m 42 |[39m     fireEvent[33m.[39mclick(loadMoreButton)[33m;[39m[22m
[2m     [90m    |[39m               [31m[1m^[22m[2m[39m[22m
[2m     [90m 43 |[39m     expect(getAllByTestId([32m"active-ticket-item"[39m)[33m.[39mlength)[33m.[39mtoBe([35m6[39m)[33m;[39m[22m
[2m     [90m 44 |[39m     fireEvent[33m.[39mclick(loadMoreButton)[33m;[39m[22m
[2m     [90m 45 |[39m     expect(getAllByTestId([32m"active-ticket-item"[39m)[33m.[39mlength)[33m.[39mtoBe([35m8[39m)[33m;[39m[0m[22m
[2m[22m
[2m      [2mat printWarning ([22m[2mnode_modules/react-dom/cjs/react-dom.development.js[2m:86:30)[22m[2m[22m
[2m      [2mat error ([22m[2mnode_modules/react-dom/cjs/react-dom.development.js[2m:60:7)[22m[2m[22m
[2m      [2mat warnOnInvalidKey ([22m[2mnode_modules/react-dom/cjs/react-dom.development.js[2m:15293:11)[22m[2m[22m
[2m      [2mat reconcileChildrenArray ([22m[2mnode_modules/react-dom/cjs/react-dom.development.js[2m:15330:21)[22m[2m[22m
[2m      [2mat reconcileChildFibers ([22m[2mnode_modules/react-dom/cjs/react-dom.development.js[2m:15821:16)[22m[2m[22m
[2m      [2mat reconcileChildren ([22m[2mnode_modules/react-dom/cjs/react-dom.development.js[2m:19174:28)[22m[2m[22m
[2m      [2mat updateHostComponent ([22m[2mnode_modules/react-dom/cjs/react-dom.development.js[2m:19924:3)[22m[2m[22m
[2m      [2mat beginWork ([22m[2mnode_modules/react-dom/cjs/react-dom.development.js[2m:21618:14)[22m[2m[22m
[2m      [2mat beginWork$1 ([22m[2mnode_modules/react-dom/cjs/react-dom.development.js[2m:27426:14)[22m[2m[22m
[2m      [2mat performUnitOfWork ([22m[2mnode_modules/react-dom/cjs/react-dom.development.js[2m:26560:12)[22m[2m[22m
[2m      [2mat workLoopSync ([22m[2mnode_modules/react-dom/cjs/react-dom.development.js[2m:26466:5)[22m[2m[22m
[2m      [2mat renderRootSync ([22m[2mnode_modules/react-dom/cjs/react-dom.development.js[2m:26434:7)[22m[2m[22m
[2m      [2mat performSyncWorkOnRoot ([22m[2mnode_modules/react-dom/cjs/react-dom.development.js[2m:26085:20)[22m[2m[22m
[2m      [2mat flushSyncCallbacks ([22m[2mnode_modules/react-dom/cjs/react-dom.development.js[2m:12042:22)[22m[2m[22m
[2m      [2mat flushActQueue ([22m[2mnode_modules/react/cjs/react.development.js[2m:2667:24)[22m[2m[22m
[2m      [2mat act ([22m[2mnode_modules/react/cjs/react.development.js[2m:2582:11)[22m[2m[22m
[2m      [2mat [22m[2mnode_modules/@testing-library/react/dist/act-compat.js[2m:46:25[22m[2m[22m
[2m      [2mat Object.eventWrapper ([22m[2mnode_modules/@testing-library/react/dist/pure.js[2m:92:28)[22m[2m[22m
[2m      [2mat fireEvent ([22m[2mnode_modules/@testing-library/dom/dist/events.js[2m:12:35)[22m[2m[22m
[2m      [2mat Function.fireEvent.<computed> [as click] ([22m[2mnode_modules/@testing-library/dom/dist/events.js[2m:110:36)[22m[2m[22m
[2m      [2mat Function.fireEvent.<computed> [as click] ([22m[2mnode_modules/@testing-library/react/dist/fire-event.js[2m:15:52)[22m[2m[22m
[2m      [2mat Object.click ([22m[2m[0m[36msrc/components/UserAccount/Tab/Tickets/ActiveTickets/__tests__/ActiveTickets.spec.tsx[39m[0m[2m:42:15)[22m[2m[22m

    [2m[31mconsole.error[39m[22m
[31m      Warning: Encountered two children with the same key, `f314d520-56701-7407-000-499f-000-88c4-000-f8efcae6580d-000`. Keys should be unique so that components maintain their identity across updates. Non-unique keys may cause children to be duplicated and/or omitted — the behavior is unsupported and could change in a future version.[39m
[31m          at div[39m
[31m          at div[39m
[31m          at activeTickets (/home/bradleyjerome/projects/metrolinx/next.upexpress.com/src/components/UserAccount/Tab/Tickets/ActiveTickets/ActiveTickets.tsx:10:3)[39m
[2m[22m
[2m    [0m [90m 40 |[39m[22m
[2m     [90m 41 |[39m     expect(getAllByTestId([32m"active-ticket-item"[39m)[33m.[39mlength)[33m.[39mtoBe([35m3[39m)[33m;[39m[22m
[2m    [31m[1m>[22m[2m[39m[90m 42 |[39m     fireEvent[33m.[39mclick(loadMoreButton)[33m;[39m[22m
[2m     [90m    |[39m               [31m[1m^[22m[2m[39m[22m
[2m     [90m 43 |[39m     expect(getAllByTestId([32m"active-ticket-item"[39m)[33m.[39mlength)[33m.[39mtoBe([35m6[39m)[33m;[39m[22m
[2m     [90m 44 |[39m     fireEvent[33m.[39mclick(loadMoreButton)[33m;[39m[22m
[2m     [90m 45 |[39m     expect(getAllByTestId([32m"active-ticket-item"[39m)[33m.[39mlength)[33m.[39mtoBe([35m8[39m)[33m;[39m[0m[22m
[2m[22m
[2m      [2mat printWarning ([22m[2mnode_modules/react-dom/cjs/react-dom.development.js[2m:86:30)[22m[2m[22m
[2m      [2mat error ([22m[2mnode_modules/react-dom/cjs/react-dom.development.js[2m:60:7)[22m[2m[22m
[2m      [2mat warnOnInvalidKey ([22m[2mnode_modules/react-dom/cjs/react-dom.development.js[2m:15293:11)[22m[2m[22m
[2m      [2mat reconcileChildrenArray ([22m[2mnode_modules/react-dom/cjs/react-dom.development.js[2m:15330:21)[22m[2m[22m
[2m      [2mat reconcileChildFibers ([22m[2mnode_modules/react-dom/cjs/react-dom.development.js[2m:15821:16)[22m[2m[22m
[2m      [2mat reconcileChildren ([22m[2mnode_modules/react-dom/cjs/react-dom.development.js[2m:19174:28)[22m[2m[22m
[2m      [2mat updateHostComponent ([22m[2mnode_modules/react-dom/cjs/react-dom.development.js[2m:19924:3)[22m[2m[22m
[2m      [2mat beginWork ([22m[2mnode_modules/react-dom/cjs/react-dom.development.js[2m:21618:14)[22m[2m[22m
[2m      [2mat beginWork$1 ([22m[2mnode_modules/react-dom/cjs/react-dom.development.js[2m:27426:14)[22m[2m[22m
[2m      [2mat performUnitOfWork ([22m[2mnode_modules/react-dom/cjs/react-dom.development.js[2m:26560:12)[22m[2m[22m
[2m      [2mat workLoopSync ([22m[2mnode_modules/react-dom/cjs/react-dom.development.js[2m:26466:5)[22m[2m[22m
[2m      [2mat renderRootSync ([22m[2mnode_modules/react-dom/cjs/react-dom.development.js[2m:26434:7)[22m[2m[22m
[2m      [2mat performSyncWorkOnRoot ([22m[2mnode_modules/react-dom/cjs/react-dom.development.js[2m:26085:20)[22m[2m[22m
[2m      [2mat flushSyncCallbacks ([22m[2mnode_modules/react-dom/cjs/react-dom.development.js[2m:12042:22)[22m[2m[22m
[2m      [2mat flushActQueue ([22m[2mnode_modules/react/cjs/react.development.js[2m:2667:24)[22m[2m[22m
[2m      [2mat act ([22m[2mnode_modules/react/cjs/react.development.js[2m:2582:11)[22m[2m[22m
[2m      [2mat [22m[2mnode_modules/@testing-library/react/dist/act-compat.js[2m:46:25[22m[2m[22m
[2m      [2mat Object.eventWrapper ([22m[2mnode_modules/@testing-library/react/dist/pure.js[2m:92:28)[22m[2m[22m
[2m      [2mat fireEvent ([22m[2mnode_modules/@testing-library/dom/dist/events.js[2m:12:35)[22m[2m[22m
[2m      [2mat Function.fireEvent.<computed> [as click] ([22m[2mnode_modules/@testing-library/dom/dist/events.js[2m:110:36)[22m[2m[22m
[2m      [2mat Function.fireEvent.<computed> [as click] ([22m[2mnode_modules/@testing-library/react/dist/fire-event.js[2m:15:52)[22m[2m[22m
[2m      [2mat Object.click ([22m[2m[0m[36msrc/components/UserAccount/Tab/Tickets/ActiveTickets/__tests__/ActiveTickets.spec.tsx[39m[0m[2m:42:15)[22m[2m[22m

    [2m[31mconsole.error[39m[22m
[31m      Warning: Encountered two children with the same key, `12d4042a-117201-d50c-000-4ee7-000-8d0d-000-91413cd8b167-000`. Keys should be unique so that components maintain their identity across updates. Non-unique keys may cause children to be duplicated and/or omitted — the behavior is unsupported and could change in a future version.[39m
[31m          at div[39m
[31m          at div[39m
[31m          at activeTickets (/home/bradleyjerome/projects/metrolinx/next.upexpress.com/src/components/UserAccount/Tab/Tickets/ActiveTickets/ActiveTickets.tsx:10:3)[39m
[2m[22m
[2m    [0m [90m 40 |[39m[22m
[2m     [90m 41 |[39m     expect(getAllByTestId([32m"active-ticket-item"[39m)[33m.[39mlength)[33m.[39mtoBe([35m3[39m)[33m;[39m[22m
[2m    [31m[1m>[22m[2m[39m[90m 42 |[39m     fireEvent[33m.[39mclick(loadMoreButton)[33m;[39m[22m
[2m     [90m    |[39m               [31m[1m^[22m[2m[39m[22m
[2m     [90m 43 |[39m     expect(getAllByTestId([32m"active-ticket-item"[39m)[33m.[39mlength)[33m.[39mtoBe([35m6[39m)[33m;[39m[22m
[2m     [90m 44 |[39m     fireEvent[33m.[39mclick(loadMoreButton)[33m;[39m[22m
[2m     [90m 45 |[39m     expect(getAllByTestId([32m"active-ticket-item"[39m)[33m.[39mlength)[33m.[39mtoBe([35m8[39m)[33m;[39m[0m[22m
[2m[22m
[2m      [2mat printWarning ([22m[2mnode_modules/react-dom/cjs/react-dom.development.js[2m:86:30)[22m[2m[22m
[2m      [2mat error ([22m[2mnode_modules/react-dom/cjs/react-dom.development.js[2m:60:7)[22m[2m[22m
[2m      [2mat warnOnInvalidKey ([22m[2mnode_modules/react-dom/cjs/react-dom.development.js[2m:15293:11)[22m[2m[22m
[2m      [2mat reconcileChildrenArray ([22m[2mnode_modules/react-dom/cjs/react-dom.development.js[2m:15330:21)[22m[2m[22m
[2m      [2mat reconcileChildFibers ([22m[2mnode_modules/react-dom/cjs/react-dom.development.js[2m:15821:16)[22m[2m[22m
[2m      [2mat reconcileChildren ([22m[2mnode_modules/react-dom/cjs/react-dom.development.js[2m:19174:28)[22m[2m[22m
[2m      [2mat updateHostComponent ([22m[2mnode_modules/react-dom/cjs/react-dom.development.js[2m:19924:3)[22m[2m[22m
[2m      [2mat beginWork ([22m[2mnode_modules/react-dom/cjs/react-dom.development.js[2m:21618:14)[22m[2m[22m
[2m      [2mat beginWork$1 ([22m[2mnode_modules/react-dom/cjs/react-dom.development.js[2m:27426:14)[22m[2m[22m
[2m      [2mat performUnitOfWork ([22m[2mnode_modules/react-dom/cjs/react-dom.development.js[2m:26560:12)[22m[2m[22m
[2m      [2mat workLoopSync ([22m[2mnode_modules/react-dom/cjs/react-dom.development.js[2m:26466:5)[22m[2m[22m
[2m      [2mat renderRootSync ([22m[2mnode_modules/react-dom/cjs/react-dom.development.js[2m:26434:7)[22m[2m[22m
[2m      [2mat performSyncWorkOnRoot ([22m[2mnode_modules/react-dom/cjs/react-dom.development.js[2m:26085:20)[22m[2m[22m
[2m      [2mat flushSyncCallbacks ([22m[2mnode_modules/react-dom/cjs/react-dom.development.js[2m:12042:22)[22m[2m[22m
[2m      [2mat flushActQueue ([22m[2mnode_modules/react/cjs/react.development.js[2m:2667:24)[22m[2m[22m
[2m      [2mat act ([22m[2mnode_modules/react/cjs/react.development.js[2m:2582:11)[22m[2m[22m
[2m      [2mat [22m[2mnode_modules/@testing-library/react/dist/act-compat.js[2m:46:25[22m[2m[22m
[2m      [2mat Object.eventWrapper ([22m[2mnode_modules/@testing-library/react/dist/pure.js[2m:92:28)[22m[2m[22m
[2m      [2mat fireEvent ([22m[2mnode_modules/@testing-library/dom/dist/events.js[2m:12:35)[22m[2m[22m
[2m      [2mat Function.fireEvent.<computed> [as click] ([22m[2mnode_modules/@testing-library/dom/dist/events.js[2m:110:36)[22m[2m[22m
[2m      [2mat Function.fireEvent.<computed> [as click] ([22m[2mnode_modules/@testing-library/react/dist/fire-event.js[2m:15:52)[22m[2m[22m
[2m      [2mat Object.click ([22m[2m[0m[36msrc/components/UserAccount/Tab/Tickets/ActiveTickets/__tests__/ActiveTickets.spec.tsx[39m[0m[2m:42:15)[22m[2m[22m

    [2m[31mconsole.error[39m[22m
[31m      Warning: Encountered two children with the same key, `f314d520-56701-7407-000-499f-000-88c4-000-f8efcae6580d-000`. Keys should be unique so that components maintain their identity across updates. Non-unique keys may cause children to be duplicated and/or omitted — the behavior is unsupported and could change in a future version.[39m
[31m          at div[39m
[31m          at div[39m
[31m          at activeTickets (/home/bradleyjerome/projects/metrolinx/next.upexpress.com/src/components/UserAccount/Tab/Tickets/ActiveTickets/ActiveTickets.tsx:10:3)[39m
[2m[22m
[2m    [0m [90m 42 |[39m     fireEvent[33m.[39mclick(loadMoreButton)[33m;[39m[22m
[2m     [90m 43 |[39m     expect(getAllByTestId([32m"active-ticket-item"[39m)[33m.[39mlength)[33m.[39mtoBe([35m6[39m)[33m;[39m[22m
[2m    [31m[1m>[22m[2m[39m[90m 44 |[39m     fireEvent[33m.[39mclick(loadMoreButton)[33m;[39m[22m
[2m     [90m    |[39m               [31m[1m^[22m[2m[39m[22m
[2m     [90m 45 |[39m     expect(getAllByTestId([32m"active-ticket-item"[39m)[33m.[39mlength)[33m.[39mtoBe([35m8[39m)[33m;[39m[22m
[2m     [90m 46 |[39m   })[33m;[39m[22m
[2m     [90m 47 |[39m })[33m;[39m[0m[22m
[2m[22m
[2m      [2mat printWarning ([22m[2mnode_modules/react-dom/cjs/react-dom.development.js[2m:86:30)[22m[2m[22m
[2m      [2mat error ([22m[2mnode_modules/react-dom/cjs/react-dom.development.js[2m:60:7)[22m[2m[22m
[2m      [2mat warnOnInvalidKey ([22m[2mnode_modules/react-dom/cjs/react-dom.development.js[2m:15293:11)[22m[2m[22m
[2m      [2mat reconcileChildrenArray ([22m[2mnode_modules/react-dom/cjs/react-dom.development.js[2m:15330:21)[22m[2m[22m
[2m      [2mat reconcileChildFibers ([22m[2mnode_modules/react-dom/cjs/react-dom.development.js[2m:15821:16)[22m[2m[22m
[2m      [2mat reconcileChildren ([22m[2mnode_modules/react-dom/cjs/react-dom.development.js[2m:19174:28)[22m[2m[22m
[2m      [2mat updateHostComponent ([22m[2mnode_modules/react-dom/cjs/react-dom.development.js[2m:19924:3)[22m[2m[22m
[2m      [2mat beginWork ([22m[2mnode_modules/react-dom/cjs/react-dom.development.js[2m:21618:14)[22m[2m[22m
[2m      [2mat beginWork$1 ([22m[2mnode_modules/react-dom/cjs/react-dom.development.js[2m:27426:14)[22m[2m[22m
[2m      [2mat performUnitOfWork ([22m[2mnode_modules/react-dom/cjs/react-dom.development.js[2m:26560:12)[22m[2m[22m
[2m      [2mat workLoopSync ([22m[2mnode_modules/react-dom/cjs/react-dom.development.js[2m:26466:5)[22m[2m[22m
[2m      [2mat renderRootSync ([22m[2mnode_modules/react-dom/cjs/react-dom.development.js[2m:26434:7)[22m[2m[22m
[2m      [2mat performSyncWorkOnRoot ([22m[2mnode_modules/react-dom/cjs/react-dom.development.js[2m:26085:20)[22m[2m[22m
[2m      [2mat flushSyncCallbacks ([22m[2mnode_modules/react-dom/cjs/react-dom.development.js[2m:12042:22)[22m[2m[22m
[2m      [2mat flushActQueue ([22m[2mnode_modules/react/cjs/react.development.js[2m:2667:24)[22m[2m[22m
[2m      [2mat act ([22m[2mnode_modules/react/cjs/react.development.js[2m:2582:11)[22m[2m[22m
[2m      [2mat [22m[2mnode_modules/@testing-library/react/dist/act-compat.js[2m:46:25[22m[2m[22m
[2m      [2mat Object.eventWrapper ([22m[2mnode_modules/@testing-library/react/dist/pure.js[2m:92:28)[22m[2m[22m
[2m      [2mat fireEvent ([22m[2mnode_modules/@testing-library/dom/dist/events.js[2m:12:35)[22m[2m[22m
[2m      [2mat Function.fireEvent.<computed> [as click] ([22m[2mnode_modules/@testing-library/dom/dist/events.js[2m:110:36)[22m[2m[22m
[2m      [2mat Function.fireEvent.<computed> [as click] ([22m[2mnode_modules/@testing-library/react/dist/fire-event.js[2m:15:52)[22m[2m[22m
[2m      [2mat Object.click ([22m[2m[0m[36msrc/components/UserAccount/Tab/Tickets/ActiveTickets/__tests__/ActiveTickets.spec.tsx[39m[0m[2m:44:15)[22m[2m[22m

    [2m[31mconsole.error[39m[22m
[31m      Warning: Encountered two children with the same key, `12d4042a-117201-d50c-000-4ee7-000-8d0d-000-91413cd8b167-000`. Keys should be unique so that components maintain their identity across updates. Non-unique keys may cause children to be duplicated and/or omitted — the behavior is unsupported and could change in a future version.[39m
[31m          at div[39m
[31m          at div[39m
[31m          at activeTickets (/home/bradleyjerome/projects/metrolinx/next.upexpress.com/src/components/UserAccount/Tab/Tickets/ActiveTickets/ActiveTickets.tsx:10:3)[39m
[2m[22m
[2m    [0m [90m 42 |[39m     fireEvent[33m.[39mclick(loadMoreButton)[33m;[39m[22m
[2m     [90m 43 |[39m     expect(getAllByTestId([32m"active-ticket-item"[39m)[33m.[39mlength)[33m.[39mtoBe([35m6[39m)[33m;[39m[22m
[2m    [31m[1m>[22m[2m[39m[90m 44 |[39m     fireEvent[33m.[39mclick(loadMoreButton)[33m;[39m[22m
[2m     [90m    |[39m               [31m[1m^[22m[2m[39m[22m
[2m     [90m 45 |[39m     expect(getAllByTestId([32m"active-ticket-item"[39m)[33m.[39mlength)[33m.[39mtoBe([35m8[39m)[33m;[39m[22m
[2m     [90m 46 |[39m   })[33m;[39m[22m
[2m     [90m 47 |[39m })[33m;[39m[0m[22m
[2m[22m
[2m      [2mat printWarning ([22m[2mnode_modules/react-dom/cjs/react-dom.development.js[2m:86:30)[22m[2m[22m
[2m      [2mat error ([22m[2mnode_modules/react-dom/cjs/react-dom.development.js[2m:60:7)[22m[2m[22m
[2m      [2mat warnOnInvalidKey ([22m[2mnode_modules/react-dom/cjs/react-dom.development.js[2m:15293:11)[22m[2m[22m
[2m      [2mat reconcileChildrenArray ([22m[2mnode_modules/react-dom/cjs/react-dom.development.js[2m:15330:21)[22m[2m[22m
[2m      [2mat reconcileChildFibers ([22m[2mnode_modules/react-dom/cjs/react-dom.development.js[2m:15821:16)[22m[2m[22m
[2m      [2mat reconcileChildren ([22m[2mnode_modules/react-dom/cjs/react-dom.development.js[2m:19174:28)[22m[2m[22m
[2m      [2mat updateHostComponent ([22m[2mnode_modules/react-dom/cjs/react-dom.development.js[2m:19924:3)[22m[2m[22m
[2m      [2mat beginWork ([22m[2mnode_modules/react-dom/cjs/react-dom.development.js[2m:21618:14)[22m[2m[22m
[2m      [2mat beginWork$1 ([22m[2mnode_modules/react-dom/cjs/react-dom.development.js[2m:27426:14)[22m[2m[22m
[2m      [2mat performUnitOfWork ([22m[2mnode_modules/react-dom/cjs/react-dom.development.js[2m:26560:12)[22m[2m[22m
[2m      [2mat workLoopSync ([22m[2mnode_modules/react-dom/cjs/react-dom.development.js[2m:26466:5)[22m[2m[22m
[2m      [2mat renderRootSync ([22m[2mnode_modules/react-dom/cjs/react-dom.development.js[2m:26434:7)[22m[2m[22m
[2m      [2mat performSyncWorkOnRoot ([22m[2mnode_modules/react-dom/cjs/react-dom.development.js[2m:26085:20)[22m[2m[22m
[2m      [2mat flushSyncCallbacks ([22m[2mnode_modules/react-dom/cjs/react-dom.development.js[2m:12042:22)[22m[2m[22m
[2m      [2mat flushActQueue ([22m[2mnode_modules/react/cjs/react.development.js[2m:2667:24)[22m[2m[22m
[2m      [2mat act ([22m[2mnode_modules/react/cjs/react.development.js[2m:2582:11)[22m[2m[22m
[2m      [2mat [22m[2mnode_modules/@testing-library/react/dist/act-compat.js[2m:46:25[22m[2m[22m
[2m      [2mat Object.eventWrapper ([22m[2mnode_modules/@testing-library/react/dist/pure.js[2m:92:28)[22m[2m[22m
[2m      [2mat fireEvent ([22m[2mnode_modules/@testing-library/dom/dist/events.js[2m:12:35)[22m[2m[22m
[2m      [2mat Function.fireEvent.<computed> [as click] ([22m[2mnode_modules/@testing-library/dom/dist/events.js[2m:110:36)[22m[2m[22m
[2m      [2mat Function.fireEvent.<computed> [as click] ([22m[2mnode_modules/@testing-library/react/dist/fire-event.js[2m:15:52)[22m[2m[22m
[2m      [2mat Object.click ([22m[2m[0m[36msrc/components/UserAccount/Tab/Tickets/ActiveTickets/__tests__/ActiveTickets.spec.tsx[39m[0m[2m:44:15)[22m[2m[22m

    [2m[31mconsole.error[39m[22m
[31m      Warning: Encountered two children with the same key, `f314d520-56701-7407-000-499f-000-88c4-000-f8efcae6580d-000`. Keys should be unique so that components maintain their identity across updates. Non-unique keys may cause children to be duplicated and/or omitted — the behavior is unsupported and could change in a future version.[39m
[31m          at div[39m
[31m          at div[39m
[31m          at activeTickets (/home/bradleyjerome/projects/metrolinx/next.upexpress.com/src/components/UserAccount/Tab/Tickets/ActiveTickets/ActiveTickets.tsx:10:3)[39m
[2m[22m
[2m    [0m [90m 42 |[39m     fireEvent[33m.[39mclick(loadMoreButton)[33m;[39m[22m
[2m     [90m 43 |[39m     expect(getAllByTestId([32m"active-ticket-item"[39m)[33m.[39mlength)[33m.[39mtoBe([35m6[39m)[33m;[39m[22m
[2m    [31m[1m>[22m[2m[39m[90m 44 |[39m     fireEvent[33m.[39mclick(loadMoreButton)[33m;[39m[22m
[2m     [90m    |[39m               [31m[1m^[22m[2m[39m[22m
[2m     [90m 45 |[39m     expect(getAllByTestId([32m"active-ticket-item"[39m)[33m.[39mlength)[33m.[39mtoBe([35m8[39m)[33m;[39m[22m
[2m     [90m 46 |[39m   })[33m;[39m[22m
[2m     [90m 47 |[39m })[33m;[39m[0m[22m
[2m[22m
[2m      [2mat printWarning ([22m[2mnode_modules/react-dom/cjs/react-dom.development.js[2m:86:30)[22m[2m[22m
[2m      [2mat error ([22m[2mnode_modules/react-dom/cjs/react-dom.development.js[2m:60:7)[22m[2m[22m
[2m      [2mat warnOnInvalidKey ([22m[2mnode_modules/react-dom/cjs/react-dom.development.js[2m:15293:11)[22m[2m[22m
[2m      [2mat reconcileChildrenArray ([22m[2mnode_modules/react-dom/cjs/react-dom.development.js[2m:15330:21)[22m[2m[22m
[2m      [2mat reconcileChildFibers ([22m[2mnode_modules/react-dom/cjs/react-dom.development.js[2m:15821:16)[22m[2m[22m
[2m      [2mat reconcileChildren ([22m[2mnode_modules/react-dom/cjs/react-dom.development.js[2m:19174:28)[22m[2m[22m
[2m      [2mat updateHostComponent ([22m[2mnode_modules/react-dom/cjs/react-dom.development.js[2m:19924:3)[22m[2m[22m
[2m      [2mat beginWork ([22m[2mnode_modules/react-dom/cjs/react-dom.development.js[2m:21618:14)[22m[2m[22m
[2m      [2mat beginWork$1 ([22m[2mnode_modules/react-dom/cjs/react-dom.development.js[2m:27426:14)[22m[2m[22m
[2m      [2mat performUnitOfWork ([22m[2mnode_modules/react-dom/cjs/react-dom.development.js[2m:26560:12)[22m[2m[22m
[2m      [2mat workLoopSync ([22m[2mnode_modules/react-dom/cjs/react-dom.development.js[2m:26466:5)[22m[2m[22m
[2m      [2mat renderRootSync ([22m[2mnode_modules/react-dom/cjs/react-dom.development.js[2m:26434:7)[22m[2m[22m
[2m      [2mat performSyncWorkOnRoot ([22m[2mnode_modules/react-dom/cjs/react-dom.development.js[2m:26085:20)[22m[2m[22m
[2m      [2mat flushSyncCallbacks ([22m[2mnode_modules/react-dom/cjs/react-dom.development.js[2m:12042:22)[22m[2m[22m
[2m      [2mat flushActQueue ([22m[2mnode_modules/react/cjs/react.development.js[2m:2667:24)[22m[2m[22m
[2m      [2mat act ([22m[2mnode_modules/react/cjs/react.development.js[2m:2582:11)[22m[2m[22m
[2m      [2mat [22m[2mnode_modules/@testing-library/react/dist/act-compat.js[2m:46:25[22m[2m[22m
[2m      [2mat Object.eventWrapper ([22m[2mnode_modules/@testing-library/react/dist/pure.js[2m:92:28)[22m[2m[22m
[2m      [2mat fireEvent ([22m[2mnode_modules/@testing-library/dom/dist/events.js[2m:12:35)[22m[2m[22m
[2m      [2mat Function.fireEvent.<computed> [as click] ([22m[2mnode_modules/@testing-library/dom/dist/events.js[2m:110:36)[22m[2m[22m
[2m      [2mat Function.fireEvent.<computed> [as click] ([22m[2mnode_modules/@testing-library/react/dist/fire-event.js[2m:15:52)[22m[2m[22m
[2m      [2mat Object.click ([22m[2m[0m[36msrc/components/UserAccount/Tab/Tickets/ActiveTickets/__tests__/ActiveTickets.spec.tsx[39m[0m[2m:44:15)[22m[2m[22m

    [2m[31mconsole.error[39m[22m
[31m      Warning: Encountered two children with the same key, `12d4042a-117201-d50c-000-4ee7-000-8d0d-000-91413cd8b167-000`. Keys should be unique so that components maintain their identity across updates. Non-unique keys may cause children to be duplicated and/or omitted — the behavior is unsupported and could change in a future version.[39m
[31m          at div[39m
[31m          at div[39m
[31m          at activeTickets (/home/bradleyjerome/projects/metrolinx/next.upexpress.com/src/components/UserAccount/Tab/Tickets/ActiveTickets/ActiveTickets.tsx:10:3)[39m
[2m[22m
[2m    [0m [90m 42 |[39m     fireEvent[33m.[39mclick(loadMoreButton)[33m;[39m[22m
[2m     [90m 43 |[39m     expect(getAllByTestId([32m"active-ticket-item"[39m)[33m.[39mlength)[33m.[39mtoBe([35m6[39m)[33m;[39m[22m
[2m    [31m[1m>[22m[2m[39m[90m 44 |[39m     fireEvent[33m.[39mclick(loadMoreButton)[33m;[39m[22m
[2m     [90m    |[39m               [31m[1m^[22m[2m[39m[22m
[2m     [90m 45 |[39m     expect(getAllByTestId([32m"active-ticket-item"[39m)[33m.[39mlength)[33m.[39mtoBe([35m8[39m)[33m;[39m[22m
[2m     [90m 46 |[39m   })[33m;[39m[22m
[2m     [90m 47 |[39m })[33m;[39m[0m[22m
[2m[22m
[2m      [2mat printWarning ([22m[2mnode_modules/react-dom/cjs/react-dom.development.js[2m:86:30)[22m[2m[22m
[2m      [2mat error ([22m[2mnode_modules/react-dom/cjs/react-dom.development.js[2m:60:7)[22m[2m[22m
[2m      [2mat warnOnInvalidKey ([22m[2mnode_modules/react-dom/cjs/react-dom.development.js[2m:15293:11)[22m[2m[22m
[2m      [2mat reconcileChildrenArray ([22m[2mnode_modules/react-dom/cjs/react-dom.development.js[2m:15330:21)[22m[2m[22m
[2m      [2mat reconcileChildFibers ([22m[2mnode_modules/react-dom/cjs/react-dom.development.js[2m:15821:16)[22m[2m[22m
[2m      [2mat reconcileChildren ([22m[2mnode_modules/react-dom/cjs/react-dom.development.js[2m:19174:28)[22m[2m[22m
[2m      [2mat updateHostComponent ([22m[2mnode_modules/react-dom/cjs/react-dom.development.js[2m:19924:3)[22m[2m[22m
[2m      [2mat beginWork ([22m[2mnode_modules/react-dom/cjs/react-dom.development.js[2m:21618:14)[22m[2m[22m
[2m      [2mat beginWork$1 ([22m[2mnode_modules/react-dom/cjs/react-dom.development.js[2m:27426:14)[22m[2m[22m
[2m      [2mat performUnitOfWork ([22m[2mnode_modules/react-dom/cjs/react-dom.development.js[2m:26560:12)[22m[2m[22m
[2m      [2mat workLoopSync ([22m[2mnode_modules/react-dom/cjs/react-dom.development.js[2m:26466:5)[22m[2m[22m
[2m      [2mat renderRootSync ([22m[2mnode_modules/react-dom/cjs/react-dom.development.js[2m:26434:7)[22m[2m[22m
[2m      [2mat performSyncWorkOnRoot ([22m[2mnode_modules/react-dom/cjs/react-dom.development.js[2m:26085:20)[22m[2m[22m
[2m      [2mat flushSyncCallbacks ([22m[2mnode_modules/react-dom/cjs/react-dom.development.js[2m:12042:22)[22m[2m[22m
[2m      [2mat flushActQueue ([22m[2mnode_modules/react/cjs/react.development.js[2m:2667:24)[22m[2m[22m
[2m      [2mat act ([22m[2mnode_modules/react/cjs/react.development.js[2m:2582:11)[22m[2m[22m
[2m      [2mat [22m[2mnode_modules/@testing-library/react/dist/act-compat.js[2m:46:25[22m[2m[22m
[2m      [2mat Object.eventWrapper ([22m[2mnode_modules/@testing-library/react/dist/pure.js[2m:92:28)[22m[2m[22m
[2m      [2mat fireEvent ([22m[2mnode_modules/@testing-library/dom/dist/events.js[2m:12:35)[22m[2m[22m
[2m      [2mat Function.fireEvent.<computed> [as click] ([22m[2mnode_modules/@testing-library/dom/dist/events.js[2m:110:36)[22m[2m[22m
[2m      [2mat Function.fireEvent.<computed> [as click] ([22m[2mnode_modules/@testing-library/react/dist/fire-event.js[2m:15:52)[22m[2m[22m
[2m      [2mat Object.click ([22m[2m[0m[36msrc/components/UserAccount/Tab/Tickets/ActiveTickets/__tests__/ActiveTickets.spec.tsx[39m[0m[2m:44:15)[22m[2m[22m

    [2m[31mconsole.error[39m[22m
[31m      Warning: Encountered two children with the same key, `f314d520-56701-7407-000-499f-000-88c4-000-f8efcae6580d-000`. Keys should be unique so that components maintain their identity across updates. Non-unique keys may cause children to be duplicated and/or omitted — the behavior is unsupported and could change in a future version.[39m
[31m          at div[39m
[31m          at div[39m
[31m          at activeTickets (/home/bradleyjerome/projects/metrolinx/next.upexpress.com/src/components/UserAccount/Tab/Tickets/ActiveTickets/ActiveTickets.tsx:10:3)[39m
[2m[22m
[2m    [0m [90m 42 |[39m     fireEvent[33m.[39mclick(loadMoreButton)[33m;[39m[22m
[2m     [90m 43 |[39m     expect(getAllByTestId([32m"active-ticket-item"[39m)[33m.[39mlength)[33m.[39mtoBe([35m6[39m)[33m;[39m[22m
[2m    [31m[1m>[22m[2m[39m[90m 44 |[39m     fireEvent[33m.[39mclick(loadMoreButton)[33m;[39m[22m
[2m     [90m    |[39m               [31m[1m^[22m[2m[39m[22m
[2m     [90m 45 |[39m     expect(getAllByTestId([32m"active-ticket-item"[39m)[33m.[39mlength)[33m.[39mtoBe([35m8[39m)[33m;[39m[22m
[2m     [90m 46 |[39m   })[33m;[39m[22m
[2m     [90m 47 |[39m })[33m;[39m[0m[22m
[2m[22m
[2m      [2mat printWarning ([22m[2mnode_modules/react-dom/cjs/react-dom.development.js[2m:86:30)[22m[2m[22m
[2m      [2mat error ([22m[2mnode_modules/react-dom/cjs/react-dom.development.js[2m:60:7)[22m[2m[22m
[2m      [2mat warnOnInvalidKey ([22m[2mnode_modules/react-dom/cjs/react-dom.development.js[2m:15293:11)[22m[2m[22m
[2m      [2mat reconcileChildrenArray ([22m[2mnode_modules/react-dom/cjs/react-dom.development.js[2m:15330:21)[22m[2m[22m
[2m      [2mat reconcileChildFibers ([22m[2mnode_modules/react-dom/cjs/react-dom.development.js[2m:15821:16)[22m[2m[22m
[2m      [2mat reconcileChildren ([22m[2mnode_modules/react-dom/cjs/react-dom.development.js[2m:19174:28)[22m[2m[22m
[2m      [2mat updateHostComponent ([22m[2mnode_modules/react-dom/cjs/react-dom.development.js[2m:19924:3)[22m[2m[22m
[2m      [2mat beginWork ([22m[2mnode_modules/react-dom/cjs/react-dom.development.js[2m:21618:14)[22m[2m[22m
[2m      [2mat beginWork$1 ([22m[2mnode_modules/react-dom/cjs/react-dom.development.js[2m:27426:14)[22m[2m[22m
[2m      [2mat performUnitOfWork ([22m[2mnode_modules/react-dom/cjs/react-dom.development.js[2m:26560:12)[22m[2m[22m
[2m      [2mat workLoopSync ([22m[2mnode_modules/react-dom/cjs/react-dom.development.js[2m:26466:5)[22m[2m[22m
[2m      [2mat renderRootSync ([22m[2mnode_modules/react-dom/cjs/react-dom.development.js[2m:26434:7)[22m[2m[22m
[2m      [2mat performSyncWorkOnRoot ([22m[2mnode_modules/react-dom/cjs/react-dom.development.js[2m:26085:20)[22m[2m[22m
[2m      [2mat flushSyncCallbacks ([22m[2mnode_modules/react-dom/cjs/react-dom.development.js[2m:12042:22)[22m[2m[22m
[2m      [2mat flushActQueue ([22m[2mnode_modules/react/cjs/react.development.js[2m:2667:24)[22m[2m[22m
[2m      [2mat act ([22m[2mnode_modules/react/cjs/react.development.js[2m:2582:11)[22m[2m[22m
[2m      [2mat [22m[2mnode_modules/@testing-library/react/dist/act-compat.js[2m:46:25[22m[2m[22m
[2m      [2mat Object.eventWrapper ([22m[2mnode_modules/@testing-library/react/dist/pure.js[2m:92:28)[22m[2m[22m
[2m      [2mat fireEvent ([22m[2mnode_modules/@testing-library/dom/dist/events.js[2m:12:35)[22m[2m[22m
[2m      [2mat Function.fireEvent.<computed> [as click] ([22m[2mnode_modules/@testing-library/dom/dist/events.js[2m:110:36)[22m[2m[22m
[2m      [2mat Function.fireEvent.<computed> [as click] ([22m[2mnode_modules/@testing-library/react/dist/fire-event.js[2m:15:52)[22m[2m[22m
[2m      [2mat Object.click ([22m[2m[0m[36msrc/components/UserAccount/Tab/Tickets/ActiveTickets/__tests__/ActiveTickets.spec.tsx[39m[0m[2m:44:15)[22m[2m[22m

    [2m[31mconsole.error[39m[22m
[31m      Warning: Encountered two children with the same key, `12d4042a-117201-d50c-000-4ee7-000-8d0d-000-91413cd8b167-000`. Keys should be unique so that components maintain their identity across updates. Non-unique keys may cause children to be duplicated and/or omitted — the behavior is unsupported and could change in a future version.[39m
[31m          at div[39m
[31m          at div[39m
[31m          at activeTickets (/home/bradleyjerome/projects/metrolinx/next.upexpress.com/src/components/UserAccount/Tab/Tickets/ActiveTickets/ActiveTickets.tsx:10:3)[39m
[2m[22m
[2m    [0m [90m 42 |[39m     fireEvent[33m.[39mclick(loadMoreButton)[33m;[39m[22m
[2m     [90m 43 |[39m     expect(getAllByTestId([32m"active-ticket-item"[39m)[33m.[39mlength)[33m.[39mtoBe([35m6[39m)[33m;[39m[22m
[2m    [31m[1m>[22m[2m[39m[90m 44 |[39m     fireEvent[33m.[39mclick(loadMoreButton)[33m;[39m[22m
[2m     [90m    |[39m               [31m[1m^[22m[2m[39m[22m
[2m     [90m 45 |[39m     expect(getAllByTestId([32m"active-ticket-item"[39m)[33m.[39mlength)[33m.[39mtoBe([35m8[39m)[33m;[39m[22m
[2m     [90m 46 |[39m   })[33m;[39m[22m
[2m     [90m 47 |[39m })[33m;[39m[0m[22m
[2m[22m
[2m      [2mat printWarning ([22m[2mnode_modules/react-dom/cjs/react-dom.development.js[2m:86:30)[22m[2m[22m
[2m      [2mat error ([22m[2mnode_modules/react-dom/cjs/react-dom.development.js[2m:60:7)[22m[2m[22m
[2m      [2mat warnOnInvalidKey ([22m[2mnode_modules/react-dom/cjs/react-dom.development.js[2m:15293:11)[22m[2m[22m
[2m      [2mat reconcileChildrenArray ([22m[2mnode_modules/react-dom/cjs/react-dom.development.js[2m:15330:21)[22m[2m[22m
[2m      [2mat reconcileChildFibers ([22m[2mnode_modules/react-dom/cjs/react-dom.development.js[2m:15821:16)[22m[2m[22m
[2m      [2mat reconcileChildren ([22m[2mnode_modules/react-dom/cjs/react-dom.development.js[2m:19174:28)[22m[2m[22m
[2m      [2mat updateHostComponent ([22m[2mnode_modules/react-dom/cjs/react-dom.development.js[2m:19924:3)[22m[2m[22m
[2m      [2mat beginWork ([22m[2mnode_modules/react-dom/cjs/react-dom.development.js[2m:21618:14)[22m[2m[22m
[2m      [2mat beginWork$1 ([22m[2mnode_modules/react-dom/cjs/react-dom.development.js[2m:27426:14)[22m[2m[22m
[2m      [2mat performUnitOfWork ([22m[2mnode_modules/react-dom/cjs/react-dom.development.js[2m:26560:12)[22m[2m[22m
[2m      [2mat workLoopSync ([22m[2mnode_modules/react-dom/cjs/react-dom.development.js[2m:26466:5)[22m[2m[22m
[2m      [2mat renderRootSync ([22m[2mnode_modules/react-dom/cjs/react-dom.development.js[2m:26434:7)[22m[2m[22m
[2m      [2mat performSyncWorkOnRoot ([22m[2mnode_modules/react-dom/cjs/react-dom.development.js[2m:26085:20)[22m[2m[22m
[2m      [2mat flushSyncCallbacks ([22m[2mnode_modules/react-dom/cjs/react-dom.development.js[2m:12042:22)[22m[2m[22m
[2m      [2mat flushActQueue ([22m[2mnode_modules/react/cjs/react.development.js[2m:2667:24)[22m[2m[22m
[2m      [2mat act ([22m[2mnode_modules/react/cjs/react.development.js[2m:2582:11)[22m[2m[22m
[2m      [2mat [22m[2mnode_modules/@testing-library/react/dist/act-compat.js[2m:46:25[22m[2m[22m
[2m      [2mat Object.eventWrapper ([22m[2mnode_modules/@testing-library/react/dist/pure.js[2m:92:28)[22m[2m[22m
[2m      [2mat fireEvent ([22m[2mnode_modules/@testing-library/dom/dist/events.js[2m:12:35)[22m[2m[22m
[2m      [2mat Function.fireEvent.<computed> [as click] ([22m[2mnode_modules/@testing-library/dom/dist/events.js[2m:110:36)[22m[2m[22m
[2m      [2mat Function.fireEvent.<computed> [as click] ([22m[2mnode_modules/@testing-library/react/dist/fire-event.js[2m:15:52)[22m[2m[22m
[2m      [2mat Object.click ([22m[2m[0m[36msrc/components/UserAccount/Tab/Tickets/ActiveTickets/__tests__/ActiveTickets.spec.tsx[39m[0m[2m:44:15)[22m[2m[22m

[0m[7m[1m[32m PASS [39m[22m[27m[0m [2msrc/hooks/__tests__/[22m[1museBannersRowHeight.spec.ts[22m
[0m[7m[1m[32m PASS [39m[22m[27m[0m [2msrc/__tests__/pages/api/v1/[22m[1muser-profile.spec.ts[22m
[0m[7m[1m[32m PASS [39m[22m[27m[0m [2msrc/components/contentstack/ContentstackImage/__tests__/[22m[1mContentstackImage.spec.tsx[22m
[0m[7m[1m[32m PASS [39m[22m[27m[0m [2msrc/components/UserAccount/Tab/Tickets/OrderHistory/__tests__/[22m[1mOrderItem.spec.tsx[22m ([0m[1m[41m5.962 s[49m[22m[0m)
[0m[7m[1m[32m PASS [39m[22m[27m[0m [2msrc/components/contentstack/ContentStackFeatureListing/__tests__/[22m[1mContentStackFeatureListing.spec.tsx[22m ([0m[1m[41m5.56 s[49m[22m[0m)
[0m[7m[1m[32m PASS [39m[22m[27m[0m [2msrc/components/contentstack/ContentstackBuyTicketsCTA/[22m[1mContentstackBuyTicketsCTA.spec.tsx[22m ([0m[1m[41m5.726 s[49m[22m[0m)
[0m[7m[1m[32m PASS [39m[22m[27m[0m [2msrc/components/pages/Homepage/__tests__/[22m[1mHomepage.spec.tsx[22m ([0m[1m[41m14.256 s[49m[22m[0m)
[0m[7m[1m[32m PASS [39m[22m[27m[0m [2msrc/utils/__tests__/[22m[1mgetValue.spec.ts[22m ([0m[1m[41m6.284 s[49m[22m[0m)
[0m[7m[1m[32m PASS [39m[22m[27m[0m [2msrc/components/UserAccount/Tab/Tickets/ActiveTickets/__tests__/[22m[1mActiveTicket.spec.tsx[22m ([0m[1m[41m8.412 s[49m[22m[0m)
[0m[7m[1m[32m PASS [39m[22m[27m[0m [2msrc/components/pages/__tests__/[22m[1mPoliciesAndLegalPage.spec.tsx[22m ([0m[1m[41m10.403 s[49m[22m[0m)
[0m[7m[1m[32m PASS [39m[22m[27m[0m [2msrc/components/UserAccount/Tab/Tickets/OrderHistory/__tests__/[22m[1mTicket.spec.tsx[22m ([0m[1m[41m10.168 s[49m[22m[0m)
[0m[7m[1m[32m PASS [39m[22m[27m[0m [2msrc/components/componentMappers/__tests__/[22m[1mStationFlexiblePageComponentMapper.spec.tsx[22m ([0m[1m[41m12.016 s[49m[22m[0m)
[0m[7m[1m[32m PASS [39m[22m[27m[0m [2msrc/components/Header/__tests__/[22m[1mMobileNav.spec.tsx[22m ([0m[1m[41m12.911 s[49m[22m[0m)
[0m[7m[1m[32m PASS [39m[22m[27m[0m [2msrc/components/FacilitiesAndServices/__tests__/[22m[1mFacilitiesAndServices.spec.tsx[22m ([0m[1m[41m18.416 s[49m[22m[0m)
[0m[7m[1m[32m PASS [39m[22m[27m[0m [2msrc/components/Header/__tests__/[22m[1mutils.spec.ts[22m ([0m[1m[41m21.793 s[49m[22m[0m)
[0m[7m[1m[32m PASS [39m[22m[27m[0m [2msrc/services/__tests__/[22m[1mupdateUserSignUpDetails.spec.ts[22m ([0m[1m[41m20.691 s[49m[22m[0m)
[0m[7m[1m[32m PASS [39m[22m[27m[0m [2msrc/components/FacilitiesAndServices/__tests__/[22m[1mFacilityOrServiceItem.spec.tsx[22m ([0m[1m[41m29.607 s[49m[22m[0m)
[0m[7m[1m[32m PASS [39m[22m[27m[0m [2msrc/__tests__/pages/api/v1/[22m[1mlogs-collector.spec.ts[22m ([0m[1m[41m31.758 s[49m[22m[0m)
[0m[7m[1m[32m PASS [39m[22m[27m[0m [2msrc/hooks/__tests__/[22m[1museAlternateLocalizedRoute.spec.tsx[22m ([0m[1m[41m112.726 s[49m[22m[0m)
[0m[7m[1m[32m PASS [39m[22m[27m[0m [2msrc/services/__tests__/[22m[1muserProfileService.spec.ts[22m ([0m[1m[41m106.495 s[49m[22m[0m)
[0m[7m[1m[32m PASS [39m[22m[27m[0m [2msrc/components/contentstack/ContentstackMixedCards/__tests__/[22m[1mContentCard.spec.tsx[22m ([0m[1m[41m113.497 s[49m[22m[0m)
[0m[7m[1m[32m PASS [39m[22m[27m[0m [2msrc/components/componentMappers/__tests__/[22m[1mDetailPageComponentMapper.spec.tsx[22m ([0m[1m[41m123.089 s[49m[22m[0m)
[0m[7m[1m[32m PASS [39m[22m[27m[0m [2msrc/components/componentMappers/__tests__/[22m[1mAccordionComponentMapper.spec.tsx[22m ([0m[1m[41m119.114 s[49m[22m[0m)
[0m[7m[1m[32m PASS [39m[22m[27m[0m [2msrc/components/contentstack/ContentstackAccordion/[22m[1mContentstackAccordion.spec.tsx[22m ([0m[1m[41m111.122 s[49m[22m[0m)
[0m[7m[1m[32m PASS [39m[22m[27m[0m [2msrc/components/RecentNews/__tests__/[22m[1mRecentNews.spec.tsx[22m ([0m[1m[41m118.004 s[49m[22m[0m)
[0m[7m[1m[32m PASS [39m[22m[27m[0m [2msrc/components/contentstack/ContentStackRichTextBasic/__tests__/[22m[1mContentStackRichTextBasic.spec.tsx[22m ([0m[1m[41m10.162 s[49m[22m[0m)
[0m[7m[1m[32m PASS [39m[22m[27m[0m [2msrc/hooks/__tests__/[22m[1museViaRailDepartures.spec.tsx[22m ([0m[1m[41m105.811 s[49m[22m[0m)
[0m[7m[1m[32m PASS [39m[22m[27m[0m [2msrc/hooks/__tests__/[22m[1museServiceUpdates.spec.ts[22m ([0m[1m[41m17.961 s[49m[22m[0m)
[0m[7m[1m[32m PASS [39m[22m[27m[0m [2msrc/components/contentstack/ContentstackTable/__tests__/[22m[1mContentstackTable.spec.tsx[22m ([0m[1m[41m12.164 s[49m[22m[0m)
[0m[7m[1m[32m PASS [39m[22m[27m[0m [2msrc/components/contentstack/ContentstackTable/__tests__/[22m[1mutils.spec.ts[22m
[0m[7m[1m[32m PASS [39m[22m[27m[0m [2msrc/utils/user/__tests__/[22m[1mgetAccessToken.spec.ts[22m
[0m[7m[1m[32m PASS [39m[22m[27m[0m [2msrc/components/UserAccount/Shared/__tests__/[22m[1mAccountUnavailableError.spec.tsx[22m ([0m[1m[41m6.829 s[49m[22m[0m)
  [1m● [22mConsole

    [2m[33mconsole.warn[39m[22m
[33m      Image with src "/images/error-image-for-api-error.svg" has a "loader" property that does not implement width. Please implement it or use the "unoptimized" property instead.[39m
[33m      Read more: https://nextjs.org/docs/messages/next-image-missing-loader-width[39m
[2m[22m
[2m    [0m [90m 20 |[39m })[33m;[39m[22m
[2m     [90m 21 |[39m[22m
[2m    [31m[1m>[22m[2m[39m[90m 22 |[39m [36mconst[39m renderErrorSection [33m=[39m () [33m=>[39m render([33m<[39m[33mAccountUnavailableError[39m [33m/[39m[33m>[39m)[33m;[39m[22m
[2m     [90m    |[39m                                        [31m[1m^[22m[2m[39m[22m
[2m     [90m 23 |[39m[22m
[2m     [90m 24 |[39m describe([32m"ErrorSection"[39m[33m,[39m () [33m=>[39m {[22m
[2m     [90m 25 |[39m   afterEach(() [33m=>[39m {[0m[22m
[2m[22m
[2m      [2mat warn ([22m[2mnode_modules/next/src/shared/lib/utils/warn-once.ts[2m:6:15)[22m[2m[22m
[2m      [2mat Image ([22m[2mnode_modules/next/src/client/legacy/image.tsx[2m:876:9)[22m[2m[22m
[2m      [2mat renderWithHooks ([22m[2mnode_modules/react-dom/cjs/react-dom.development.js[2m:16305:18)[22m[2m[22m
[2m      [2mat mountIndeterminateComponent ([22m[2mnode_modules/react-dom/cjs/react-dom.development.js[2m:20074:13)[22m[2m[22m
[2m      [2mat beginWork ([22m[2mnode_modules/react-dom/cjs/react-dom.development.js[2m:21587:16)[22m[2m[22m
[2m      [2mat beginWork$1 ([22m[2mnode_modules/react-dom/cjs/react-dom.development.js[2m:27426:14)[22m[2m[22m
[2m      [2mat performUnitOfWork ([22m[2mnode_modules/react-dom/cjs/react-dom.development.js[2m:26560:12)[22m[2m[22m
[2m      [2mat workLoopSync ([22m[2mnode_modules/react-dom/cjs/react-dom.development.js[2m:26466:5)[22m[2m[22m
[2m      [2mat renderRootSync ([22m[2mnode_modules/react-dom/cjs/react-dom.development.js[2m:26434:7)[22m[2m[22m
[2m      [2mat performConcurrentWorkOnRoot ([22m[2mnode_modules/react-dom/cjs/react-dom.development.js[2m:25738:74)[22m[2m[22m
[2m      [2mat flushActQueue ([22m[2mnode_modules/react/cjs/react.development.js[2m:2667:24)[22m[2m[22m
[2m      [2mat act ([22m[2mnode_modules/react/cjs/react.development.js[2m:2582:11)[22m[2m[22m
[2m      [2mat [22m[2mnode_modules/@testing-library/react/dist/act-compat.js[2m:46:25[22m[2m[22m
[2m      [2mat renderRoot ([22m[2mnode_modules/@testing-library/react/dist/pure.js[2m:161:26)[22m[2m[22m
[2m      [2mat render ([22m[2mnode_modules/@testing-library/react/dist/pure.js[2m:247:10)[22m[2m[22m
[2m      [2mat renderErrorSection ([22m[2m[0m[36msrc/components/UserAccount/Shared/__tests__/AccountUnavailableError.spec.tsx[39m[0m[2m:22:40)[22m[2m[22m
[2m      [2mat Object.renderErrorSection ([22m[2m[0m[36msrc/components/UserAccount/Shared/__tests__/AccountUnavailableError.spec.tsx[39m[0m[2m:31:29)[22m[2m[22m

[0m[7m[1m[32m PASS [39m[22m[27m[0m [2msrc/components/contentstack/ContentstackExpandedViewCards/__test__/[22m[1mmapToExpandedViewCards.spec.ts[22m
[0m[7m[1m[32m PASS [39m[22m[27m[0m [2msrc/components/pages/Homepage/DeparturesAndSchedule/__tests__/[22m[1mDeparturesAndSchedule.spec.tsx[22m ([0m[1m[41m124.295 s[49m[22m[0m)
  [1m● [22mConsole

    [2m[31mconsole.error[39m[22m
[31m      Warning: An update to NextDepartures inside a test was not wrapped in act(...).[39m
[31m      [39m
[31m      When testing, code that causes React state updates should be wrapped into act(...):[39m
[31m      [39m
[31m      act(() => {[39m
[31m        /* fire events that update state */[39m
[31m      });[39m
[31m      /* assert on the output */[39m
[31m      [39m
[31m      This ensures that you're testing the behavior the user would see in the browser. Learn more at https://reactjs.org/link/wrap-tests-with-act[39m
[31m          at stationHub (/home/bradleyjerome/projects/metrolinx/next.upexpress.com/src/components/pages/Homepage/DeparturesAndSchedule/NextDepartures/NextDepartures.tsx:28:3)[39m
[31m          at div[39m
[31m          at DeparturesAndSchedule (/home/bradleyjerome/projects/metrolinx/next.upexpress.com/src/components/pages/Homepage/DeparturesAndSchedule/DeparturesAndSchedule.tsx:29:26)[39m
[2m[22m
[2m      [2mat printWarning ([22m[2mnode_modules/react-dom/cjs/react-dom.development.js[2m:86:30)[22m[2m[22m
[2m      [2mat error ([22m[2mnode_modules/react-dom/cjs/react-dom.development.js[2m:60:7)[22m[2m[22m
[2m      [2mat warnIfUpdatesNotWrappedWithActDEV ([22m[2mnode_modules/react-dom/cjs/react-dom.development.js[2m:27589:9)[22m[2m[22m
[2m      [2mat scheduleUpdateOnFiber ([22m[2mnode_modules/react-dom/cjs/react-dom.development.js[2m:25508:5)[22m[2m[22m
[2m      [2mat forceStoreRerender ([22m[2mnode_modules/react-dom/cjs/react-dom.development.js[2m:16977:5)[22m[2m[22m
[2m      [2mat handleStoreChange ([22m[2mnode_modules/react-dom/cjs/react-dom.development.js[2m:16953:7)[22m[2m[22m
[2m      [2mat [22m[2mnode_modules/swr/dist/index/index.js[2m:244:42[22m[2m[22m
[2m      [2mat Array.setter ([22m[2mnode_modules/swr/dist/_internal/config-context-client-BKoingCI.js[2m:435:21)[22m[2m[22m
[2m      [2mat [22m[2mnode_modules/swr/dist/_internal/config-context-client-BKoingCI.js[2m:70:25[22m[2m[22m
[2m      [2mat finishRequestAndUpdateState ([22m[2mnode_modules/swr/dist/index/index.js[2m:317:13)[22m[2m[22m
[2m      [2mat [22m[2mnode_modules/swr/dist/index/index.js[2m:451:9[22m[2m[22m

[0m[7m[1m[32m PASS [39m[22m[27m[0m [2msrc/components/pages/__tests__/[22m[1mSearchResultsPage.spec.tsx[22m ([0m[1m[41m10.259 s[49m[22m[0m)
[0m[7m[1m[32m PASS [39m[22m[27m[0m [2msrc/components/componentMappers/__tests__/[22m[1mLandingPageComponentMapper.spec.tsx[22m ([0m[1m[41m122.522 s[49m[22m[0m)
[0m[7m[1m[32m PASS [39m[22m[27m[0m [2msrc/components/pages/StationHub/__tests__/[22m[1mStationHubNavigation.spec.tsx[22m ([0m[1m[41m6.465 s[49m[22m[0m)
[0m[7m[1m[32m PASS [39m[22m[27m[0m [2msrc/utils/__tests__/[22m[1mlocale.spec.ts[22m
[0m[7m[1m[32m PASS [39m[22m[27m[0m [2msrc/components/contentstack/ContentStackStaticMaps/__tests__/[22m[1mContentStackStaticMaps.spec.tsx[22m
[0m[7m[1m[32m PASS [39m[22m[27m[0m [2msrc/components/pages/Homepage/BuyTickets/utils/__tests__/[22m[1mcreateAddToCartBody.spec.ts[22m
[0m[7m[1m[32m PASS [39m[22m[27m[0m [2msrc/components/UserAccount/Shared/__tests__/[22m[1mTabHeader.spec.tsx[22m ([0m[1m[41m22.684 s[49m[22m[0m)
[0m[7m[1m[32m PASS [39m[22m[27m[0m [2msrc/utils/__tests__/[22m[1mcloudinaryImageSigner.spec.ts[22m
[0m[7m[1m[32m PASS [39m[22m[27m[0m [2msrc/components/Video/[22m[1mVideo.spec.tsx[22m ([0m[1m[41m112.57 s[49m[22m[0m)
  [1m● [22mConsole

    [2m[31mconsole.error[39m[22m
[31m      Error: Not implemented: HTMLMediaElement.prototype.load[39m
[31m          at module.exports (/home/bradleyjerome/projects/metrolinx/next.upexpress.com/node_modules/jest-environment-jsdom/node_modules/jsdom/lib/jsdom/browser/not-implemented.js:9:17)[39m
[31m          at HTMLVideoElementImpl.load (/home/bradleyjerome/projects/metrolinx/next.upexpress.com/node_modules/jest-environment-jsdom/node_modules/jsdom/lib/jsdom/living/nodes/HTMLMediaElement-impl.js:112:5)[39m
[31m          at HTMLVideoElement.load (/home/bradleyjerome/projects/metrolinx/next.upexpress.com/node_modules/jest-environment-jsdom/node_modules/jsdom/lib/jsdom/living/generated/HTMLMediaElement.js:111:34)[39m
[31m          at load (/home/bradleyjerome/projects/metrolinx/next.upexpress.com/node_modules/@metrolinx/cx-shared/node_modules/cloudinary-video-player/lib/cld-video-player.js:2:438509)[39m
[31m          at Function.Yr.disposeMediaElement (/home/bradleyjerome/projects/metrolinx/next.upexpress.com/node_modules/@metrolinx/cx-shared/node_modules/cloudinary-video-player/lib/cld-video-player.js:2:438492)[39m
[31m          at Yr.disposeMediaElement [as dispose] (/home/bradleyjerome/projects/metrolinx/next.upexpress.com/node_modules/@metrolinx/cx-shared/node_modules/cloudinary-video-player/lib/cld-video-player.js:2:427959)[39m
[31m          at ta.dispose (/home/bradleyjerome/projects/metrolinx/next.upexpress.com/node_modules/@metrolinx/cx-shared/node_modules/cloudinary-video-player/lib/cld-video-player.js:2:462994)[39m
[31m          at dt.dispose (/home/bradleyjerome/projects/metrolinx/next.upexpress.com/node_modules/@metrolinx/cx-shared/node_modules/cloudinary-video-player/lib/cld-video-player.js:2:119496)[39m
[31m          at onTouchStart (/home/bradleyjerome/projects/metrolinx/next.upexpress.com/node_modules/@metrolinx/cx-shared/src/components/CloudinaryVideo/CloudinaryVideo.tsx:194:34)[39m
[31m          at safelyCallDestroy (/home/bradleyjerome/projects/metrolinx/next.upexpress.com/node_modules/react-dom/cjs/react-dom.development.js:22932:5)[39m
[31m          at commitHookEffectListUnmount (/home/bradleyjerome/projects/metrolinx/next.upexpress.com/node_modules/react-dom/cjs/react-dom.development.js:23100:11)[39m
[31m          at commitPassiveUnmountInsideDeletedTreeOnFiber (/home/bradleyjerome/projects/metrolinx/next.upexpress.com/node_modules/react-dom/cjs/react-dom.development.js:25101:11)[39m
[31m          at commitPassiveUnmountEffectsInsideOfDeletedTree_begin (/home/bradleyjerome/projects/metrolinx/next.upexpress.com/node_modules/react-dom/cjs/react-dom.development.js:25048:5)[39m
[31m          at commitPassiveUnmountEffects_begin (/home/bradleyjerome/projects/metrolinx/next.upexpress.com/node_modules/react-dom/cjs/react-dom.development.js:24956:11)[39m
[31m          at commitPassiveUnmountEffects (/home/bradleyjerome/projects/metrolinx/next.upexpress.com/node_modules/react-dom/cjs/react-dom.development.js:24941:3)[39m
[31m          at flushPassiveEffectsImpl (/home/bradleyjerome/projects/metrolinx/next.upexpress.com/node_modules/react-dom/cjs/react-dom.development.js:27038:3)[39m
[31m          at flushPassiveEffects (/home/bradleyjerome/projects/metrolinx/next.upexpress.com/node_modules/react-dom/cjs/react-dom.development.js:26984:14)[39m
[31m          at commitRootImpl (/home/bradleyjerome/projects/metrolinx/next.upexpress.com/node_modules/react-dom/cjs/react-dom.development.js:26935:5)[39m
[31m          at commitRoot (/home/bradleyjerome/projects/metrolinx/next.upexpress.com/node_modules/react-dom/cjs/react-dom.development.js:26682:5)[39m
[31m          at performSyncWorkOnRoot (/home/bradleyjerome/projects/metrolinx/next.upexpress.com/node_modules/react-dom/cjs/react-dom.development.js:26117:3)[39m
[31m          at flushSyncCallbacks (/home/bradleyjerome/projects/metrolinx/next.upexpress.com/node_modules/react-dom/cjs/react-dom.development.js:12042:22)[39m
[31m          at flushSync (/home/bradleyjerome/projects/metrolinx/next.upexpress.com/node_modules/react-dom/cjs/react-dom.development.js:26201:7)[39m
[31m          at ReactDOMRoot.Object.<anonymous>.ReactDOMHydrationRoot.unmount.ReactDOMRoot.unmount [as unmount] (/home/bradleyjerome/projects/metrolinx/next.upexpress.com/node_modules/react-dom/cjs/react-dom.development.js:29336:5)[39m
[31m          at Object.unmount (/home/bradleyjerome/projects/metrolinx/next.upexpress.com/node_modules/@testing-library/react/dist/pure.js:135:12)[39m
[31m          at /home/bradleyjerome/projects/metrolinx/next.upexpress.com/node_modules/@testing-library/react/dist/pure.js:262:12[39m
[31m          at /home/bradleyjerome/projects/metrolinx/next.upexpress.com/node_modules/@testing-library/react/dist/act-compat.js:47:24[39m
[31m          at act (/home/bradleyjerome/projects/metrolinx/next.upexpress.com/node_modules/react/cjs/react.development.js:2512:16)[39m
[31m          at /home/bradleyjerome/projects/metrolinx/next.upexpress.com/node_modules/@testing-library/react/dist/act-compat.js:46:25[39m
[31m          at /home/bradleyjerome/projects/metrolinx/next.upexpress.com/node_modules/@testing-library/react/dist/pure.js:261:28[39m
[31m          at Array.forEach (<anonymous>)[39m
[31m          at cleanup (/home/bradleyjerome/projects/metrolinx/next.upexpress.com/node_modules/@testing-library/react/dist/pure.js:257:22)[39m
[31m          at Object.<anonymous> (/home/bradleyjerome/projects/metrolinx/next.upexpress.com/node_modules/@testing-library/react/dist/index.js:29:25)[39m
[31m          at Promise.then.completed (/home/bradleyjerome/projects/metrolinx/next.upexpress.com/node_modules/jest-circus/build/utils.js:293:28)[39m
[31m          at new Promise (<anonymous>)[39m
[31m          at callAsyncCircusFn (/home/bradleyjerome/projects/metrolinx/next.upexpress.com/node_modules/jest-circus/build/utils.js:226:10)[39m
[31m          at _callCircusHook (/home/bradleyjerome/projects/metrolinx/next.upexpress.com/node_modules/jest-circus/build/run.js:262:40)[39m
[31m          at runNextTicks (node:internal/process/task_queues:64:5)[39m
[31m          at processTimers (node:internal/timers:518:9)[39m
[31m          at _runTest (/home/bradleyjerome/projects/metrolinx/next.upexpress.com/node_modules/jest-circus/build/run.js:235:5)[39m
[31m          at _runTestsForDescribeBlock (/home/bradleyjerome/projects/metrolinx/next.upexpress.com/node_modules/jest-circus/build/run.js:135:9)[39m
[31m          at _runTestsForDescribeBlock (/home/bradleyjerome/projects/metrolinx/next.upexpress.com/node_modules/jest-circus/build/run.js:130:9)[39m
[31m          at run (/home/bradleyjerome/projects/metrolinx/next.upexpress.com/node_modules/jest-circus/build/run.js:68:3)[39m
[31m          at runAndTransformResultsToJestFormat (/home/bradleyjerome/projects/metrolinx/next.upexpress.com/node_modules/jest-circus/build/legacy-code-todo-rewrite/jestAdapterInit.js:122:21)[39m
[31m          at jestAdapter (/home/bradleyjerome/projects/metrolinx/next.upexpress.com/node_modules/jest-circus/build/legacy-code-todo-rewrite/jestAdapter.js:79:19)[39m
[31m          at runTestInternal (/home/bradleyjerome/projects/metrolinx/next.upexpress.com/node_modules/jest-runner/build/runTest.js:367:16)[39m
[31m          at runTest (/home/bradleyjerome/projects/metrolinx/next.upexpress.com/node_modules/jest-runner/build/runTest.js:444:34)[39m
[31m          at Object.worker (/home/bradleyjerome/projects/metrolinx/next.upexpress.com/node_modules/jest-runner/build/testWorker.js:106:12) {[39m
[31m        type: 'not implemented'[39m
[31m      }[39m
[2m[22m
[2m      [2mat VirtualConsole.<anonymous> ([22m[2mnode_modules/jest-environment-jsdom/build/index.js[2m:60:23)[22m[2m[22m
[2m      [2mat load ([22m[2mnode_modules/@metrolinx/cx-shared/node_modules/cloudinary-video-player/lib/cld-video-player.js[2m:2:438509)[22m[2m[22m
[2m      [2mat Function.Yr.disposeMediaElement ([22m[2mnode_modules/@metrolinx/cx-shared/node_modules/cloudinary-video-player/lib/cld-video-player.js[2m:2:438492)[22m[2m[22m
[2m      [2mat Yr.disposeMediaElement [as dispose] ([22m[2mnode_modules/@metrolinx/cx-shared/node_modules/cloudinary-video-player/lib/cld-video-player.js[2m:2:427959)[22m[2m[22m
[2m      [2mat ta.dispose ([22m[2mnode_modules/@metrolinx/cx-shared/node_modules/cloudinary-video-player/lib/cld-video-player.js[2m:2:462994)[22m[2m[22m
[2m      [2mat dt.dispose ([22m[2mnode_modules/@metrolinx/cx-shared/node_modules/cloudinary-video-player/lib/cld-video-player.js[2m:2:119496)[22m[2m[22m
[2m      [2mat onTouchStart ([22m[2mnode_modules/@metrolinx/cx-shared/src/components/CloudinaryVideo/CloudinaryVideo.tsx[2m:194:34)[22m[2m[22m
[2m      [2mat safelyCallDestroy ([22m[2mnode_modules/react-dom/cjs/react-dom.development.js[2m:22932:5)[22m[2m[22m
[2m      [2mat commitHookEffectListUnmount ([22m[2mnode_modules/react-dom/cjs/react-dom.development.js[2m:23100:11)[22m[2m[22m
[2m      [2mat commitPassiveUnmountInsideDeletedTreeOnFiber ([22m[2mnode_modules/react-dom/cjs/react-dom.development.js[2m:25101:11)[22m[2m[22m
[2m      [2mat commitPassiveUnmountEffectsInsideOfDeletedTree_begin ([22m[2mnode_modules/react-dom/cjs/react-dom.development.js[2m:25048:5)[22m[2m[22m
[2m      [2mat commitPassiveUnmountEffects_begin ([22m[2mnode_modules/react-dom/cjs/react-dom.development.js[2m:24956:11)[22m[2m[22m
[2m      [2mat commitPassiveUnmountEffects ([22m[2mnode_modules/react-dom/cjs/react-dom.development.js[2m:24941:3)[22m[2m[22m
[2m      [2mat flushPassiveEffectsImpl ([22m[2mnode_modules/react-dom/cjs/react-dom.development.js[2m:27038:3)[22m[2m[22m
[2m      [2mat flushPassiveEffects ([22m[2mnode_modules/react-dom/cjs/react-dom.development.js[2m:26984:14)[22m[2m[22m
[2m      [2mat commitRootImpl ([22m[2mnode_modules/react-dom/cjs/react-dom.development.js[2m:26935:5)[22m[2m[22m
[2m      [2mat commitRoot ([22m[2mnode_modules/react-dom/cjs/react-dom.development.js[2m:26682:5)[22m[2m[22m
[2m      [2mat performSyncWorkOnRoot ([22m[2mnode_modules/react-dom/cjs/react-dom.development.js[2m:26117:3)[22m[2m[22m
[2m      [2mat flushSyncCallbacks ([22m[2mnode_modules/react-dom/cjs/react-dom.development.js[2m:12042:22)[22m[2m[22m
[2m      [2mat flushSync ([22m[2mnode_modules/react-dom/cjs/react-dom.development.js[2m:26201:7)[22m[2m[22m
[2m      [2mat ReactDOMRoot.Object.<anonymous>.ReactDOMHydrationRoot.unmount.ReactDOMRoot.unmount [as unmount] ([22m[2mnode_modules/react-dom/cjs/react-dom.development.js[2m:29336:5)[22m[2m[22m
[2m      [2mat Object.unmount ([22m[2mnode_modules/@testing-library/react/dist/pure.js[2m:135:12)[22m[2m[22m
[2m      [2mat [22m[2mnode_modules/@testing-library/react/dist/pure.js[2m:262:12[22m[2m[22m
[2m      [2mat [22m[2mnode_modules/@testing-library/react/dist/act-compat.js[2m:47:24[22m[2m[22m
[2m      [2mat act ([22m[2mnode_modules/react/cjs/react.development.js[2m:2512:16)[22m[2m[22m
[2m      [2mat [22m[2mnode_modules/@testing-library/react/dist/act-compat.js[2m:46:25[22m[2m[22m
[2m      [2mat [22m[2mnode_modules/@testing-library/react/dist/pure.js[2m:261:28[22m[2m[22m
[2m          at Array.forEach (<anonymous>)[22m
[2m      [2mat cleanup ([22m[2mnode_modules/@testing-library/react/dist/pure.js[2m:257:22)[22m[2m[22m
[2m      [2mat Object.<anonymous> ([22m[2mnode_modules/@testing-library/react/dist/index.js[2m:29:25)[22m[2m[22m

[0m[7m[1m[32m PASS [39m[22m[27m[0m [2msrc/api/middlewares/__tests__/[22m[1mwithRequestMethods.spec.ts[22m
[0m[7m[1m[32m PASS [39m[22m[27m[0m [2msrc/components/pages/Homepage/BuyTickets/__tests__/[22m[1mTicketForm.spec.tsx[22m
[0m[7m[1m[32m PASS [39m[22m[27m[0m [2msrc/api/utils/__tests__/[22m[1mresponse.spec.ts[22m
[0m[7m[1m[32m PASS [39m[22m[27m[0m [2msrc/components/componentMappers/__tests__/[22m[1mPoliciesAndLegalPageMapper.spec.tsx[22m
[0m[7m[1m[32m PASS [39m[22m[27m[0m [2msrc/components/HeroBanner/__tests__/[22m[1mgetImageSource.spec.tsx[22m ([0m[1m[41m7.677 s[49m[22m[0m)
[0m[7m[1m[32m PASS [39m[22m[27m[0m [2msrc/hooks/__tests__/[22m[1museDirectory.spec.ts[22m
[0m[7m[1m[32m PASS [39m[22m[27m[0m [2msrc/components/Departures/__tests__/[22m[1mDeparturesList.spec.tsx[22m ([0m[1m[41m7.742 s[49m[22m[0m)
[0m[7m[1m[32m PASS [39m[22m[27m[0m [2msrc/components/contentstack/ContentStackVideoPlayer/__tests__/[22m[1mContentStackVideoPlayer.spec.tsx[22m ([0m[1m[41m11.803 s[49m[22m[0m)
  [1m● [22mConsole

    [2m[31mconsole.error[39m[22m
[31m      Warning: An update to ForwardRef(LoadableComponent) inside a test was not wrapped in act(...).[39m
[31m      [39m
[31m      When testing, code that causes React state updates should be wrapped into act(...):[39m
[31m      [39m
[31m      act(() => {[39m
[31m        /* fire events that update state */[39m
[31m      });[39m
[31m      /* assert on the output */[39m
[31m      [39m
[31m      This ensures that you're testing the behavior the user would see in the browser. Learn more at https://reactjs.org/link/wrap-tests-with-act[39m
[31m          at useLoadableModule (/home/bradleyjerome/projects/metrolinx/next.upexpress.com/node_modules/next/src/shared/lib/loadable.shared-runtime.tsx:124:5)[39m
[31m          at div[39m
[31m          at youtubeVideoId (/home/bradleyjerome/projects/metrolinx/next.upexpress.com/src/components/Video/Video.tsx:15:3)[39m
[31m          at contentKey (/home/bradleyjerome/projects/metrolinx/next.upexpress.com/src/components/contentstack/ContentStackVideoPlayer/ContentStackVideoPlayer.tsx:13:3)[39m
[2m[22m
[2m      [2mat printWarning ([22m[2mnode_modules/react-dom/cjs/react-dom.development.js[2m:86:30)[22m[2m[22m
[2m      [2mat error ([22m[2mnode_modules/react-dom/cjs/react-dom.development.js[2m:60:7)[22m[2m[22m
[2m      [2mat warnIfUpdatesNotWrappedWithActDEV ([22m[2mnode_modules/react-dom/cjs/react-dom.development.js[2m:27589:9)[22m[2m[22m
[2m      [2mat scheduleUpdateOnFiber ([22m[2mnode_modules/react-dom/cjs/react-dom.development.js[2m:25508:5)[22m[2m[22m
[2m      [2mat forceStoreRerender ([22m[2mnode_modules/react-dom/cjs/react-dom.development.js[2m:16977:5)[22m[2m[22m
[2m      [2mat handleStoreChange ([22m[2mnode_modules/react-dom/cjs/react-dom.development.js[2m:16953:7)[22m[2m[22m
[2m      [2mat callback ([22m[2mnode_modules/next/src/shared/lib/loadable.shared-runtime.tsx[2m:236:48)[22m[2m[22m
[2m          at Set.forEach (<anonymous>)[22m
[2m      [2mat LoadableSubscription.forEach ([22m[2mnode_modules/next/src/shared/lib/loadable.shared-runtime.tsx[2m:236:21)[22m[2m[22m
[2m      [2mat _update ([22m[2mnode_modules/next/src/shared/lib/loadable.shared-runtime.tsx[2m:218:14)[22m[2m[22m

    [2m[31mconsole.error[39m[22m
[31m      Error: Not implemented: HTMLMediaElement.prototype.load[39m
[31m          at module.exports (/home/bradleyjerome/projects/metrolinx/next.upexpress.com/node_modules/jest-environment-jsdom/node_modules/jsdom/lib/jsdom/browser/not-implemented.js:9:17)[39m
[31m          at HTMLVideoElementImpl.load (/home/bradleyjerome/projects/metrolinx/next.upexpress.com/node_modules/jest-environment-jsdom/node_modules/jsdom/lib/jsdom/living/nodes/HTMLMediaElement-impl.js:112:5)[39m
[31m          at HTMLVideoElement.load (/home/bradleyjerome/projects/metrolinx/next.upexpress.com/node_modules/jest-environment-jsdom/node_modules/jsdom/lib/jsdom/living/generated/HTMLMediaElement.js:111:34)[39m
[31m          at load (/home/bradleyjerome/projects/metrolinx/next.upexpress.com/node_modules/@metrolinx/cx-shared/node_modules/cloudinary-video-player/lib/cld-video-player.js:2:438509)[39m
[31m          at Function.Yr.disposeMediaElement (/home/bradleyjerome/projects/metrolinx/next.upexpress.com/node_modules/@metrolinx/cx-shared/node_modules/cloudinary-video-player/lib/cld-video-player.js:2:438492)[39m
[31m          at Yr.disposeMediaElement [as dispose] (/home/bradleyjerome/projects/metrolinx/next.upexpress.com/node_modules/@metrolinx/cx-shared/node_modules/cloudinary-video-player/lib/cld-video-player.js:2:427959)[39m
[31m          at ta.dispose (/home/bradleyjerome/projects/metrolinx/next.upexpress.com/node_modules/@metrolinx/cx-shared/node_modules/cloudinary-video-player/lib/cld-video-player.js:2:462994)[39m
[31m          at dt.dispose (/home/bradleyjerome/projects/metrolinx/next.upexpress.com/node_modules/@metrolinx/cx-shared/node_modules/cloudinary-video-player/lib/cld-video-player.js:2:119496)[39m
[31m          at onTouchStart (/home/bradleyjerome/projects/metrolinx/next.upexpress.com/node_modules/@metrolinx/cx-shared/src/components/CloudinaryVideo/CloudinaryVideo.tsx:194:34)[39m
[31m          at safelyCallDestroy (/home/bradleyjerome/projects/metrolinx/next.upexpress.com/node_modules/react-dom/cjs/react-dom.development.js:22932:5)[39m
[31m          at commitHookEffectListUnmount (/home/bradleyjerome/projects/metrolinx/next.upexpress.com/node_modules/react-dom/cjs/react-dom.development.js:23100:11)[39m
[31m          at commitPassiveUnmountInsideDeletedTreeOnFiber (/home/bradleyjerome/projects/metrolinx/next.upexpress.com/node_modules/react-dom/cjs/react-dom.development.js:25101:11)[39m
[31m          at commitPassiveUnmountEffectsInsideOfDeletedTree_begin (/home/bradleyjerome/projects/metrolinx/next.upexpress.com/node_modules/react-dom/cjs/react-dom.development.js:25048:5)[39m
[31m          at commitPassiveUnmountEffects_begin (/home/bradleyjerome/projects/metrolinx/next.upexpress.com/node_modules/react-dom/cjs/react-dom.development.js:24956:11)[39m
[31m          at commitPassiveUnmountEffects (/home/bradleyjerome/projects/metrolinx/next.upexpress.com/node_modules/react-dom/cjs/react-dom.development.js:24941:3)[39m
[31m          at flushPassiveEffectsImpl (/home/bradleyjerome/projects/metrolinx/next.upexpress.com/node_modules/react-dom/cjs/react-dom.development.js:27038:3)[39m
[31m          at flushPassiveEffects (/home/bradleyjerome/projects/metrolinx/next.upexpress.com/node_modules/react-dom/cjs/react-dom.development.js:26984:14)[39m
[31m          at commitRootImpl (/home/bradleyjerome/projects/metrolinx/next.upexpress.com/node_modules/react-dom/cjs/react-dom.development.js:26935:5)[39m
[31m          at commitRoot (/home/bradleyjerome/projects/metrolinx/next.upexpress.com/node_modules/react-dom/cjs/react-dom.development.js:26682:5)[39m
[31m          at performSyncWorkOnRoot (/home/bradleyjerome/projects/metrolinx/next.upexpress.com/node_modules/react-dom/cjs/react-dom.development.js:26117:3)[39m
[31m          at flushSyncCallbacks (/home/bradleyjerome/projects/metrolinx/next.upexpress.com/node_modules/react-dom/cjs/react-dom.development.js:12042:22)[39m
[31m          at flushSync (/home/bradleyjerome/projects/metrolinx/next.upexpress.com/node_modules/react-dom/cjs/react-dom.development.js:26201:7)[39m
[31m          at ReactDOMRoot.Object.<anonymous>.ReactDOMHydrationRoot.unmount.ReactDOMRoot.unmount [as unmount] (/home/bradleyjerome/projects/metrolinx/next.upexpress.com/node_modules/react-dom/cjs/react-dom.development.js:29336:5)[39m
[31m          at Object.unmount (/home/bradleyjerome/projects/metrolinx/next.upexpress.com/node_modules/@testing-library/react/dist/pure.js:135:12)[39m
[31m          at /home/bradleyjerome/projects/metrolinx/next.upexpress.com/node_modules/@testing-library/react/dist/pure.js:262:12[39m
[31m          at /home/bradleyjerome/projects/metrolinx/next.upexpress.com/node_modules/@testing-library/react/dist/act-compat.js:47:24[39m
[31m          at act (/home/bradleyjerome/projects/metrolinx/next.upexpress.com/node_modules/react/cjs/react.development.js:2512:16)[39m
[31m          at /home/bradleyjerome/projects/metrolinx/next.upexpress.com/node_modules/@testing-library/react/dist/act-compat.js:46:25[39m
[31m          at /home/bradleyjerome/projects/metrolinx/next.upexpress.com/node_modules/@testing-library/react/dist/pure.js:261:28[39m
[31m          at Array.forEach (<anonymous>)[39m
[31m          at cleanup (/home/bradleyjerome/projects/metrolinx/next.upexpress.com/node_modules/@testing-library/react/dist/pure.js:257:22)[39m
[31m          at Object.<anonymous> (/home/bradleyjerome/projects/metrolinx/next.upexpress.com/node_modules/@testing-library/react/dist/index.js:29:25)[39m
[31m          at Promise.then.completed (/home/bradleyjerome/projects/metrolinx/next.upexpress.com/node_modules/jest-circus/build/utils.js:293:28)[39m
[31m          at new Promise (<anonymous>)[39m
[31m          at callAsyncCircusFn (/home/bradleyjerome/projects/metrolinx/next.upexpress.com/node_modules/jest-circus/build/utils.js:226:10)[39m
[31m          at _callCircusHook (/home/bradleyjerome/projects/metrolinx/next.upexpress.com/node_modules/jest-circus/build/run.js:262:40)[39m
[31m          at processTicksAndRejections (node:internal/process/task_queues:103:5)[39m
[31m          at _runTest (/home/bradleyjerome/projects/metrolinx/next.upexpress.com/node_modules/jest-circus/build/run.js:235:5)[39m
[31m          at _runTestsForDescribeBlock (/home/bradleyjerome/projects/metrolinx/next.upexpress.com/node_modules/jest-circus/build/run.js:135:9)[39m
[31m          at _runTestsForDescribeBlock (/home/bradleyjerome/projects/metrolinx/next.upexpress.com/node_modules/jest-circus/build/run.js:130:9)[39m
[31m          at run (/home/bradleyjerome/projects/metrolinx/next.upexpress.com/node_modules/jest-circus/build/run.js:68:3)[39m
[31m          at runAndTransformResultsToJestFormat (/home/bradleyjerome/projects/metrolinx/next.upexpress.com/node_modules/jest-circus/build/legacy-code-todo-rewrite/jestAdapterInit.js:122:21)[39m
[31m          at jestAdapter (/home/bradleyjerome/projects/metrolinx/next.upexpress.com/node_modules/jest-circus/build/legacy-code-todo-rewrite/jestAdapter.js:79:19)[39m
[31m          at runTestInternal (/home/bradleyjerome/projects/metrolinx/next.upexpress.com/node_modules/jest-runner/build/runTest.js:367:16)[39m
[31m          at runTest (/home/bradleyjerome/projects/metrolinx/next.upexpress.com/node_modules/jest-runner/build/runTest.js:444:34)[39m
[31m          at Object.worker (/home/bradleyjerome/projects/metrolinx/next.upexpress.com/node_modules/jest-runner/build/testWorker.js:106:12) {[39m
[31m        type: 'not implemented'[39m
[31m      }[39m
[2m[22m
[2m      [2mat VirtualConsole.<anonymous> ([22m[2mnode_modules/jest-environment-jsdom/build/index.js[2m:60:23)[22m[2m[22m
[2m      [2mat load ([22m[2mnode_modules/@metrolinx/cx-shared/node_modules/cloudinary-video-player/lib/cld-video-player.js[2m:2:438509)[22m[2m[22m
[2m      [2mat Function.Yr.disposeMediaElement ([22m[2mnode_modules/@metrolinx/cx-shared/node_modules/cloudinary-video-player/lib/cld-video-player.js[2m:2:438492)[22m[2m[22m
[2m      [2mat Yr.disposeMediaElement [as dispose] ([22m[2mnode_modules/@metrolinx/cx-shared/node_modules/cloudinary-video-player/lib/cld-video-player.js[2m:2:427959)[22m[2m[22m
[2m      [2mat ta.dispose ([22m[2mnode_modules/@metrolinx/cx-shared/node_modules/cloudinary-video-player/lib/cld-video-player.js[2m:2:462994)[22m[2m[22m
[2m      [2mat dt.dispose ([22m[2mnode_modules/@metrolinx/cx-shared/node_modules/cloudinary-video-player/lib/cld-video-player.js[2m:2:119496)[22m[2m[22m
[2m      [2mat onTouchStart ([22m[2mnode_modules/@metrolinx/cx-shared/src/components/CloudinaryVideo/CloudinaryVideo.tsx[2m:194:34)[22m[2m[22m
[2m      [2mat safelyCallDestroy ([22m[2mnode_modules/react-dom/cjs/react-dom.development.js[2m:22932:5)[22m[2m[22m
[2m      [2mat commitHookEffectListUnmount ([22m[2mnode_modules/react-dom/cjs/react-dom.development.js[2m:23100:11)[22m[2m[22m
[2m      [2mat commitPassiveUnmountInsideDeletedTreeOnFiber ([22m[2mnode_modules/react-dom/cjs/react-dom.development.js[2m:25101:11)[22m[2m[22m
[2m      [2mat commitPassiveUnmountEffectsInsideOfDeletedTree_begin ([22m[2mnode_modules/react-dom/cjs/react-dom.development.js[2m:25048:5)[22m[2m[22m
[2m      [2mat commitPassiveUnmountEffects_begin ([22m[2mnode_modules/react-dom/cjs/react-dom.development.js[2m:24956:11)[22m[2m[22m
[2m      [2mat commitPassiveUnmountEffects ([22m[2mnode_modules/react-dom/cjs/react-dom.development.js[2m:24941:3)[22m[2m[22m
[2m      [2mat flushPassiveEffectsImpl ([22m[2mnode_modules/react-dom/cjs/react-dom.development.js[2m:27038:3)[22m[2m[22m
[2m      [2mat flushPassiveEffects ([22m[2mnode_modules/react-dom/cjs/react-dom.development.js[2m:26984:14)[22m[2m[22m
[2m      [2mat commitRootImpl ([22m[2mnode_modules/react-dom/cjs/react-dom.development.js[2m:26935:5)[22m[2m[22m
[2m      [2mat commitRoot ([22m[2mnode_modules/react-dom/cjs/react-dom.development.js[2m:26682:5)[22m[2m[22m
[2m      [2mat performSyncWorkOnRoot ([22m[2mnode_modules/react-dom/cjs/react-dom.development.js[2m:26117:3)[22m[2m[22m
[2m      [2mat flushSyncCallbacks ([22m[2mnode_modules/react-dom/cjs/react-dom.development.js[2m:12042:22)[22m[2m[22m
[2m      [2mat flushSync ([22m[2mnode_modules/react-dom/cjs/react-dom.development.js[2m:26201:7)[22m[2m[22m
[2m      [2mat ReactDOMRoot.Object.<anonymous>.ReactDOMHydrationRoot.unmount.ReactDOMRoot.unmount [as unmount] ([22m[2mnode_modules/react-dom/cjs/react-dom.development.js[2m:29336:5)[22m[2m[22m
[2m      [2mat Object.unmount ([22m[2mnode_modules/@testing-library/react/dist/pure.js[2m:135:12)[22m[2m[22m
[2m      [2mat [22m[2mnode_modules/@testing-library/react/dist/pure.js[2m:262:12[22m[2m[22m
[2m      [2mat [22m[2mnode_modules/@testing-library/react/dist/act-compat.js[2m:47:24[22m[2m[22m
[2m      [2mat act ([22m[2mnode_modules/react/cjs/react.development.js[2m:2512:16)[22m[2m[22m
[2m      [2mat [22m[2mnode_modules/@testing-library/react/dist/act-compat.js[2m:46:25[22m[2m[22m
[2m      [2mat [22m[2mnode_modules/@testing-library/react/dist/pure.js[2m:261:28[22m[2m[22m
[2m          at Array.forEach (<anonymous>)[22m
[2m      [2mat cleanup ([22m[2mnode_modules/@testing-library/react/dist/pure.js[2m:257:22)[22m[2m[22m
[2m      [2mat Object.<anonymous> ([22m[2mnode_modules/@testing-library/react/dist/index.js[2m:29:25)[22m[2m[22m

[0m[7m[1m[32m PASS [39m[22m[27m[0m [2msrc/hooks/__tests__/[22m[1museIsAuthenticated.spec.ts[22m
[0m[7m[1m[32m PASS [39m[22m[27m[0m [2msrc/hooks/__tests__/[22m[1museContentstackLocale.spec.ts[22m
[0m[7m[1m[32m PASS [39m[22m[27m[0m [2msrc/components/pages/__tests__/[22m[1mDetailPageStandard.spec.tsx[22m
[0m[7m[1m[32m PASS [39m[22m[27m[0m [2msrc/components/Header/__tests__/[22m[1mQuickMenu.spec.tsx[22m
[0m[7m[1m[32m PASS [39m[22m[27m[0m [2msrc/components/contentstack/ContentstackMixedCards/__tests__/[22m[1mmapContentCardData.spec.ts[22m
[0m[7m[1m[32m PASS [39m[22m[27m[0m [2msrc/utils/__tests__/[22m[1mcookies.spec.ts[22m
[0m[7m[1m[32m PASS [39m[22m[27m[0m [2msrc/components/pages/Checkout/__tests__/[22m[1mCheckout.spec.tsx[22m
[0m[7m[1m[32m PASS [39m[22m[27m[0m [2msrc/api/utils/__tests__/[22m[1mdomain.spec.ts[22m
[0m[7m[1m[32m PASS [39m[22m[27m[0m [2msrc/api/middlewares/__tests__/[22m[1mwithCacheControl.spec.ts[22m
[0m[7m[1m[32m PASS [39m[22m[27m[0m [2msrc/components/UserAccount/hooks/___tests__/[22m[1museUserAccount.spec.ts[22m
[0m[7m[1m[32m PASS [39m[22m[27m[0m [2msrc/hooks/__tests__/[22m[1museNextLocale.spec.ts[22m
[0m[7m[1m[32m PASS [39m[22m[27m[0m [2msrc/components/pages/__tests__/[22m[1mBlogListing.spec.tsx[22m
  [1m● [22mConsole

    [2m[31mconsole.error[39m[22m
[31m      Warning: An update to BlogListing inside a test was not wrapped in act(...).[39m
[31m      [39m
[31m      When testing, code that causes React state updates should be wrapped into act(...):[39m
[31m      [39m
[31m      act(() => {[39m
[31m        /* fire events that update state */[39m
[31m      });[39m
[31m      /* assert on the output */[39m
[31m      [39m
[31m      This ensures that you're testing the behavior the user would see in the browser. Learn more at https://reactjs.org/link/wrap-tests-with-act[39m
[31m          at page (/home/bradleyjerome/projects/metrolinx/next.upexpress.com/src/components/pages/BlogListing.tsx:32:31)[39m
[31m          at children (/home/bradleyjerome/projects/metrolinx/next.upexpress.com/node_modules/next-auth/react/index.js:364:24)[39m
[2m[22m
[2m      [2mat printWarning ([22m[2mnode_modules/react-dom/cjs/react-dom.development.js[2m:86:30)[22m[2m[22m
[2m      [2mat error ([22m[2mnode_modules/react-dom/cjs/react-dom.development.js[2m:60:7)[22m[2m[22m
[2m      [2mat warnIfUpdatesNotWrappedWithActDEV ([22m[2mnode_modules/react-dom/cjs/react-dom.development.js[2m:27589:9)[22m[2m[22m
[2m      [2mat scheduleUpdateOnFiber ([22m[2mnode_modules/react-dom/cjs/react-dom.development.js[2m:25508:5)[22m[2m[22m
[2m      [2mat forceStoreRerender ([22m[2mnode_modules/react-dom/cjs/react-dom.development.js[2m:16977:5)[22m[2m[22m
[2m      [2mat handleStoreChange ([22m[2mnode_modules/react-dom/cjs/react-dom.development.js[2m:16953:7)[22m[2m[22m
[2m      [2mat [22m[2mnode_modules/swr/dist/index/index.js[2m:244:42[22m[2m[22m
[2m      [2mat Array.setter ([22m[2mnode_modules/swr/dist/_internal/config-context-client-BKoingCI.js[2m:435:21)[22m[2m[22m
[2m      [2mat [22m[2mnode_modules/swr/dist/_internal/config-context-client-BKoingCI.js[2m:70:25[22m[2m[22m
[2m      [2mat finishRequestAndUpdateState ([22m[2mnode_modules/swr/dist/index/index.js[2m:317:13)[22m[2m[22m
[2m      [2mat [22m[2mnode_modules/swr/dist/index/index.js[2m:451:9[22m[2m[22m

[0m[7m[1m[32m PASS [39m[22m[27m[0m [2msrc/hooks/__tests__/[22m[1musePageBaseURLs.spec.ts[22m
[0m[7m[1m[32m PASS [39m[22m[27m[0m [2msrc/components/SignUp/__tests__/[22m[1mRecaptcha.spec.tsx[22m
[0m[7m[1m[32m PASS [39m[22m[27m[0m [2msrc/components/SignUp/hooks/___tests__/[22m[1museSignUp.spec.ts[22m
[0m[7m[1m[32m PASS [39m[22m[27m[0m [2msrc/utils/url/__tests__/[22m[1mgetUpApiUrl.positive.spec.ts[22m
[0m[7m[1m[32m PASS [39m[22m[27m[0m [2msrc/components/UserAccount/Tab/__tests__/[22m[1mIframeRendererBillingInfo.spec.tsx[22m
  [1m● [22mConsole

    [2m[31mconsole.error[39m[22m
[31m      Warning: An update to IframeRendererBillingInfo inside a test was not wrapped in act(...).[39m
[31m      [39m
[31m      When testing, code that causes React state updates should be wrapped into act(...):[39m
[31m      [39m
[31m      act(() => {[39m
[31m        /* fire events that update state */[39m
[31m      });[39m
[31m      /* assert on the output */[39m
[31m      [39m
[31m      This ensures that you're testing the behavior the user would see in the browser. Learn more at https://reactjs.org/link/wrap-tests-with-act[39m
[31m          at url (/home/bradleyjerome/projects/metrolinx/next.upexpress.com/src/components/UserAccount/Tab/BillingInformation/IframeRendererBillingInfo.tsx:26:9)[39m
[2m[22m
[2m      [2mat printWarning ([22m[2mnode_modules/react-dom/cjs/react-dom.development.js[2m:86:30)[22m[2m[22m
[2m      [2mat error ([22m[2mnode_modules/react-dom/cjs/react-dom.development.js[2m:60:7)[22m[2m[22m
[2m      [2mat warnIfUpdatesNotWrappedWithActDEV ([22m[2mnode_modules/react-dom/cjs/react-dom.development.js[2m:27589:9)[22m[2m[22m
[2m      [2mat scheduleUpdateOnFiber ([22m[2mnode_modules/react-dom/cjs/react-dom.development.js[2m:25508:5)[22m[2m[22m
[2m      [2mat forceStoreRerender ([22m[2mnode_modules/react-dom/cjs/react-dom.development.js[2m:16977:5)[22m[2m[22m
[2m      [2mat handleStoreChange ([22m[2mnode_modules/react-dom/cjs/react-dom.development.js[2m:16953:7)[22m[2m[22m
[2m      [2mat [22m[2mnode_modules/swr/dist/index/index.js[2m:244:42[22m[2m[22m
[2m      [2mat Array.setter ([22m[2mnode_modules/swr/dist/_internal/config-context-client-BKoingCI.js[2m:435:21)[22m[2m[22m
[2m      [2mat [22m[2mnode_modules/swr/dist/_internal/config-context-client-BKoingCI.js[2m:70:25[22m[2m[22m
[2m      [2mat finishRequestAndUpdateState ([22m[2mnode_modules/swr/dist/index/index.js[2m:317:13)[22m[2m[22m
[2m      [2mat [22m[2mnode_modules/swr/dist/index/index.js[2m:451:9[22m[2m[22m

[0m[7m[1m[32m PASS [39m[22m[27m[0m [2msrc/components/pages/Checkout/__tests__/[22m[1museIsIframeError.spec.ts[22m
[0m[7m[1m[32m PASS [39m[22m[27m[0m [2msrc/components/FormField/CheckBox/[22m[1mCheckBox.spec.tsx[22m
[0m[7m[1m[32m PASS [39m[22m[27m[0m [2msrc/utils/url/__tests__/[22m[1mgetUpApiUrl.negative.spec.ts[22m
[0m[7m[1m[32m PASS [39m[22m[27m[0m [2msrc/components/pages/StationHub/__tests__/[22m[1mDepartureWrapper.spec.tsx[22m
[0m[7m[1m[32m PASS [39m[22m[27m[0m [2msrc/hooks/__tests__/[22m[1museIsIframeError.spec.ts[22m
[0m[7m[1m[32m PASS [39m[22m[27m[0m [2msrc/utils/__tests__/[22m[1misObject.spec.ts[22m
[0m[7m[1m[32m PASS [39m[22m[27m[0m [2msrc/components/pages/Homepage/DeparturesAndSchedule/StationHubDropDown/__tests__/[22m[1mStationHubDropDown.spec.tsx[22m
[0m[7m[1m[32m PASS [39m[22m[27m[0m [2msrc/components/Departures/__tests__/[22m[1mTooltipContent.spec.tsx[22m
[0m[7m[1m[32m PASS [39m[22m[27m[0m [2msrc/components/pages/StationHub/__tests__/[22m[1mStationPage.spec.tsx[22m
[0m[7m[1m[32m PASS [39m[22m[27m[0m [2msrc/components/pages/__tests__/[22m[1mCampaignPage.spec.tsx[22m
[0m[7m[1m[32m PASS [39m[22m[27m[0m [2msrc/__tests__/pages/[22m[1m[[...slug]].spec.ts[22m ([0m[1m[41m131.704 s[49m[22m[0m)
[0m[7m[1m[32m PASS [39m[22m[27m[0m [2msrc/hooks/__tests__/[22m[1museLocalizedDate.spec.ts[22m
[0m[7m[1m[32m PASS [39m[22m[27m[0m [2msrc/components/contentstack/ContentstackMixedCards/__tests__/[22m[1mutils.spec.ts[22m
[0m[7m[1m[32m PASS [39m[22m[27m[0m [2msrc/utils/__tests__/[22m[1mqueryUtils.spec.ts[22m
[0m[7m[1m[32m PASS [39m[22m[27m[0m [2msrc/components/pages/Checkout/__tests__/[22m[1mLoginAtCheckout.spec.tsx[22m
[0m[7m[1m[32m PASS [39m[22m[27m[0m [2msrc/components/FormField/RadioButton/[22m[1mRadioButton.spec.tsx[22m
[0m[7m[1m[32m PASS [39m[22m[27m[0m [2msrc/components/FormField/Input/[22m[1mInput.spec.tsx[22m
[0m[7m[1m[32m PASS [39m[22m[27m[0m [2msrc/components/OnPageNavigationComponents/DesktopOnPageNavigation/[22m[1mDesktopOnPageNavigation.spec.tsx[22m
[0m[7m[1m[32m PASS [39m[22m[27m[0m [2msrc/components/pages/Homepage/DeparturesAndSchedule/NextDepartures/__tests__/[22m[1mNoDepartures.spec.tsx[22m
[0m[7m[1m[32m PASS [39m[22m[27m[0m [2msrc/components/DownloadPDFCta/__tests__/[22m[1mDownloadPDFCta.spec.tsx[22m
[0m[7m[1m[32m PASS [39m[22m[27m[0m [2msrc/components/pages/StationHub/__tests__/[22m[1mStationFlexiblePage.spec.tsx[22m
[0m[7m[1m[32m PASS [39m[22m[27m[0m [2msrc/components/SystemError/__tests__/[22m[1mSystemError.spec.tsx[22m
[0m[7m[1m[32m PASS [39m[22m[27m[0m [2msrc/components/pages/Homepage/BuyTickets/__tests__/[22m[1mPolicyMessage.spec.tsx[22m
[0m[7m[1m[32m PASS [39m[22m[27m[0m [2msrc/services/__tests__/[22m[1mpageComponentsResolver.spec.ts[22m
[0m[7m[1m[32m PASS [39m[22m[27m[0m [2msrc/components/Departures/__tests__/[22m[1mutils.spec.ts[22m
[0m[7m[1m[32m PASS [39m[22m[27m[0m [2msrc/api/enums/__tests__/[22m[1mcrmBrand.spec.ts[22m
[0m[7m[1m[32m PASS [39m[22m[27m[0m [2msrc/utils/__tests__/[22m[1mgetEscapedAlternateURL.spec.ts[22m
[0m[7m[1m[32m PASS [39m[22m[27m[0m [2msrc/utils/__tests__/[22m[1minitAppSettings.spec.ts[22m
[0m[7m[1m[32m PASS [39m[22m[27m[0m [2msrc/components/DamVideo/[22m[1mDamVideo.spec.tsx[22m
  [1m● [22mConsole

    [2m[31mconsole.error[39m[22m
[31m      Error: Not implemented: HTMLMediaElement.prototype.load[39m
[31m          at module.exports (/home/bradleyjerome/projects/metrolinx/next.upexpress.com/node_modules/jest-environment-jsdom/node_modules/jsdom/lib/jsdom/browser/not-implemented.js:9:17)[39m
[31m          at HTMLVideoElementImpl.load (/home/bradleyjerome/projects/metrolinx/next.upexpress.com/node_modules/jest-environment-jsdom/node_modules/jsdom/lib/jsdom/living/nodes/HTMLMediaElement-impl.js:112:5)[39m
[31m          at HTMLVideoElement.load (/home/bradleyjerome/projects/metrolinx/next.upexpress.com/node_modules/jest-environment-jsdom/node_modules/jsdom/lib/jsdom/living/generated/HTMLMediaElement.js:111:34)[39m
[31m          at load (/home/bradleyjerome/projects/metrolinx/next.upexpress.com/node_modules/@metrolinx/cx-shared/node_modules/cloudinary-video-player/lib/cld-video-player.js:2:438509)[39m
[31m          at Function.Yr.disposeMediaElement (/home/bradleyjerome/projects/metrolinx/next.upexpress.com/node_modules/@metrolinx/cx-shared/node_modules/cloudinary-video-player/lib/cld-video-player.js:2:438492)[39m
[31m          at Yr.disposeMediaElement [as dispose] (/home/bradleyjerome/projects/metrolinx/next.upexpress.com/node_modules/@metrolinx/cx-shared/node_modules/cloudinary-video-player/lib/cld-video-player.js:2:427959)[39m
[31m          at ta.dispose (/home/bradleyjerome/projects/metrolinx/next.upexpress.com/node_modules/@metrolinx/cx-shared/node_modules/cloudinary-video-player/lib/cld-video-player.js:2:462994)[39m
[31m          at dt.dispose (/home/bradleyjerome/projects/metrolinx/next.upexpress.com/node_modules/@metrolinx/cx-shared/node_modules/cloudinary-video-player/lib/cld-video-player.js:2:119496)[39m
[31m          at onTouchStart (/home/bradleyjerome/projects/metrolinx/next.upexpress.com/node_modules/@metrolinx/cx-shared/src/components/CloudinaryVideo/CloudinaryVideo.tsx:194:34)[39m
[31m          at safelyCallDestroy (/home/bradleyjerome/projects/metrolinx/next.upexpress.com/node_modules/react-dom/cjs/react-dom.development.js:22932:5)[39m
[31m          at commitHookEffectListUnmount (/home/bradleyjerome/projects/metrolinx/next.upexpress.com/node_modules/react-dom/cjs/react-dom.development.js:23100:11)[39m
[31m          at commitPassiveUnmountInsideDeletedTreeOnFiber (/home/bradleyjerome/projects/metrolinx/next.upexpress.com/node_modules/react-dom/cjs/react-dom.development.js:25101:11)[39m
[31m          at commitPassiveUnmountEffectsInsideOfDeletedTree_begin (/home/bradleyjerome/projects/metrolinx/next.upexpress.com/node_modules/react-dom/cjs/react-dom.development.js:25048:5)[39m
[31m          at commitPassiveUnmountEffects_begin (/home/bradleyjerome/projects/metrolinx/next.upexpress.com/node_modules/react-dom/cjs/react-dom.development.js:24956:11)[39m
[31m          at commitPassiveUnmountEffects (/home/bradleyjerome/projects/metrolinx/next.upexpress.com/node_modules/react-dom/cjs/react-dom.development.js:24941:3)[39m
[31m          at flushPassiveEffectsImpl (/home/bradleyjerome/projects/metrolinx/next.upexpress.com/node_modules/react-dom/cjs/react-dom.development.js:27038:3)[39m
[31m          at flushPassiveEffects (/home/bradleyjerome/projects/metrolinx/next.upexpress.com/node_modules/react-dom/cjs/react-dom.development.js:26984:14)[39m
[31m          at commitRootImpl (/home/bradleyjerome/projects/metrolinx/next.upexpress.com/node_modules/react-dom/cjs/react-dom.development.js:26935:5)[39m
[31m          at commitRoot (/home/bradleyjerome/projects/metrolinx/next.upexpress.com/node_modules/react-dom/cjs/react-dom.development.js:26682:5)[39m
[31m          at performSyncWorkOnRoot (/home/bradleyjerome/projects/metrolinx/next.upexpress.com/node_modules/react-dom/cjs/react-dom.development.js:26117:3)[39m
[31m          at flushSyncCallbacks (/home/bradleyjerome/projects/metrolinx/next.upexpress.com/node_modules/react-dom/cjs/react-dom.development.js:12042:22)[39m
[31m          at flushSync (/home/bradleyjerome/projects/metrolinx/next.upexpress.com/node_modules/react-dom/cjs/react-dom.development.js:26201:7)[39m
[31m          at ReactDOMRoot.Object.<anonymous>.ReactDOMHydrationRoot.unmount.ReactDOMRoot.unmount [as unmount] (/home/bradleyjerome/projects/metrolinx/next.upexpress.com/node_modules/react-dom/cjs/react-dom.development.js:29336:5)[39m
[31m          at Object.unmount (/home/bradleyjerome/projects/metrolinx/next.upexpress.com/node_modules/@testing-library/react/dist/pure.js:135:12)[39m
[31m          at /home/bradleyjerome/projects/metrolinx/next.upexpress.com/node_modules/@testing-library/react/dist/pure.js:262:12[39m
[31m          at /home/bradleyjerome/projects/metrolinx/next.upexpress.com/node_modules/@testing-library/react/dist/act-compat.js:47:24[39m
[31m          at act (/home/bradleyjerome/projects/metrolinx/next.upexpress.com/node_modules/react/cjs/react.development.js:2512:16)[39m
[31m          at /home/bradleyjerome/projects/metrolinx/next.upexpress.com/node_modules/@testing-library/react/dist/act-compat.js:46:25[39m
[31m          at /home/bradleyjerome/projects/metrolinx/next.upexpress.com/node_modules/@testing-library/react/dist/pure.js:261:28[39m
[31m          at Array.forEach (<anonymous>)[39m
[31m          at cleanup (/home/bradleyjerome/projects/metrolinx/next.upexpress.com/node_modules/@testing-library/react/dist/pure.js:257:22)[39m
[31m          at Object.<anonymous> (/home/bradleyjerome/projects/metrolinx/next.upexpress.com/node_modules/@testing-library/react/dist/index.js:29:25)[39m
[31m          at Promise.then.completed (/home/bradleyjerome/projects/metrolinx/next.upexpress.com/node_modules/jest-circus/build/utils.js:293:28)[39m
[31m          at new Promise (<anonymous>)[39m
[31m          at callAsyncCircusFn (/home/bradleyjerome/projects/metrolinx/next.upexpress.com/node_modules/jest-circus/build/utils.js:226:10)[39m
[31m          at _callCircusHook (/home/bradleyjerome/projects/metrolinx/next.upexpress.com/node_modules/jest-circus/build/run.js:262:40)[39m
[31m          at processTicksAndRejections (node:internal/process/task_queues:103:5)[39m
[31m          at _runTest (/home/bradleyjerome/projects/metrolinx/next.upexpress.com/node_modules/jest-circus/build/run.js:235:5)[39m
[31m          at _runTestsForDescribeBlock (/home/bradleyjerome/projects/metrolinx/next.upexpress.com/node_modules/jest-circus/build/run.js:135:9)[39m
[31m          at _runTestsForDescribeBlock (/home/bradleyjerome/projects/metrolinx/next.upexpress.com/node_modules/jest-circus/build/run.js:130:9)[39m
[31m          at run (/home/bradleyjerome/projects/metrolinx/next.upexpress.com/node_modules/jest-circus/build/run.js:68:3)[39m
[31m          at runAndTransformResultsToJestFormat (/home/bradleyjerome/projects/metrolinx/next.upexpress.com/node_modules/jest-circus/build/legacy-code-todo-rewrite/jestAdapterInit.js:122:21)[39m
[31m          at jestAdapter (/home/bradleyjerome/projects/metrolinx/next.upexpress.com/node_modules/jest-circus/build/legacy-code-todo-rewrite/jestAdapter.js:79:19)[39m
[31m          at runTestInternal (/home/bradleyjerome/projects/metrolinx/next.upexpress.com/node_modules/jest-runner/build/runTest.js:367:16)[39m
[31m          at runTest (/home/bradleyjerome/projects/metrolinx/next.upexpress.com/node_modules/jest-runner/build/runTest.js:444:34)[39m
[31m          at Object.worker (/home/bradleyjerome/projects/metrolinx/next.upexpress.com/node_modules/jest-runner/build/testWorker.js:106:12) {[39m
[31m        type: 'not implemented'[39m
[31m      }[39m
[2m[22m
[2m      [2mat VirtualConsole.<anonymous> ([22m[2mnode_modules/jest-environment-jsdom/build/index.js[2m:60:23)[22m[2m[22m
[2m      [2mat load ([22m[2mnode_modules/@metrolinx/cx-shared/node_modules/cloudinary-video-player/lib/cld-video-player.js[2m:2:438509)[22m[2m[22m
[2m      [2mat Function.Yr.disposeMediaElement ([22m[2mnode_modules/@metrolinx/cx-shared/node_modules/cloudinary-video-player/lib/cld-video-player.js[2m:2:438492)[22m[2m[22m
[2m      [2mat Yr.disposeMediaElement [as dispose] ([22m[2mnode_modules/@metrolinx/cx-shared/node_modules/cloudinary-video-player/lib/cld-video-player.js[2m:2:427959)[22m[2m[22m
[2m      [2mat ta.dispose ([22m[2mnode_modules/@metrolinx/cx-shared/node_modules/cloudinary-video-player/lib/cld-video-player.js[2m:2:462994)[22m[2m[22m
[2m      [2mat dt.dispose ([22m[2mnode_modules/@metrolinx/cx-shared/node_modules/cloudinary-video-player/lib/cld-video-player.js[2m:2:119496)[22m[2m[22m
[2m      [2mat onTouchStart ([22m[2mnode_modules/@metrolinx/cx-shared/src/components/CloudinaryVideo/CloudinaryVideo.tsx[2m:194:34)[22m[2m[22m
[2m      [2mat safelyCallDestroy ([22m[2mnode_modules/react-dom/cjs/react-dom.development.js[2m:22932:5)[22m[2m[22m
[2m      [2mat commitHookEffectListUnmount ([22m[2mnode_modules/react-dom/cjs/react-dom.development.js[2m:23100:11)[22m[2m[22m
[2m      [2mat commitPassiveUnmountInsideDeletedTreeOnFiber ([22m[2mnode_modules/react-dom/cjs/react-dom.development.js[2m:25101:11)[22m[2m[22m
[2m      [2mat commitPassiveUnmountEffectsInsideOfDeletedTree_begin ([22m[2mnode_modules/react-dom/cjs/react-dom.development.js[2m:25048:5)[22m[2m[22m
[2m      [2mat commitPassiveUnmountEffects_begin ([22m[2mnode_modules/react-dom/cjs/react-dom.development.js[2m:24956:11)[22m[2m[22m
[2m      [2mat commitPassiveUnmountEffects ([22m[2mnode_modules/react-dom/cjs/react-dom.development.js[2m:24941:3)[22m[2m[22m
[2m      [2mat flushPassiveEffectsImpl ([22m[2mnode_modules/react-dom/cjs/react-dom.development.js[2m:27038:3)[22m[2m[22m
[2m      [2mat flushPassiveEffects ([22m[2mnode_modules/react-dom/cjs/react-dom.development.js[2m:26984:14)[22m[2m[22m
[2m      [2mat commitRootImpl ([22m[2mnode_modules/react-dom/cjs/react-dom.development.js[2m:26935:5)[22m[2m[22m
[2m      [2mat commitRoot ([22m[2mnode_modules/react-dom/cjs/react-dom.development.js[2m:26682:5)[22m[2m[22m
[2m      [2mat performSyncWorkOnRoot ([22m[2mnode_modules/react-dom/cjs/react-dom.development.js[2m:26117:3)[22m[2m[22m
[2m      [2mat flushSyncCallbacks ([22m[2mnode_modules/react-dom/cjs/react-dom.development.js[2m:12042:22)[22m[2m[22m
[2m      [2mat flushSync ([22m[2mnode_modules/react-dom/cjs/react-dom.development.js[2m:26201:7)[22m[2m[22m
[2m      [2mat ReactDOMRoot.Object.<anonymous>.ReactDOMHydrationRoot.unmount.ReactDOMRoot.unmount [as unmount] ([22m[2mnode_modules/react-dom/cjs/react-dom.development.js[2m:29336:5)[22m[2m[22m
[2m      [2mat Object.unmount ([22m[2mnode_modules/@testing-library/react/dist/pure.js[2m:135:12)[22m[2m[22m
[2m      [2mat [22m[2mnode_modules/@testing-library/react/dist/pure.js[2m:262:12[22m[2m[22m
[2m      [2mat [22m[2mnode_modules/@testing-library/react/dist/act-compat.js[2m:47:24[22m[2m[22m
[2m      [2mat act ([22m[2mnode_modules/react/cjs/react.development.js[2m:2512:16)[22m[2m[22m
[2m      [2mat [22m[2mnode_modules/@testing-library/react/dist/act-compat.js[2m:46:25[22m[2m[22m
[2m      [2mat [22m[2mnode_modules/@testing-library/react/dist/pure.js[2m:261:28[22m[2m[22m
[2m          at Array.forEach (<anonymous>)[22m
[2m      [2mat cleanup ([22m[2mnode_modules/@testing-library/react/dist/pure.js[2m:257:22)[22m[2m[22m
[2m      [2mat Object.<anonymous> ([22m[2mnode_modules/@testing-library/react/dist/index.js[2m:29:25)[22m[2m[22m

[0m[7m[1m[32m PASS [39m[22m[27m[0m [2msrc/components/contentstack/ContentstackContentCards/[22m[1mutils.spec.ts[22m
[0m[7m[1m[32m PASS [39m[22m[27m[0m [2msrc/components/componentMappers/__tests__/[22m[1mCampaignPageComponentMapper.spec.tsx[22m ([0m[1m[41m113.05 s[49m[22m[0m)
  [1m● [22mConsole

    [2m[31mconsole.error[39m[22m
[31m      Warning: An update to ForwardRef(LoadableComponent) inside a test was not wrapped in act(...).[39m
[31m      [39m
[31m      When testing, code that causes React state updates should be wrapped into act(...):[39m
[31m      [39m
[31m      act(() => {[39m
[31m        /* fire events that update state */[39m
[31m      });[39m
[31m      /* assert on the output */[39m
[31m      [39m
[31m      This ensures that you're testing the behavior the user would see in the browser. Learn more at https://reactjs.org/link/wrap-tests-with-act[39m
[31m          at useLoadableModule (/home/bradleyjerome/projects/metrolinx/next.upexpress.com/node_modules/next/src/shared/lib/loadable.shared-runtime.tsx:124:5)[39m
[31m          at div[39m
[31m          at youtubeVideoId (/home/bradleyjerome/projects/metrolinx/next.upexpress.com/src/components/Video/Video.tsx:15:3)[39m
[31m          at contentKey (/home/bradleyjerome/projects/metrolinx/next.upexpress.com/src/components/contentstack/ContentStackVideoPlayer/ContentStackVideoPlayer.tsx:13:3)[39m
[31m          at div[39m
[31m          at pageComponents (/home/bradleyjerome/projects/metrolinx/next.upexpress.com/src/components/componentMappers/CampaignPageComponentMapper.tsx:22:3)[39m
[2m[22m
[2m      [2mat printWarning ([22m[2mnode_modules/react-dom/cjs/react-dom.development.js[2m:86:30)[22m[2m[22m
[2m      [2mat error ([22m[2mnode_modules/react-dom/cjs/react-dom.development.js[2m:60:7)[22m[2m[22m
[2m      [2mat warnIfUpdatesNotWrappedWithActDEV ([22m[2mnode_modules/react-dom/cjs/react-dom.development.js[2m:27589:9)[22m[2m[22m
[2m      [2mat scheduleUpdateOnFiber ([22m[2mnode_modules/react-dom/cjs/react-dom.development.js[2m:25508:5)[22m[2m[22m
[2m      [2mat forceStoreRerender ([22m[2mnode_modules/react-dom/cjs/react-dom.development.js[2m:16977:5)[22m[2m[22m
[2m      [2mat handleStoreChange ([22m[2mnode_modules/react-dom/cjs/react-dom.development.js[2m:16953:7)[22m[2m[22m
[2m      [2mat callback ([22m[2mnode_modules/next/src/shared/lib/loadable.shared-runtime.tsx[2m:236:48)[22m[2m[22m
[2m          at Set.forEach (<anonymous>)[22m
[2m      [2mat LoadableSubscription.forEach ([22m[2mnode_modules/next/src/shared/lib/loadable.shared-runtime.tsx[2m:236:21)[22m[2m[22m
[2m      [2mat _update ([22m[2mnode_modules/next/src/shared/lib/loadable.shared-runtime.tsx[2m:218:14)[22m[2m[22m

    [2m[31mconsole.error[39m[22m
[31m      Error: Not implemented: HTMLMediaElement.prototype.load[39m
[31m          at module.exports (/home/bradleyjerome/projects/metrolinx/next.upexpress.com/node_modules/jest-environment-jsdom/node_modules/jsdom/lib/jsdom/browser/not-implemented.js:9:17)[39m
[31m          at HTMLVideoElementImpl.load (/home/bradleyjerome/projects/metrolinx/next.upexpress.com/node_modules/jest-environment-jsdom/node_modules/jsdom/lib/jsdom/living/nodes/HTMLMediaElement-impl.js:112:5)[39m
[31m          at HTMLVideoElement.load (/home/bradleyjerome/projects/metrolinx/next.upexpress.com/node_modules/jest-environment-jsdom/node_modules/jsdom/lib/jsdom/living/generated/HTMLMediaElement.js:111:34)[39m
[31m          at load (/home/bradleyjerome/projects/metrolinx/next.upexpress.com/node_modules/@metrolinx/cx-shared/node_modules/cloudinary-video-player/lib/cld-video-player.js:2:438509)[39m
[31m          at Function.Yr.disposeMediaElement (/home/bradleyjerome/projects/metrolinx/next.upexpress.com/node_modules/@metrolinx/cx-shared/node_modules/cloudinary-video-player/lib/cld-video-player.js:2:438492)[39m
[31m          at Yr.disposeMediaElement [as dispose] (/home/bradleyjerome/projects/metrolinx/next.upexpress.com/node_modules/@metrolinx/cx-shared/node_modules/cloudinary-video-player/lib/cld-video-player.js:2:427959)[39m
[31m          at ta.dispose (/home/bradleyjerome/projects/metrolinx/next.upexpress.com/node_modules/@metrolinx/cx-shared/node_modules/cloudinary-video-player/lib/cld-video-player.js:2:462994)[39m
[31m          at dt.dispose (/home/bradleyjerome/projects/metrolinx/next.upexpress.com/node_modules/@metrolinx/cx-shared/node_modules/cloudinary-video-player/lib/cld-video-player.js:2:119496)[39m
[31m          at onTouchStart (/home/bradleyjerome/projects/metrolinx/next.upexpress.com/node_modules/@metrolinx/cx-shared/src/components/CloudinaryVideo/CloudinaryVideo.tsx:194:34)[39m
[31m          at safelyCallDestroy (/home/bradleyjerome/projects/metrolinx/next.upexpress.com/node_modules/react-dom/cjs/react-dom.development.js:22932:5)[39m
[31m          at commitHookEffectListUnmount (/home/bradleyjerome/projects/metrolinx/next.upexpress.com/node_modules/react-dom/cjs/react-dom.development.js:23100:11)[39m
[31m          at commitPassiveUnmountInsideDeletedTreeOnFiber (/home/bradleyjerome/projects/metrolinx/next.upexpress.com/node_modules/react-dom/cjs/react-dom.development.js:25101:11)[39m
[31m          at commitPassiveUnmountEffectsInsideOfDeletedTree_begin (/home/bradleyjerome/projects/metrolinx/next.upexpress.com/node_modules/react-dom/cjs/react-dom.development.js:25048:5)[39m
[31m          at commitPassiveUnmountEffects_begin (/home/bradleyjerome/projects/metrolinx/next.upexpress.com/node_modules/react-dom/cjs/react-dom.development.js:24956:11)[39m
[31m          at commitPassiveUnmountEffects (/home/bradleyjerome/projects/metrolinx/next.upexpress.com/node_modules/react-dom/cjs/react-dom.development.js:24941:3)[39m
[31m          at flushPassiveEffectsImpl (/home/bradleyjerome/projects/metrolinx/next.upexpress.com/node_modules/react-dom/cjs/react-dom.development.js:27038:3)[39m
[31m          at flushPassiveEffects (/home/bradleyjerome/projects/metrolinx/next.upexpress.com/node_modules/react-dom/cjs/react-dom.development.js:26984:14)[39m
[31m          at commitRootImpl (/home/bradleyjerome/projects/metrolinx/next.upexpress.com/node_modules/react-dom/cjs/react-dom.development.js:26935:5)[39m
[31m          at commitRoot (/home/bradleyjerome/projects/metrolinx/next.upexpress.com/node_modules/react-dom/cjs/react-dom.development.js:26682:5)[39m
[31m          at performSyncWorkOnRoot (/home/bradleyjerome/projects/metrolinx/next.upexpress.com/node_modules/react-dom/cjs/react-dom.development.js:26117:3)[39m
[31m          at flushSyncCallbacks (/home/bradleyjerome/projects/metrolinx/next.upexpress.com/node_modules/react-dom/cjs/react-dom.development.js:12042:22)[39m
[31m          at flushSync (/home/bradleyjerome/projects/metrolinx/next.upexpress.com/node_modules/react-dom/cjs/react-dom.development.js:26201:7)[39m
[31m          at ReactDOMRoot.Object.<anonymous>.ReactDOMHydrationRoot.unmount.ReactDOMRoot.unmount [as unmount] (/home/bradleyjerome/projects/metrolinx/next.upexpress.com/node_modules/react-dom/cjs/react-dom.development.js:29336:5)[39m
[31m          at Object.unmount (/home/bradleyjerome/projects/metrolinx/next.upexpress.com/node_modules/@testing-library/react/dist/pure.js:135:12)[39m
[31m          at /home/bradleyjerome/projects/metrolinx/next.upexpress.com/node_modules/@testing-library/react/dist/pure.js:262:12[39m
[31m          at /home/bradleyjerome/projects/metrolinx/next.upexpress.com/node_modules/@testing-library/react/dist/act-compat.js:47:24[39m
[31m          at act (/home/bradleyjerome/projects/metrolinx/next.upexpress.com/node_modules/react/cjs/react.development.js:2512:16)[39m
[31m          at /home/bradleyjerome/projects/metrolinx/next.upexpress.com/node_modules/@testing-library/react/dist/act-compat.js:46:25[39m
[31m          at /home/bradleyjerome/projects/metrolinx/next.upexpress.com/node_modules/@testing-library/react/dist/pure.js:261:28[39m
[31m          at Array.forEach (<anonymous>)[39m
[31m          at cleanup (/home/bradleyjerome/projects/metrolinx/next.upexpress.com/node_modules/@testing-library/react/dist/pure.js:257:22)[39m
[31m          at Object.<anonymous> (/home/bradleyjerome/projects/metrolinx/next.upexpress.com/node_modules/@testing-library/react/dist/index.js:29:25)[39m
[31m          at Promise.then.completed (/home/bradleyjerome/projects/metrolinx/next.upexpress.com/node_modules/jest-circus/build/utils.js:293:28)[39m
[31m          at new Promise (<anonymous>)[39m
[31m          at callAsyncCircusFn (/home/bradleyjerome/projects/metrolinx/next.upexpress.com/node_modules/jest-circus/build/utils.js:226:10)[39m
[31m          at _callCircusHook (/home/bradleyjerome/projects/metrolinx/next.upexpress.com/node_modules/jest-circus/build/run.js:262:40)[39m
[31m          at processTicksAndRejections (node:internal/process/task_queues:103:5)[39m
[31m          at _runTest (/home/bradleyjerome/projects/metrolinx/next.upexpress.com/node_modules/jest-circus/build/run.js:235:5)[39m
[31m          at _runTestsForDescribeBlock (/home/bradleyjerome/projects/metrolinx/next.upexpress.com/node_modules/jest-circus/build/run.js:135:9)[39m
[31m          at _runTestsForDescribeBlock (/home/bradleyjerome/projects/metrolinx/next.upexpress.com/node_modules/jest-circus/build/run.js:130:9)[39m
[31m          at run (/home/bradleyjerome/projects/metrolinx/next.upexpress.com/node_modules/jest-circus/build/run.js:68:3)[39m
[31m          at runAndTransformResultsToJestFormat (/home/bradleyjerome/projects/metrolinx/next.upexpress.com/node_modules/jest-circus/build/legacy-code-todo-rewrite/jestAdapterInit.js:122:21)[39m
[31m          at jestAdapter (/home/bradleyjerome/projects/metrolinx/next.upexpress.com/node_modules/jest-circus/build/legacy-code-todo-rewrite/jestAdapter.js:79:19)[39m
[31m          at runTestInternal (/home/bradleyjerome/projects/metrolinx/next.upexpress.com/node_modules/jest-runner/build/runTest.js:367:16)[39m
[31m          at runTest (/home/bradleyjerome/projects/metrolinx/next.upexpress.com/node_modules/jest-runner/build/runTest.js:444:34)[39m
[31m          at Object.worker (/home/bradleyjerome/projects/metrolinx/next.upexpress.com/node_modules/jest-runner/build/testWorker.js:106:12) {[39m
[31m        type: 'not implemented'[39m
[31m      }[39m
[2m[22m
[2m      [2mat VirtualConsole.<anonymous> ([22m[2mnode_modules/jest-environment-jsdom/build/index.js[2m:60:23)[22m[2m[22m
[2m      [2mat load ([22m[2mnode_modules/@metrolinx/cx-shared/node_modules/cloudinary-video-player/lib/cld-video-player.js[2m:2:438509)[22m[2m[22m
[2m      [2mat Function.Yr.disposeMediaElement ([22m[2mnode_modules/@metrolinx/cx-shared/node_modules/cloudinary-video-player/lib/cld-video-player.js[2m:2:438492)[22m[2m[22m
[2m      [2mat Yr.disposeMediaElement [as dispose] ([22m[2mnode_modules/@metrolinx/cx-shared/node_modules/cloudinary-video-player/lib/cld-video-player.js[2m:2:427959)[22m[2m[22m
[2m      [2mat ta.dispose ([22m[2mnode_modules/@metrolinx/cx-shared/node_modules/cloudinary-video-player/lib/cld-video-player.js[2m:2:462994)[22m[2m[22m
[2m      [2mat dt.dispose ([22m[2mnode_modules/@metrolinx/cx-shared/node_modules/cloudinary-video-player/lib/cld-video-player.js[2m:2:119496)[22m[2m[22m
[2m      [2mat onTouchStart ([22m[2mnode_modules/@metrolinx/cx-shared/src/components/CloudinaryVideo/CloudinaryVideo.tsx[2m:194:34)[22m[2m[22m
[2m      [2mat safelyCallDestroy ([22m[2mnode_modules/react-dom/cjs/react-dom.development.js[2m:22932:5)[22m[2m[22m
[2m      [2mat commitHookEffectListUnmount ([22m[2mnode_modules/react-dom/cjs/react-dom.development.js[2m:23100:11)[22m[2m[22m
[2m      [2mat commitPassiveUnmountInsideDeletedTreeOnFiber ([22m[2mnode_modules/react-dom/cjs/react-dom.development.js[2m:25101:11)[22m[2m[22m
[2m      [2mat commitPassiveUnmountEffectsInsideOfDeletedTree_begin ([22m[2mnode_modules/react-dom/cjs/react-dom.development.js[2m:25048:5)[22m[2m[22m
[2m      [2mat commitPassiveUnmountEffects_begin ([22m[2mnode_modules/react-dom/cjs/react-dom.development.js[2m:24956:11)[22m[2m[22m
[2m      [2mat commitPassiveUnmountEffects ([22m[2mnode_modules/react-dom/cjs/react-dom.development.js[2m:24941:3)[22m[2m[22m
[2m      [2mat flushPassiveEffectsImpl ([22m[2mnode_modules/react-dom/cjs/react-dom.development.js[2m:27038:3)[22m[2m[22m
[2m      [2mat flushPassiveEffects ([22m[2mnode_modules/react-dom/cjs/react-dom.development.js[2m:26984:14)[22m[2m[22m
[2m      [2mat commitRootImpl ([22m[2mnode_modules/react-dom/cjs/react-dom.development.js[2m:26935:5)[22m[2m[22m
[2m      [2mat commitRoot ([22m[2mnode_modules/react-dom/cjs/react-dom.development.js[2m:26682:5)[22m[2m[22m
[2m      [2mat performSyncWorkOnRoot ([22m[2mnode_modules/react-dom/cjs/react-dom.development.js[2m:26117:3)[22m[2m[22m
[2m      [2mat flushSyncCallbacks ([22m[2mnode_modules/react-dom/cjs/react-dom.development.js[2m:12042:22)[22m[2m[22m
[2m      [2mat flushSync ([22m[2mnode_modules/react-dom/cjs/react-dom.development.js[2m:26201:7)[22m[2m[22m
[2m      [2mat ReactDOMRoot.Object.<anonymous>.ReactDOMHydrationRoot.unmount.ReactDOMRoot.unmount [as unmount] ([22m[2mnode_modules/react-dom/cjs/react-dom.development.js[2m:29336:5)[22m[2m[22m
[2m      [2mat Object.unmount ([22m[2mnode_modules/@testing-library/react/dist/pure.js[2m:135:12)[22m[2m[22m
[2m      [2mat [22m[2mnode_modules/@testing-library/react/dist/pure.js[2m:262:12[22m[2m[22m
[2m      [2mat [22m[2mnode_modules/@testing-library/react/dist/act-compat.js[2m:47:24[22m[2m[22m
[2m      [2mat act ([22m[2mnode_modules/react/cjs/react.development.js[2m:2512:16)[22m[2m[22m
[2m      [2mat [22m[2mnode_modules/@testing-library/react/dist/act-compat.js[2m:46:25[22m[2m[22m
[2m      [2mat [22m[2mnode_modules/@testing-library/react/dist/pure.js[2m:261:28[22m[2m[22m
[2m          at Array.forEach (<anonymous>)[22m
[2m      [2mat cleanup ([22m[2mnode_modules/@testing-library/react/dist/pure.js[2m:257:22)[22m[2m[22m
[2m      [2mat Object.<anonymous> ([22m[2mnode_modules/@testing-library/react/dist/index.js[2m:29:25)[22m[2m[22m

[0m[7m[1m[32m PASS [39m[22m[27m[0m [2msrc/components/pages/Homepage/DeparturesAndSchedule/NextDepartures/__tests__/[22m[1mLoading.spec.tsx[22m
[0m[7m[1m[32m PASS [39m[22m[27m[0m [2msrc/components/UserAccount/Tab/__tests__/[22m[1mTickets.spec.tsx[22m
  [1m● [22mConsole

    [2m[31mconsole.error[39m[22m
[31m      Warning: An update to Tickets inside a test was not wrapped in act(...).[39m
[31m      [39m
[31m      When testing, code that causes React state updates should be wrapped into act(...):[39m
[31m      [39m
[31m      act(() => {[39m
[31m        /* fire events that update state */[39m
[31m      });[39m
[31m      /* assert on the output */[39m
[31m      [39m
[31m      This ensures that you're testing the behavior the user would see in the browser. Learn more at https://reactjs.org/link/wrap-tests-with-act[39m
[31m          at Tickets (/home/bradleyjerome/projects/metrolinx/next.upexpress.com/src/components/UserAccount/Tab/Tickets/Tickets.tsx:16:57)[39m
[2m[22m
[2m      [2mat printWarning ([22m[2mnode_modules/react-dom/cjs/react-dom.development.js[2m:86:30)[22m[2m[22m
[2m      [2mat error ([22m[2mnode_modules/react-dom/cjs/react-dom.development.js[2m:60:7)[22m[2m[22m
[2m      [2mat warnIfUpdatesNotWrappedWithActDEV ([22m[2mnode_modules/react-dom/cjs/react-dom.development.js[2m:27589:9)[22m[2m[22m
[2m      [2mat scheduleUpdateOnFiber ([22m[2mnode_modules/react-dom/cjs/react-dom.development.js[2m:25508:5)[22m[2m[22m
[2m      [2mat forceStoreRerender ([22m[2mnode_modules/react-dom/cjs/react-dom.development.js[2m:16977:5)[22m[2m[22m
[2m      [2mat handleStoreChange ([22m[2mnode_modules/react-dom/cjs/react-dom.development.js[2m:16953:7)[22m[2m[22m
[2m      [2mat [22m[2mnode_modules/swr/dist/index/index.js[2m:244:42[22m[2m[22m
[2m      [2mat Array.setter ([22m[2mnode_modules/swr/dist/_internal/config-context-client-BKoingCI.js[2m:435:21)[22m[2m[22m
[2m      [2mat [22m[2mnode_modules/swr/dist/_internal/config-context-client-BKoingCI.js[2m:70:25[22m[2m[22m
[2m      [2mat finishRequestAndUpdateState ([22m[2mnode_modules/swr/dist/index/index.js[2m:317:13)[22m[2m[22m
[2m      [2mat [22m[2mnode_modules/swr/dist/index/index.js[2m:451:9[22m[2m[22m

[0m[7m[1m[32m PASS [39m[22m[27m[0m [2msrc/components/pages/Homepage/DeparturesAndSchedule/NextDepartures/__tests__/[22m[1mInfoUnavailable.spec.tsx[22m
[0m[7m[1m[32m PASS [39m[22m[27m[0m [2mmigration-scripts/__tests__/[22m[1mclient.spec.ts[22m
[0m[7m[1m[32m PASS [39m[22m[27m[0m [2msrc/components/pages/LandingPage/__tests__/[22m[1mLandingPage.spec.tsx[22m ([0m[1m[41m8.445 s[49m[22m[0m)
[0m[7m[1m[32m PASS [39m[22m[27m[0m [2msrc/components/pages/Homepage/BuyTickets/TripPlanning/__tests__/[22m[1mTripPlanning.spec.tsx[22m ([0m[1m[41m7.529 s[49m[22m[0m)
[0m[7m[1m[32m PASS [39m[22m[27m[0m [2msrc/components/pages/ServiceUpdatesPage/__tests__/[22m[1mServiceUpdatesPage.spec.tsx[22m ([0m[1m[41m12.088 s[49m[22m[0m)
  [1m● [22mConsole

    [2m[31mconsole.error[39m[22m
[31m      Warning: An update to ServiceUpdatesPage inside a test was not wrapped in act(...).[39m
[31m      [39m
[31m      When testing, code that causes React state updates should be wrapped into act(...):[39m
[31m      [39m
[31m      act(() => {[39m
[31m        /* fire events that update state */[39m
[31m      });[39m
[31m      /* assert on the output */[39m
[31m      [39m
[31m      This ensures that you're testing the behavior the user would see in the browser. Learn more at https://reactjs.org/link/wrap-tests-with-act[39m
[31m          at ServiceUpdatesPage (/home/bradleyjerome/projects/metrolinx/next.upexpress.com/src/components/pages/ServiceUpdatesPage/ServiceUpdatesPage.tsx:32:41)[39m
[2m[22m
[2m      [2mat printWarning ([22m[2mnode_modules/react-dom/cjs/react-dom.development.js[2m:86:30)[22m[2m[22m
[2m      [2mat error ([22m[2mnode_modules/react-dom/cjs/react-dom.development.js[2m:60:7)[22m[2m[22m
[2m      [2mat warnIfUpdatesNotWrappedWithActDEV ([22m[2mnode_modules/react-dom/cjs/react-dom.development.js[2m:27589:9)[22m[2m[22m
[2m      [2mat scheduleUpdateOnFiber ([22m[2mnode_modules/react-dom/cjs/react-dom.development.js[2m:25508:5)[22m[2m[22m
[2m      [2mat forceStoreRerender ([22m[2mnode_modules/react-dom/cjs/react-dom.development.js[2m:16977:5)[22m[2m[22m
[2m      [2mat handleStoreChange ([22m[2mnode_modules/react-dom/cjs/react-dom.development.js[2m:16953:7)[22m[2m[22m
[2m      [2mat [22m[2mnode_modules/swr/dist/index/index.js[2m:244:42[22m[2m[22m
[2m      [2mat Array.setter ([22m[2mnode_modules/swr/dist/_internal/config-context-client-BKoingCI.js[2m:435:21)[22m[2m[22m
[2m      [2mat [22m[2mnode_modules/swr/dist/_internal/config-context-client-BKoingCI.js[2m:70:25[22m[2m[22m
[2m      [2mat finishRequestAndUpdateState ([22m[2mnode_modules/swr/dist/index/index.js[2m:317:13)[22m[2m[22m
[2m      [2mat [22m[2mnode_modules/swr/dist/index/index.js[2m:451:9[22m[2m[22m

[33mA worker process has failed to exit gracefully and has been force exited. This is likely caused by tests leaking due to improper teardown. Try running with --detectOpenHandles to find leaks. Active timers can also cause this, ensure that .unref() was called on them.[39m

[1mTest Suites: [22m[1m[33m1 skipped[39m[22m, [1m[32m243 passed[39m[22m, 243 of 244 total
[1mTests:       [22m[1m[33m6 skipped[39m[22m, [1m[32m788 passed[39m[22m, 794 total
[1mSnapshots:   [22m[1m[32m12 passed[39m[22m, 12 total
[1mTime:[22m        192.563 s
[2mRan all test suites[22m[2m.[22m
