=== Pre-Review Gate: core @ 2026-08-19T12:57:19+00:00 ===

> metrolinx-starter@0.1.0 pretest
> npm run build:config


> metrolinx-starter@0.1.0 build:config
> esbuild next.config.source.ts --bundle --outfile=next.config.js --platform=node --external:./node_modules/* --target=es2020 --minify


  next.config.js  20.2kb

⚡ Done in 15ms

> metrolinx-starter@0.1.0 test
> jest

 ⚠ Warning: Next.js inferred your workspace root, but it may not be correct.
 We detected multiple lockfiles and selected the directory of /home/bradleyjerome/package-lock.json as the root directory.
 To silence this warning, set `outputFileTracingRoot` in your Next.js config, or consider removing one of the lockfiles if it's not needed.
   See https://nextjs.org/docs/app/api-reference/config/next-config-js/output#caveats for more information.
 Detected additional lockfiles: 
   * /home/bradleyjerome/projects/metrolinx/next.metrolinx.com/package-lock.json

PASS src/components/pages/__tests__/NewsDetails.spec.tsx
  ● Console

    console.warn
       [33m[1m⚠[22m[39m Runtime config is deprecated and will be removed in Next.js 16. Please remove the usage of "next/config" from your project.

      14 | // @ts-ignore
      15 | global.TextDecoder = TextDecoder;
    > 16 |
         | ^
      17 | // Make sure you can use "publicRuntimeConfig" within tests.
      18 | setConfig({ publicRuntimeConfig: (nextConfig as NextConfig).publicRuntimeConfig });
      19 |

      at node_modules/next/config.js:5:13
      at Object.<anonymous> (node_modules/next/config.js:12:3)
      at Object.<anonymous> (src/setupTests.ts:16:17)

PASS src/components/JoinEvent/JoinEvent.spec.tsx
  ● Console

    console.warn
       [33m[1m⚠[22m[39m Runtime config is deprecated and will be removed in Next.js 16. Please remove the usage of "next/config" from your project.

      14 | // @ts-ignore
      15 | global.TextDecoder = TextDecoder;
    > 16 |
         | ^
      17 | // Make sure you can use "publicRuntimeConfig" within tests.
      18 | setConfig({ publicRuntimeConfig: (nextConfig as NextConfig).publicRuntimeConfig });
      19 |

      at node_modules/next/config.js:5:13
      at Object.<anonymous> (node_modules/next/config.js:12:3)
      at Object.<anonymous> (src/setupTests.ts:16:17)

PASS src/components/pages/ManageAccountPage/__tests__/ManageAccountPage.spec.tsx
  ● Console

    console.warn
       [33m[1m⚠[22m[39m Runtime config is deprecated and will be removed in Next.js 16. Please remove the usage of "next/config" from your project.

      14 | // @ts-ignore
      15 | global.TextDecoder = TextDecoder;
    > 16 |
         | ^
      17 | // Make sure you can use "publicRuntimeConfig" within tests.
      18 | setConfig({ publicRuntimeConfig: (nextConfig as NextConfig).publicRuntimeConfig });
      19 |

      at node_modules/next/config.js:5:13
      at Object.<anonymous> (node_modules/next/config.js:12:3)
      at Object.<anonymous> (src/setupTests.ts:16:17)

PASS src/components/Onboarding/__tests__/AccountInformationFormContainer.spec.tsx
  ● Console

    console.warn
       [33m[1m⚠[22m[39m Runtime config is deprecated and will be removed in Next.js 16. Please remove the usage of "next/config" from your project.

      14 | // @ts-ignore
      15 | global.TextDecoder = TextDecoder;
    > 16 |
         | ^
      17 | // Make sure you can use "publicRuntimeConfig" within tests.
      18 | setConfig({ publicRuntimeConfig: (nextConfig as NextConfig).publicRuntimeConfig });
      19 |

      at node_modules/next/config.js:5:13
      at Object.<anonymous> (node_modules/next/config.js:12:3)
      at Object.<anonymous> (src/setupTests.ts:16:17)

{"level":50,"time":1787144243889,"pid":1662428,"hostname":"EPCATORW0499","msg":"Something went wrong..."}
PASS src/__tests__/[[...slug]].spec.ts
  ● Console

    console.warn
       [33m[1m⚠[22m[39m Runtime config is deprecated and will be removed in Next.js 16. Please remove the usage of "next/config" from your project.

      14 | // @ts-ignore
      15 | global.TextDecoder = TextDecoder;
    > 16 |
         | ^
      17 | // Make sure you can use "publicRuntimeConfig" within tests.
      18 | setConfig({ publicRuntimeConfig: (nextConfig as NextConfig).publicRuntimeConfig });
      19 |

      at node_modules/next/config.js:5:13
      at Object.<anonymous> (node_modules/next/config.js:12:3)
      at Object.<anonymous> (src/setupTests.ts:16:17)

PASS src/components/pages/__tests__/ManageAccountPage.spec.tsx
  ● Console

    console.warn
       [33m[1m⚠[22m[39m Runtime config is deprecated and will be removed in Next.js 16. Please remove the usage of "next/config" from your project.

      14 | // @ts-ignore
      15 | global.TextDecoder = TextDecoder;
    > 16 |
         | ^
      17 | // Make sure you can use "publicRuntimeConfig" within tests.
      18 | setConfig({ publicRuntimeConfig: (nextConfig as NextConfig).publicRuntimeConfig });
      19 |

      at node_modules/next/config.js:5:13
      at Object.<anonymous> (node_modules/next/config.js:12:3)
      at Object.<anonymous> (src/setupTests.ts:16:17)

    console.error
      Warning: An update to ForwardRef(LoadableComponent) inside a test was not wrapped in act(...).
      
      When testing, code that causes React state updates should be wrapped into act(...):
      
      act(() => {
        /* fire events that update state */
      });
      /* assert on the output */
      
      This ensures that you're testing the behavior the user would see in the browser. Learn more at https://reactjs.org/link/wrap-tests-with-act
          at useLoadableModule (/home/bradleyjerome/projects/metrolinx/next.metrolinx.com/node_modules/next/src/shared/lib/loadable.shared-runtime.tsx:124:5)
          at section
          at div
          at div
          at div
          at div
          at ManageAccountPage (/home/bradleyjerome/projects/metrolinx/next.metrolinx.com/src/components/pages/ManageAccountPage/ManageAccountPage.tsx:53:41)

      at printWarning (node_modules/react-dom/cjs/react-dom.development.js:86:30)
      at error (node_modules/react-dom/cjs/react-dom.development.js:60:7)
      at warnIfUpdatesNotWrappedWithActDEV (node_modules/react-dom/cjs/react-dom.development.js:27589:9)
      at scheduleUpdateOnFiber (node_modules/react-dom/cjs/react-dom.development.js:25508:5)
      at forceStoreRerender (node_modules/react-dom/cjs/react-dom.development.js:16977:5)
      at handleStoreChange (node_modules/react-dom/cjs/react-dom.development.js:16953:7)
      at callback (node_modules/next/src/shared/lib/loadable.shared-runtime.tsx:236:48)
          at Set.forEach (<anonymous>)
      at LoadableSubscription.forEach (node_modules/next/src/shared/lib/loadable.shared-runtime.tsx:236:21)
      at _update (node_modules/next/src/shared/lib/loadable.shared-runtime.tsx:218:14)

    console.error
      Warning: An update to AccountInformationForm inside a test was not wrapped in act(...).
      
      When testing, code that causes React state updates should be wrapped into act(...):
      
      act(() => {
        /* fire events that update state */
      });
      /* assert on the output */
      
      This ensures that you're testing the behavior the user would see in the browser. Learn more at https://reactjs.org/link/wrap-tests-with-act
          at values (/home/bradleyjerome/projects/metrolinx/next.metrolinx.com/src/components/pages/ManageAccountPage/AccountInformationForm.tsx:44:3)
          at AccountInformationFormContainer (/home/bradleyjerome/projects/metrolinx/next.metrolinx.com/src/components/pages/ManageAccountPage/AccountInformationFormContainer.tsx:38:64)
          at children (/home/bradleyjerome/projects/metrolinx/next.metrolinx.com/src/components/pages/ManageAccountPage/AccountInformationFormProvider.tsx:58:3)
          at div
          at AccountInformationTab
          at useLoadableModule (/home/bradleyjerome/projects/metrolinx/next.metrolinx.com/node_modules/next/src/shared/lib/loadable.shared-runtime.tsx:124:5)
          at section
          at div
          at div
          at div
          at div
          at ManageAccountPage (/home/bradleyjerome/projects/metrolinx/next.metrolinx.com/src/components/pages/ManageAccountPage/ManageAccountPage.tsx:53:41)

      at printWarning (node_modules/react-dom/cjs/react-dom.development.js:86:30)
      at error (node_modules/react-dom/cjs/react-dom.development.js:60:7)
      at warnIfUpdatesNotWrappedWithActDEV (node_modules/react-dom/cjs/react-dom.development.js:27589:9)
      at scheduleUpdateOnFiber (node_modules/react-dom/cjs/react-dom.development.js:25508:5)
      at dispatchSetState (node_modules/react-dom/cjs/react-dom.development.js:17527:7)
      at window (node_modules/@metrolinx/cx-shared/src/hooks/useBreakpoint.ts:24:5)
      at commitHookEffectListMount (node_modules/react-dom/cjs/react-dom.development.js:23150:26)
      at commitPassiveMountOnFiber (node_modules/react-dom/cjs/react-dom.development.js:24931:11)
      at commitPassiveMountEffects_complete (node_modules/react-dom/cjs/react-dom.development.js:24891:9)
      at commitPassiveMountEffects_begin (node_modules/react-dom/cjs/react-dom.development.js:24878:7)
      at commitPassiveMountEffects (node_modules/react-dom/cjs/react-dom.development.js:24866:3)
      at flushPassiveEffectsImpl (node_modules/react-dom/cjs/react-dom.development.js:27039:3)
      at flushPassiveEffects (node_modules/react-dom/cjs/react-dom.development.js:26984:14)
      at commitRootImpl (node_modules/react-dom/cjs/react-dom.development.js:26935:5)
      at commitRoot (node_modules/react-dom/cjs/react-dom.development.js:26682:5)
      at performSyncWorkOnRoot (node_modules/react-dom/cjs/react-dom.development.js:26117:3)
      at flushSyncCallbacks (node_modules/react-dom/cjs/react-dom.development.js:12042:22)
      at node_modules/react-dom/cjs/react-dom.development.js:25651:13
      at invokeTheCallbackFunction (node_modules/jsdom/lib/jsdom/living/generated/Function.js:19:26)
      at node_modules/jsdom/lib/jsdom/browser/Window.js:554:9

PASS src/components/pages/__tests__/EventPage.spec.tsx
  ● Console

    console.warn
       [33m[1m⚠[22m[39m Runtime config is deprecated and will be removed in Next.js 16. Please remove the usage of "next/config" from your project.

      14 | // @ts-ignore
      15 | global.TextDecoder = TextDecoder;
    > 16 |
         | ^
      17 | // Make sure you can use "publicRuntimeConfig" within tests.
      18 | setConfig({ publicRuntimeConfig: (nextConfig as NextConfig).publicRuntimeConfig });
      19 |

      at node_modules/next/config.js:5:13
      at Object.<anonymous> (node_modules/next/config.js:12:3)
      at Object.<anonymous> (src/setupTests.ts:16:17)

    console.error
      Warning: Invalid DOM property `fill-rule`. Did you mean `fillRule`?
          at path
          at g
          at svg
          at xmlns (/home/bradleyjerome/projects/metrolinx/next.metrolinx.com/node_modules/@metrolinx/cx-shared/src/components/svg/36/LinkedinIcon.tsx:12:5)
          at button
          at ShareButton (/home/bradleyjerome/projects/metrolinx/next.metrolinx.com/node_modules/react-share/lib/ShareButton.js:141:47)
          at CreatedButton (/home/bradleyjerome/projects/metrolinx/next.metrolinx.com/node_modules/react-share/lib/hocs/createShareButton.js:44:20)
          at div
          at section
          at text (/home/bradleyjerome/projects/metrolinx/next.metrolinx.com/src/components/SocialMediaSharingWidget/SocialMediaSharingWidget.tsx:28:3)
          at div
          at aside
          at EventPageSidebar (/home/bradleyjerome/projects/metrolinx/next.metrolinx.com/src/components/pages/EventPage/EventPageSidebar.tsx:18:41)
          at div
          at div
          at div
          at div
          at div
          at page (/home/bradleyjerome/projects/metrolinx/next.metrolinx.com/src/components/pages/EventPage/EventPage.tsx:31:50)
          at SessionProvider (/home/bradleyjerome/projects/metrolinx/next.metrolinx.com/node_modules/next-auth/react/index.js:364:24)

      25 |
      26 | const renderEventPage = () =>
    > 27 |   render(
         |         ^
      28 |     <SessionProvider session={null} refetchInterval={5 * 60} refetchOnWindowFocus={true}>
      29 |       <EventPage page={content as unknown as [IContentstackPage]} />
      30 |     </SessionProvider>,

      at printWarning (node_modules/react-dom/cjs/react-dom.development.js:86:30)
      at error (node_modules/react-dom/cjs/react-dom.development.js:60:7)
      at validateProperty$1 (node_modules/react-dom/cjs/react-dom.development.js:3749:9)
      at warnUnknownProperties (node_modules/react-dom/cjs/react-dom.development.js:3803:21)
      at validateProperties$2 (node_modules/react-dom/cjs/react-dom.development.js:3827:3)
      at validatePropertiesInDevelopment (node_modules/react-dom/cjs/react-dom.development.js:9541:5)
      at setInitialProperties (node_modules/react-dom/cjs/react-dom.development.js:9830:5)
      at finalizeInitialChildren (node_modules/react-dom/cjs/react-dom.development.js:10950:3)
      at completeWork (node_modules/react-dom/cjs/react-dom.development.js:22193:17)
      at completeUnitOfWork (node_modules/react-dom/cjs/react-dom.development.js:26593:16)
      at performUnitOfWork (node_modules/react-dom/cjs/react-dom.development.js:26568:5)
      at workLoopSync (node_modules/react-dom/cjs/react-dom.development.js:26466:5)
      at renderRootSync (node_modules/react-dom/cjs/react-dom.development.js:26434:7)
      at performConcurrentWorkOnRoot (node_modules/react-dom/cjs/react-dom.development.js:25738:74)
      at flushActQueue (node_modules/react/cjs/react.development.js:2667:24)
      at act (node_modules/react/cjs/react.development.js:2582:11)
      at node_modules/@testing-library/react/dist/act-compat.js:46:25
      at renderRoot (node_modules/@testing-library/react/dist/pure.js:161:26)
      at render (node_modules/@testing-library/react/dist/pure.js:247:10)
      at renderEventPage (src/components/pages/__tests__/EventPage.spec.tsx:27:9)
      at Object.renderEventPage (src/components/pages/__tests__/EventPage.spec.tsx:40:27)

    console.error
      Warning: Invalid DOM property `clip-rule`. Did you mean `clipRule`?
          at path
          at g
          at svg
          at xmlns (/home/bradleyjerome/projects/metrolinx/next.metrolinx.com/node_modules/@metrolinx/cx-shared/src/components/svg/36/LinkedinIcon.tsx:12:5)
          at button
          at ShareButton (/home/bradleyjerome/projects/metrolinx/next.metrolinx.com/node_modules/react-share/lib/ShareButton.js:141:47)
          at CreatedButton (/home/bradleyjerome/projects/metrolinx/next.metrolinx.com/node_modules/react-share/lib/hocs/createShareButton.js:44:20)
          at div
          at section
          at text (/home/bradleyjerome/projects/metrolinx/next.metrolinx.com/src/components/SocialMediaSharingWidget/SocialMediaSharingWidget.tsx:28:3)
          at div
          at aside
          at EventPageSidebar (/home/bradleyjerome/projects/metrolinx/next.metrolinx.com/src/components/pages/EventPage/EventPageSidebar.tsx:18:41)
          at div
          at div
          at div
          at div
          at div
          at page (/home/bradleyjerome/projects/metrolinx/next.metrolinx.com/src/components/pages/EventPage/EventPage.tsx:31:50)
          at SessionProvider (/home/bradleyjerome/projects/metrolinx/next.metrolinx.com/node_modules/next-auth/react/index.js:364:24)

      25 |
      26 | const renderEventPage = () =>
    > 27 |   render(
         |         ^
      28 |     <SessionProvider session={null} refetchInterval={5 * 60} refetchOnWindowFocus={true}>
      29 |       <EventPage page={content as unknown as [IContentstackPage]} />
      30 |     </SessionProvider>,

      at printWarning (node_modules/react-dom/cjs/react-dom.development.js:86:30)
      at error (node_modules/react-dom/cjs/react-dom.development.js:60:7)
      at validateProperty$1 (node_modules/react-dom/cjs/react-dom.development.js:3749:9)
      at warnUnknownProperties (node_modules/react-dom/cjs/react-dom.development.js:3803:21)
      at validateProperties$2 (node_modules/react-dom/cjs/react-dom.development.js:3827:3)
      at validatePropertiesInDevelopment (node_modules/react-dom/cjs/react-dom.development.js:9541:5)
      at setInitialProperties (node_modules/react-dom/cjs/react-dom.development.js:9830:5)
      at finalizeInitialChildren (node_modules/react-dom/cjs/react-dom.development.js:10950:3)
      at completeWork (node_modules/react-dom/cjs/react-dom.development.js:22193:17)
      at completeUnitOfWork (node_modules/react-dom/cjs/react-dom.development.js:26593:16)
      at performUnitOfWork (node_modules/react-dom/cjs/react-dom.development.js:26568:5)
      at workLoopSync (node_modules/react-dom/cjs/react-dom.development.js:26466:5)
      at renderRootSync (node_modules/react-dom/cjs/react-dom.development.js:26434:7)
      at performConcurrentWorkOnRoot (node_modules/react-dom/cjs/react-dom.development.js:25738:74)
      at flushActQueue (node_modules/react/cjs/react.development.js:2667:24)
      at act (node_modules/react/cjs/react.development.js:2582:11)
      at node_modules/@testing-library/react/dist/act-compat.js:46:25
      at renderRoot (node_modules/@testing-library/react/dist/pure.js:161:26)
      at render (node_modules/@testing-library/react/dist/pure.js:247:10)
      at renderEventPage (src/components/pages/__tests__/EventPage.spec.tsx:27:9)
      at Object.renderEventPage (src/components/pages/__tests__/EventPage.spec.tsx:40:27)

PASS src/components/pages/__tests__/ProjectContactUsPage.spec.tsx
  ● Console

    console.warn
       [33m[1m⚠[22m[39m Runtime config is deprecated and will be removed in Next.js 16. Please remove the usage of "next/config" from your project.

      14 | // @ts-ignore
      15 | global.TextDecoder = TextDecoder;
    > 16 |
         | ^
      17 | // Make sure you can use "publicRuntimeConfig" within tests.
      18 | setConfig({ publicRuntimeConfig: (nextConfig as NextConfig).publicRuntimeConfig });
      19 |

      at node_modules/next/config.js:5:13
      at Object.<anonymous> (node_modules/next/config.js:12:3)
      at Object.<anonymous> (src/setupTests.ts:16:17)

    console.error
      Warning: React does not recognize the `fetchPriority` prop on a DOM element. If you intentionally want it to appear in the DOM as a custom attribute, spell it as lowercase `fetchpriority` instead. If you accidentally passed it from a parent component, remove it from the DOM element.
          at img
          at picture
          at div
          at div
          at title (/home/bradleyjerome/projects/metrolinx/next.metrolinx.com/src/components/HeroBanner/HeroBanner.tsx:39:3)
          at basePath (/home/bradleyjerome/projects/metrolinx/next.metrolinx.com/src/components/contentstack/ContentstackHeroBanner/ContentstackHeroBanner.tsx:29:3)
          at div
          at div
          at page (/home/bradleyjerome/projects/metrolinx/next.metrolinx.com/src/components/pages/ProjectContactUsPage.tsx:76:11)
          at SessionProvider (/home/bradleyjerome/projects/metrolinx/next.metrolinx.com/node_modules/next-auth/react/index.js:364:24)

      27 |
      28 | const renderProjectContactUsPage = () =>
    > 29 |   render(
         |         ^
      30 |     <ContentstackContext.Provider
      31 |       value={{ page: projectContactUsPage as unknown as [IContentstackPage] }}
      32 |     >

      at printWarning (node_modules/react-dom/cjs/react-dom.development.js:86:30)
      at error (node_modules/react-dom/cjs/react-dom.development.js:60:7)
      at validateProperty$1 (node_modules/react-dom/cjs/react-dom.development.js:3757:7)
      at warnUnknownProperties (node_modules/react-dom/cjs/react-dom.development.js:3803:21)
      at validateProperties$2 (node_modules/react-dom/cjs/react-dom.development.js:3827:3)
      at validatePropertiesInDevelopment (node_modules/react-dom/cjs/react-dom.development.js:9541:5)
      at setInitialProperties (node_modules/react-dom/cjs/react-dom.development.js:9830:5)
      at finalizeInitialChildren (node_modules/react-dom/cjs/react-dom.development.js:10950:3)
      at completeWork (node_modules/react-dom/cjs/react-dom.development.js:22193:17)
      at completeUnitOfWork (node_modules/react-dom/cjs/react-dom.development.js:26593:16)
      at performUnitOfWork (node_modules/react-dom/cjs/react-dom.development.js:26568:5)
      at workLoopSync (node_modules/react-dom/cjs/react-dom.development.js:26466:5)
      at renderRootSync (node_modules/react-dom/cjs/react-dom.development.js:26434:7)
      at performConcurrentWorkOnRoot (node_modules/react-dom/cjs/react-dom.development.js:25738:74)
      at flushActQueue (node_modules/react/cjs/react.development.js:2667:24)
      at act (node_modules/react/cjs/react.development.js:2582:11)
      at node_modules/@testing-library/react/dist/act-compat.js:46:25
      at renderRoot (node_modules/@testing-library/react/dist/pure.js:161:26)
      at render (node_modules/@testing-library/react/dist/pure.js:247:10)
      at renderProjectContactUsPage (src/components/pages/__tests__/ProjectContactUsPage.spec.tsx:29:9)
      at Object.renderProjectContactUsPage (src/components/pages/__tests__/ProjectContactUsPage.spec.tsx:47:27)

PASS src/components/pages/ManageAccountPage/__tests__/AccountInformationFormContainer.spec.tsx
  ● Console

    console.warn
       [33m[1m⚠[22m[39m Runtime config is deprecated and will be removed in Next.js 16. Please remove the usage of "next/config" from your project.

      14 | // @ts-ignore
      15 | global.TextDecoder = TextDecoder;
    > 16 |
         | ^
      17 | // Make sure you can use "publicRuntimeConfig" within tests.
      18 | setConfig({ publicRuntimeConfig: (nextConfig as NextConfig).publicRuntimeConfig });
      19 |

      at node_modules/next/config.js:5:13
      at Object.<anonymous> (node_modules/next/config.js:12:3)
      at Object.<anonymous> (src/setupTests.ts:16:17)

PASS src/components/pages/__tests__/DocumentCenter.spec.tsx
  ● Console

    console.warn
       [33m[1m⚠[22m[39m Runtime config is deprecated and will be removed in Next.js 16. Please remove the usage of "next/config" from your project.

      14 | // @ts-ignore
      15 | global.TextDecoder = TextDecoder;
    > 16 |
         | ^
      17 | // Make sure you can use "publicRuntimeConfig" within tests.
      18 | setConfig({ publicRuntimeConfig: (nextConfig as NextConfig).publicRuntimeConfig });
      19 |

      at node_modules/next/config.js:5:13
      at Object.<anonymous> (node_modules/next/config.js:12:3)
      at Object.<anonymous> (src/setupTests.ts:16:17)

PASS src/components/JoinEvent/EventRegistrationForm/EventRegistrationForm.spec.tsx
  ● Console

    console.warn
       [33m[1m⚠[22m[39m Runtime config is deprecated and will be removed in Next.js 16. Please remove the usage of "next/config" from your project.

      14 | // @ts-ignore
      15 | global.TextDecoder = TextDecoder;
    > 16 |
         | ^
      17 | // Make sure you can use "publicRuntimeConfig" within tests.
      18 | setConfig({ publicRuntimeConfig: (nextConfig as NextConfig).publicRuntimeConfig });
      19 |

      at node_modules/next/config.js:5:13
      at Object.<anonymous> (node_modules/next/config.js:12:3)
      at Object.<anonymous> (src/setupTests.ts:16:17)

PASS src/components/pages/__tests__/SearchResultsPage.spec.tsx
  ● Console

    console.warn
       [33m[1m⚠[22m[39m Runtime config is deprecated and will be removed in Next.js 16. Please remove the usage of "next/config" from your project.

      14 | // @ts-ignore
      15 | global.TextDecoder = TextDecoder;
    > 16 |
         | ^
      17 | // Make sure you can use "publicRuntimeConfig" within tests.
      18 | setConfig({ publicRuntimeConfig: (nextConfig as NextConfig).publicRuntimeConfig });
      19 |

      at node_modules/next/config.js:5:13
      at Object.<anonymous> (node_modules/next/config.js:12:3)
      at Object.<anonymous> (src/setupTests.ts:16:17)

    console.error
      Warning: You provided a `checked` prop to a form field without an `onChange` handler. This will render a read-only field. If the field should be mutable use `defaultChecked`. Otherwise, set either `onChange` or `readOnly`.
          at input
          at span
          at label
          at dataTestId (/home/bradleyjerome/projects/metrolinx/next.metrolinx.com/node_modules/@metrolinx/cx-shared/src/components/Switcher/Switcher.tsx:34:3)
          at div
          at div
          at section
          at div
          at div
          at div
          at div
          at page (/home/bradleyjerome/projects/metrolinx/next.metrolinx.com/src/components/pages/SearchResultsPage.tsx:34:66)
          at SessionProvider (/home/bradleyjerome/projects/metrolinx/next.metrolinx.com/node_modules/next-auth/react/index.js:364:24)

      26 |
      27 | const renderSearchResultsPage = () =>
    > 28 |   render(
         |         ^
      29 |     <SessionProvider session={null} refetchInterval={5 * 60} refetchOnWindowFocus={true}>
      30 |       <SearchResultsPage page={searchResultsContent as unknown as [IContentstackPage]} />
      31 |     </SessionProvider>,

      at printWarning (node_modules/react-dom/cjs/react-dom.development.js:86:30)
      at error (node_modules/react-dom/cjs/react-dom.development.js:60:7)
      at checkControlledValueProps (node_modules/react-dom/cjs/react-dom.development.js:1596:7)
      at initWrapperState (node_modules/react-dom/cjs/react-dom.development.js:1775:5)
      at setInitialProperties (node_modules/react-dom/cjs/react-dom.development.js:9888:7)
      at finalizeInitialChildren (node_modules/react-dom/cjs/react-dom.development.js:10950:3)
      at completeWork (node_modules/react-dom/cjs/react-dom.development.js:22193:17)
      at completeUnitOfWork (node_modules/react-dom/cjs/react-dom.development.js:26593:16)
      at performUnitOfWork (node_modules/react-dom/cjs/react-dom.development.js:26568:5)
      at workLoopSync (node_modules/react-dom/cjs/react-dom.development.js:26466:5)
      at renderRootSync (node_modules/react-dom/cjs/react-dom.development.js:26434:7)
      at performConcurrentWorkOnRoot (node_modules/react-dom/cjs/react-dom.development.js:25738:74)
      at flushActQueue (node_modules/react/cjs/react.development.js:2667:24)
      at act (node_modules/react/cjs/react.development.js:2582:11)
      at node_modules/@testing-library/react/dist/act-compat.js:46:25
      at renderRoot (node_modules/@testing-library/react/dist/pure.js:161:26)
      at render (node_modules/@testing-library/react/dist/pure.js:247:10)
      at renderSearchResultsPage (src/components/pages/__tests__/SearchResultsPage.spec.tsx:28:9)
      at Object.renderSearchResultsPage (src/components/pages/__tests__/SearchResultsPage.spec.tsx:64:38)

PASS src/components/Onboarding/__tests__/AccountInformationForm.spec.tsx
  ● Console

    console.warn
       [33m[1m⚠[22m[39m Runtime config is deprecated and will be removed in Next.js 16. Please remove the usage of "next/config" from your project.

      14 | // @ts-ignore
      15 | global.TextDecoder = TextDecoder;
    > 16 |
         | ^
      17 | // Make sure you can use "publicRuntimeConfig" within tests.
      18 | setConfig({ publicRuntimeConfig: (nextConfig as NextConfig).publicRuntimeConfig });
      19 |

      at node_modules/next/config.js:5:13
      at Object.<anonymous> (node_modules/next/config.js:12:3)
      at Object.<anonymous> (src/setupTests.ts:16:17)

PASS src/components/pages/__tests__/ContactUsPage.spec.tsx
  ● Console

    console.warn
       [33m[1m⚠[22m[39m Runtime config is deprecated and will be removed in Next.js 16. Please remove the usage of "next/config" from your project.

      14 | // @ts-ignore
      15 | global.TextDecoder = TextDecoder;
    > 16 |
         | ^
      17 | // Make sure you can use "publicRuntimeConfig" within tests.
      18 | setConfig({ publicRuntimeConfig: (nextConfig as NextConfig).publicRuntimeConfig });
      19 |

      at node_modules/next/config.js:5:13
      at Object.<anonymous> (node_modules/next/config.js:12:3)
      at Object.<anonymous> (src/setupTests.ts:16:17)

    console.error
      Warning: Each child in a list should have a unique "key" prop. See https://reactjs.org/link/warning-keys for more information.
          at isClearable (/home/bradleyjerome/projects/metrolinx/next.metrolinx.com/node_modules/@metrolinx/cx-shared/src/components/Listbox/Listbox.tsx:79:3)
          at div
          at Object.<anonymous>.exports.ControlField (/home/bradleyjerome/projects/metrolinx/next.metrolinx.com/node_modules/@metrolinx/cx-shared/src/components/ControlField/ControlField.tsx:19:42)
          at div
          at div
          at form
          at div
          at div
          at div
          at div
          at div
          at ContactUs (/home/bradleyjerome/projects/metrolinx/next.metrolinx.com/src/components/pages/ContactUsPage.tsx:66:41)
          at SessionProvider (/home/bradleyjerome/projects/metrolinx/next.metrolinx.com/node_modules/next-auth/react/index.js:364:24)

      27 |
      28 | const renderContactUsPage = () =>
    > 29 |   render(
         |         ^
      30 |     <ContentstackContext.Provider value={contactUsPage as any}>
      31 |       <SessionProvider session={null} refetchInterval={5 * 60} refetchOnWindowFocus={true}>
      32 |         <ContactUs page={contactUsPage.page as unknown as [IContentstackPage]} />

      at printWarning (node_modules/react/cjs/react-jsx-runtime.development.js:87:30)
      at error (node_modules/react/cjs/react-jsx-runtime.development.js:61:7)
      at validateExplicitKey (node_modules/react/cjs/react-jsx-runtime.development.js:1078:5)
      at validateChildKeys (node_modules/react/cjs/react-jsx-runtime.development.js:1105:11)
      at jsxWithValidation (node_modules/react/cjs/react-jsx-runtime.development.js:1276:11)
      at Object.jsxWithValidationDynamic [as jsx] (node_modules/react/cjs/react-jsx-runtime.development.js:1301:12)
      at Object.<anonymous>.exports.Listbox (node_modules/@metrolinx/cx-shared/src/components/Listbox/Listbox.tsx:159:13)
      at renderWithHooks (node_modules/react-dom/cjs/react-dom.development.js:16305:18)
      at mountIndeterminateComponent (node_modules/react-dom/cjs/react-dom.development.js:20074:13)
      at beginWork (node_modules/react-dom/cjs/react-dom.development.js:21587:16)
      at beginWork$1 (node_modules/react-dom/cjs/react-dom.development.js:27426:14)
      at performUnitOfWork (node_modules/react-dom/cjs/react-dom.development.js:26560:12)
      at workLoopSync (node_modules/react-dom/cjs/react-dom.development.js:26466:5)
      at renderRootSync (node_modules/react-dom/cjs/react-dom.development.js:26434:7)
      at performConcurrentWorkOnRoot (node_modules/react-dom/cjs/react-dom.development.js:25738:74)
      at flushActQueue (node_modules/react/cjs/react.development.js:2667:24)
      at act (node_modules/react/cjs/react.development.js:2582:11)
      at node_modules/@testing-library/react/dist/act-compat.js:46:25
      at renderRoot (node_modules/@testing-library/react/dist/pure.js:161:26)
      at render (node_modules/@testing-library/react/dist/pure.js:247:10)
      at renderContactUsPage (src/components/pages/__tests__/ContactUsPage.spec.tsx:29:9)
      at Object.renderContactUsPage (src/components/pages/__tests__/ContactUsPage.spec.tsx:45:27)

PASS src/components/JoinEvent/EventRegistrationFormContainer/EventRegistrationFormContainer.spec.tsx
  ● Console

    console.warn
       [33m[1m⚠[22m[39m Runtime config is deprecated and will be removed in Next.js 16. Please remove the usage of "next/config" from your project.

      14 | // @ts-ignore
      15 | global.TextDecoder = TextDecoder;
    > 16 |
         | ^
      17 | // Make sure you can use "publicRuntimeConfig" within tests.
      18 | setConfig({ publicRuntimeConfig: (nextConfig as NextConfig).publicRuntimeConfig });
      19 |

      at node_modules/next/config.js:5:13
      at Object.<anonymous> (node_modules/next/config.js:12:3)
      at Object.<anonymous> (src/setupTests.ts:16:17)

PASS src/components/DocumentCenterFacets/__tests__/DocumentCenterFacets.spec.tsx
  ● Console

    console.warn
       [33m[1m⚠[22m[39m Runtime config is deprecated and will be removed in Next.js 16. Please remove the usage of "next/config" from your project.

      14 | // @ts-ignore
      15 | global.TextDecoder = TextDecoder;
    > 16 |
         | ^
      17 | // Make sure you can use "publicRuntimeConfig" within tests.
      18 | setConfig({ publicRuntimeConfig: (nextConfig as NextConfig).publicRuntimeConfig });
      19 |

      at node_modules/next/config.js:5:13
      at Object.<anonymous> (node_modules/next/config.js:12:3)
      at Object.<anonymous> (src/setupTests.ts:16:17)

PASS src/components/ProjectsListing/__tests__/ProjectsListing.spec.tsx
  ● Console

    console.warn
       [33m[1m⚠[22m[39m Runtime config is deprecated and will be removed in Next.js 16. Please remove the usage of "next/config" from your project.

      14 | // @ts-ignore
      15 | global.TextDecoder = TextDecoder;
    > 16 |
         | ^
      17 | // Make sure you can use "publicRuntimeConfig" within tests.
      18 | setConfig({ publicRuntimeConfig: (nextConfig as NextConfig).publicRuntimeConfig });
      19 |

      at node_modules/next/config.js:5:13
      at Object.<anonymous> (node_modules/next/config.js:12:3)
      at Object.<anonymous> (src/setupTests.ts:16:17)

PASS src/components/DatePicker/__tests__/DatePicker.spec.tsx
  ● Console

    console.warn
       [33m[1m⚠[22m[39m Runtime config is deprecated and will be removed in Next.js 16. Please remove the usage of "next/config" from your project.

      14 | // @ts-ignore
      15 | global.TextDecoder = TextDecoder;
    > 16 |
         | ^
      17 | // Make sure you can use "publicRuntimeConfig" within tests.
      18 | setConfig({ publicRuntimeConfig: (nextConfig as NextConfig).publicRuntimeConfig });
      19 |

      at node_modules/next/config.js:5:13
      at Object.<anonymous> (node_modules/next/config.js:12:3)
      at Object.<anonymous> (src/setupTests.ts:16:17)

PASS src/components/pages/SubscribeToEmailPage/__tests__/SubscribeToEmailForm.spec.tsx
  ● Console

    console.warn
       [33m[1m⚠[22m[39m Runtime config is deprecated and will be removed in Next.js 16. Please remove the usage of "next/config" from your project.

      14 | // @ts-ignore
      15 | global.TextDecoder = TextDecoder;
    > 16 |
         | ^
      17 | // Make sure you can use "publicRuntimeConfig" within tests.
      18 | setConfig({ publicRuntimeConfig: (nextConfig as NextConfig).publicRuntimeConfig });
      19 |

      at node_modules/next/config.js:5:13
      at Object.<anonymous> (node_modules/next/config.js:12:3)
      at Object.<anonymous> (src/setupTests.ts:16:17)

PASS src/components/GlobalSearchAutoSuggestion/__test__/GlobalSearchAutoSuggestion.spec.tsx
  ● Console

    console.warn
       [33m[1m⚠[22m[39m Runtime config is deprecated and will be removed in Next.js 16. Please remove the usage of "next/config" from your project.

      14 | // @ts-ignore
      15 | global.TextDecoder = TextDecoder;
    > 16 |
         | ^
      17 | // Make sure you can use "publicRuntimeConfig" within tests.
      18 | setConfig({ publicRuntimeConfig: (nextConfig as NextConfig).publicRuntimeConfig });
      19 |

      at node_modules/next/config.js:5:13
      at Object.<anonymous> (node_modules/next/config.js:12:3)
      at Object.<anonymous> (src/setupTests.ts:16:17)

PASS src/components/pages/__tests__/OpenDataLanding.spec.tsx
  ● Console

    console.warn
       [33m[1m⚠[22m[39m Runtime config is deprecated and will be removed in Next.js 16. Please remove the usage of "next/config" from your project.

      14 | // @ts-ignore
      15 | global.TextDecoder = TextDecoder;
    > 16 |
         | ^
      17 | // Make sure you can use "publicRuntimeConfig" within tests.
      18 | setConfig({ publicRuntimeConfig: (nextConfig as NextConfig).publicRuntimeConfig });
      19 |

      at node_modules/next/config.js:5:13
      at Object.<anonymous> (node_modules/next/config.js:12:3)
      at Object.<anonymous> (src/setupTests.ts:16:17)

    console.error
      Warning: React does not recognize the `fetchPriority` prop on a DOM element. If you intentionally want it to appear in the DOM as a custom attribute, spell it as lowercase `fetchpriority` instead. If you accidentally passed it from a parent component, remove it from the DOM element.
          at img
          at picture
          at div
          at div
          at title (/home/bradleyjerome/projects/metrolinx/next.metrolinx.com/src/components/HeroBanner/HeroBanner.tsx:39:3)
          at basePath (/home/bradleyjerome/projects/metrolinx/next.metrolinx.com/src/components/contentstack/ContentstackHeroBanner/ContentstackHeroBanner.tsx:29:3)
          at div
          at div
          at page (/home/bradleyjerome/projects/metrolinx/next.metrolinx.com/src/components/pages/OpenDataLanding.tsx:14:68)
          at SessionProvider (/home/bradleyjerome/projects/metrolinx/next.metrolinx.com/node_modules/next-auth/react/index.js:364:24)

      17 |
      18 | const renderOpenDataLanding = () =>
    > 19 |   render(
         |         ^
      20 |     <ContentstackContext.Provider
      21 |       value={{ page: openDataLandingContent as unknown as [IContentstackPage] }}
      22 |     >

      at printWarning (node_modules/react-dom/cjs/react-dom.development.js:86:30)
      at error (node_modules/react-dom/cjs/react-dom.development.js:60:7)
      at validateProperty$1 (node_modules/react-dom/cjs/react-dom.development.js:3757:7)
      at warnUnknownProperties (node_modules/react-dom/cjs/react-dom.development.js:3803:21)
      at validateProperties$2 (node_modules/react-dom/cjs/react-dom.development.js:3827:3)
      at validatePropertiesInDevelopment (node_modules/react-dom/cjs/react-dom.development.js:9541:5)
      at setInitialProperties (node_modules/react-dom/cjs/react-dom.development.js:9830:5)
      at finalizeInitialChildren (node_modules/react-dom/cjs/react-dom.development.js:10950:3)
      at completeWork (node_modules/react-dom/cjs/react-dom.development.js:22193:17)
      at completeUnitOfWork (node_modules/react-dom/cjs/react-dom.development.js:26593:16)
      at performUnitOfWork (node_modules/react-dom/cjs/react-dom.development.js:26568:5)
      at workLoopSync (node_modules/react-dom/cjs/react-dom.development.js:26466:5)
      at renderRootSync (node_modules/react-dom/cjs/react-dom.development.js:26434:7)
      at performConcurrentWorkOnRoot (node_modules/react-dom/cjs/react-dom.development.js:25738:74)
      at flushActQueue (node_modules/react/cjs/react.development.js:2667:24)
      at act (node_modules/react/cjs/react.development.js:2582:11)
      at node_modules/@testing-library/react/dist/act-compat.js:46:25
      at renderRoot (node_modules/@testing-library/react/dist/pure.js:161:26)
      at render (node_modules/@testing-library/react/dist/pure.js:247:10)
      at renderOpenDataLanding (src/components/pages/__tests__/OpenDataLanding.spec.tsx:19:9)
      at Object.renderOpenDataLanding (src/components/pages/__tests__/OpenDataLanding.spec.tsx:36:27)

PASS src/components/pages/__tests__/RegionTopicPage.spec.tsx
  ● Console

    console.warn
       [33m[1m⚠[22m[39m Runtime config is deprecated and will be removed in Next.js 16. Please remove the usage of "next/config" from your project.

      14 | // @ts-ignore
      15 | global.TextDecoder = TextDecoder;
    > 16 |
         | ^
      17 | // Make sure you can use "publicRuntimeConfig" within tests.
      18 | setConfig({ publicRuntimeConfig: (nextConfig as NextConfig).publicRuntimeConfig });
      19 |

      at node_modules/next/config.js:5:13
      at Object.<anonymous> (node_modules/next/config.js:12:3)
      at Object.<anonymous> (src/setupTests.ts:16:17)

PASS src/components/layout/Layout.spec.tsx
  ● Console

    console.warn
       [33m[1m⚠[22m[39m Runtime config is deprecated and will be removed in Next.js 16. Please remove the usage of "next/config" from your project.

      14 | // @ts-ignore
      15 | global.TextDecoder = TextDecoder;
    > 16 |
         | ^
      17 | // Make sure you can use "publicRuntimeConfig" within tests.
      18 | setConfig({ publicRuntimeConfig: (nextConfig as NextConfig).publicRuntimeConfig });
      19 |

      at node_modules/next/config.js:5:13
      at Object.<anonymous> (node_modules/next/config.js:12:3)
      at Object.<anonymous> (src/setupTests.ts:16:17)

PASS src/components/contentstack/ContentStackGallery/ContentStackGallery.spec.tsx
  ● Console

    console.warn
       [33m[1m⚠[22m[39m Runtime config is deprecated and will be removed in Next.js 16. Please remove the usage of "next/config" from your project.

      14 | // @ts-ignore
      15 | global.TextDecoder = TextDecoder;
    > 16 |
         | ^
      17 | // Make sure you can use "publicRuntimeConfig" within tests.
      18 | setConfig({ publicRuntimeConfig: (nextConfig as NextConfig).publicRuntimeConfig });
      19 |

      at node_modules/next/config.js:5:13
      at Object.<anonymous> (node_modules/next/config.js:12:3)
      at Object.<anonymous> (src/setupTests.ts:16:17)

    console.warn
      Image with src "/cld-sample-1" and "layout='fill'" has unused properties assigned. Please remove "width" and "height".

      56 |       name: content.cta_label,
      57 |     });
    > 58 |     await userEvent.click(openGalleryCTA);
         |     ^
      59 |     expect(
      60 |       screen.getByRole("heading", {
      61 |         name: /imageGallery.title/i,

      at warn (node_modules/next/src/shared/lib/utils/warn-once.ts:6:15)
      at Image (node_modules/next/src/client/legacy/image.tsx:814:17)
      at renderWithHooks (node_modules/react-dom/cjs/react-dom.development.js:16305:18)
      at mountIndeterminateComponent (node_modules/react-dom/cjs/react-dom.development.js:20074:13)
      at beginWork (node_modules/react-dom/cjs/react-dom.development.js:21587:16)
      at beginWork$1 (node_modules/react-dom/cjs/react-dom.development.js:27426:14)
      at performUnitOfWork (node_modules/react-dom/cjs/react-dom.development.js:26560:12)
      at workLoopSync (node_modules/react-dom/cjs/react-dom.development.js:26466:5)
      at renderRootSync (node_modules/react-dom/cjs/react-dom.development.js:26434:7)
      at performConcurrentWorkOnRoot (node_modules/react-dom/cjs/react-dom.development.js:25738:74)
      at flushActQueue (node_modules/react/cjs/react.development.js:2667:24)
      at act (node_modules/react/cjs/react.development.js:2582:11)
      at node_modules/@testing-library/react/dist/act-compat.js:46:25
      at Object.eventWrapper (node_modules/@testing-library/react/dist/pure.js:92:28)
      at Object.wrapEvent (node_modules/@testing-library/user-event/dist/cjs/event/wrapEvent.js:29:24)
      at Object.dispatchEvent (node_modules/@testing-library/user-event/dist/cjs/event/dispatchEvent.js:47:22)
      at Object.dispatchUIEvent (node_modules/@testing-library/user-event/dist/cjs/event/dispatchEvent.js:24:26)
      at Mouse.up (node_modules/@testing-library/user-event/dist/cjs/system/pointer/mouse.js:104:30)
      at PointerHost.release (node_modules/@testing-library/user-event/dist/cjs/system/pointer/index.js:86:28)
      at pointerAction (node_modules/@testing-library/user-event/dist/cjs/pointer/index.js:62:47)
      at Object.pointer (node_modules/@testing-library/user-event/dist/cjs/pointer/index.js:35:9)
      at Object.asyncWrapper (node_modules/@testing-library/react/dist/pure.js:73:22)
      at Object.<anonymous> (src/components/contentstack/ContentStackGallery/ContentStackGallery.spec.tsx:58:5)

    console.warn
      Image with src "/cld-sample-2" and "layout='fill'" has unused properties assigned. Please remove "width" and "height".

      56 |       name: content.cta_label,
      57 |     });
    > 58 |     await userEvent.click(openGalleryCTA);
         |     ^
      59 |     expect(
      60 |       screen.getByRole("heading", {
      61 |         name: /imageGallery.title/i,

      at warn (node_modules/next/src/shared/lib/utils/warn-once.ts:6:15)
      at Image (node_modules/next/src/client/legacy/image.tsx:814:17)
      at renderWithHooks (node_modules/react-dom/cjs/react-dom.development.js:16305:18)
      at mountIndeterminateComponent (node_modules/react-dom/cjs/react-dom.development.js:20074:13)
      at beginWork (node_modules/react-dom/cjs/react-dom.development.js:21587:16)
      at beginWork$1 (node_modules/react-dom/cjs/react-dom.development.js:27426:14)
      at performUnitOfWork (node_modules/react-dom/cjs/react-dom.development.js:26560:12)
      at workLoopSync (node_modules/react-dom/cjs/react-dom.development.js:26466:5)
      at renderRootSync (node_modules/react-dom/cjs/react-dom.development.js:26434:7)
      at performConcurrentWorkOnRoot (node_modules/react-dom/cjs/react-dom.development.js:25738:74)
      at flushActQueue (node_modules/react/cjs/react.development.js:2667:24)
      at act (node_modules/react/cjs/react.development.js:2582:11)
      at node_modules/@testing-library/react/dist/act-compat.js:46:25
      at Object.eventWrapper (node_modules/@testing-library/react/dist/pure.js:92:28)
      at Object.wrapEvent (node_modules/@testing-library/user-event/dist/cjs/event/wrapEvent.js:29:24)
      at Object.dispatchEvent (node_modules/@testing-library/user-event/dist/cjs/event/dispatchEvent.js:47:22)
      at Object.dispatchUIEvent (node_modules/@testing-library/user-event/dist/cjs/event/dispatchEvent.js:24:26)
      at Mouse.up (node_modules/@testing-library/user-event/dist/cjs/system/pointer/mouse.js:104:30)
      at PointerHost.release (node_modules/@testing-library/user-event/dist/cjs/system/pointer/index.js:86:28)
      at pointerAction (node_modules/@testing-library/user-event/dist/cjs/pointer/index.js:62:47)
      at Object.pointer (node_modules/@testing-library/user-event/dist/cjs/pointer/index.js:35:9)
      at Object.asyncWrapper (node_modules/@testing-library/react/dist/pure.js:73:22)
      at Object.<anonymous> (src/components/contentstack/ContentStackGallery/ContentStackGallery.spec.tsx:58:5)

    console.warn
      Image with src "/cld-sample-3" and "layout='fill'" has unused properties assigned. Please remove "width" and "height".

      56 |       name: content.cta_label,
      57 |     });
    > 58 |     await userEvent.click(openGalleryCTA);
         |     ^
      59 |     expect(
      60 |       screen.getByRole("heading", {
      61 |         name: /imageGallery.title/i,

      at warn (node_modules/next/src/shared/lib/utils/warn-once.ts:6:15)
      at Image (node_modules/next/src/client/legacy/image.tsx:814:17)
      at renderWithHooks (node_modules/react-dom/cjs/react-dom.development.js:16305:18)
      at mountIndeterminateComponent (node_modules/react-dom/cjs/react-dom.development.js:20074:13)
      at beginWork (node_modules/react-dom/cjs/react-dom.development.js:21587:16)
      at beginWork$1 (node_modules/react-dom/cjs/react-dom.development.js:27426:14)
      at performUnitOfWork (node_modules/react-dom/cjs/react-dom.development.js:26560:12)
      at workLoopSync (node_modules/react-dom/cjs/react-dom.development.js:26466:5)
      at renderRootSync (node_modules/react-dom/cjs/react-dom.development.js:26434:7)
      at performConcurrentWorkOnRoot (node_modules/react-dom/cjs/react-dom.development.js:25738:74)
      at flushActQueue (node_modules/react/cjs/react.development.js:2667:24)
      at act (node_modules/react/cjs/react.development.js:2582:11)
      at node_modules/@testing-library/react/dist/act-compat.js:46:25
      at Object.eventWrapper (node_modules/@testing-library/react/dist/pure.js:92:28)
      at Object.wrapEvent (node_modules/@testing-library/user-event/dist/cjs/event/wrapEvent.js:29:24)
      at Object.dispatchEvent (node_modules/@testing-library/user-event/dist/cjs/event/dispatchEvent.js:47:22)
      at Object.dispatchUIEvent (node_modules/@testing-library/user-event/dist/cjs/event/dispatchEvent.js:24:26)
      at Mouse.up (node_modules/@testing-library/user-event/dist/cjs/system/pointer/mouse.js:104:30)
      at PointerHost.release (node_modules/@testing-library/user-event/dist/cjs/system/pointer/index.js:86:28)
      at pointerAction (node_modules/@testing-library/user-event/dist/cjs/pointer/index.js:62:47)
      at Object.pointer (node_modules/@testing-library/user-event/dist/cjs/pointer/index.js:35:9)
      at Object.asyncWrapper (node_modules/@testing-library/react/dist/pure.js:73:22)
      at Object.<anonymous> (src/components/contentstack/ContentStackGallery/ContentStackGallery.spec.tsx:58:5)

    console.warn
      Swiper Loop Warning: The number of slides is not enough for loop mode, it will be disabled or not function properly. You need to add more slides (or make duplicates) or lower the values of slidesPerView and slidesPerGroup parameters

      56 |       name: content.cta_label,
      57 |     });
    > 58 |     await userEvent.click(openGalleryCTA);
         |     ^
      59 |     expect(
      60 |       screen.getByRole("heading", {
      61 |         name: /imageGallery.title/i,

      at Object.HTMLSlotElement [as v] (node_modules/@metrolinx/cx-shared/node_modules/swiper/shared/utils.mjs:197:26)
      at G.loopFix (node_modules/@metrolinx/cx-shared/node_modules/swiper/shared/swiper-core.mjs:1922:17)
      at G.slideTo [as loopCreate] (node_modules/@metrolinx/cx-shared/node_modules/swiper/shared/swiper-core.mjs:1861:17)
      at G.swiper [as init] (node_modules/@metrolinx/cx-shared/node_modules/swiper/shared/swiper-core.mjs:3811:9)
      at Object.enabled [as m] (node_modules/@metrolinx/cx-shared/node_modules/swiper/shared/update-on-virtual-data.mjs:114:112)
      at swiperRef (node_modules/@metrolinx/cx-shared/node_modules/swiper/swiper-react.mjs:239:15)
      at commitHookEffectListMount (node_modules/react-dom/cjs/react-dom.development.js:23150:26)
      at commitLayoutEffectOnFiber (node_modules/react-dom/cjs/react-dom.development.js:23273:15)
      at commitLayoutMountEffects_complete (node_modules/react-dom/cjs/react-dom.development.js:24688:9)
      at commitLayoutEffects_begin (node_modules/react-dom/cjs/react-dom.development.js:24674:7)
      at commitLayoutEffects (node_modules/react-dom/cjs/react-dom.development.js:24612:3)
      at commitRootImpl (node_modules/react-dom/cjs/react-dom.development.js:26823:5)
      at commitRoot (node_modules/react-dom/cjs/react-dom.development.js:26682:5)
      at finishConcurrentRender (node_modules/react-dom/cjs/react-dom.development.js:25981:9)
      at performConcurrentWorkOnRoot (node_modules/react-dom/cjs/react-dom.development.js:25809:7)
      at flushActQueue (node_modules/react/cjs/react.development.js:2667:24)
      at act (node_modules/react/cjs/react.development.js:2582:11)
      at node_modules/@testing-library/react/dist/act-compat.js:46:25
      at Object.eventWrapper (node_modules/@testing-library/react/dist/pure.js:92:28)
      at Object.wrapEvent (node_modules/@testing-library/user-event/dist/cjs/event/wrapEvent.js:29:24)
      at Object.dispatchEvent (node_modules/@testing-library/user-event/dist/cjs/event/dispatchEvent.js:47:22)
      at Object.dispatchUIEvent (node_modules/@testing-library/user-event/dist/cjs/event/dispatchEvent.js:24:26)
      at Mouse.up (node_modules/@testing-library/user-event/dist/cjs/system/pointer/mouse.js:104:30)
      at PointerHost.release (node_modules/@testing-library/user-event/dist/cjs/system/pointer/index.js:86:28)
      at pointerAction (node_modules/@testing-library/user-event/dist/cjs/pointer/index.js:62:47)
      at Object.pointer (node_modules/@testing-library/user-event/dist/cjs/pointer/index.js:35:9)
      at Object.asyncWrapper (node_modules/@testing-library/react/dist/pure.js:73:22)
      at Object.<anonymous> (src/components/contentstack/ContentStackGallery/ContentStackGallery.spec.tsx:58:5)

    console.error
      Warning: Encountered two children with the same key, `.$`. Keys should be unique so that components maintain their identity across updates. Non-unique keys may cause children to be duplicated and/or omitted — the behavior is unsupported and could change in a future version.
          at div
          at div
          at useRef (/home/bradleyjerome/projects/metrolinx/next.metrolinx.com/node_modules/@metrolinx/cx-shared/node_modules/swiper/swiper-react.mjs:144:21)
          at div
          at div
          at div
          at div
          at children (/home/bradleyjerome/projects/metrolinx/next.metrolinx.com/node_modules/@metrolinx/cx-shared/node_modules/react-focus-lock/dist/es2015/Lock.js:20:24)
          at current (/home/bradleyjerome/projects/metrolinx/next.metrolinx.com/node_modules/@metrolinx/cx-shared/src/components/Portal/Portal.tsx:14:9)
          at modalHeadStyles (/home/bradleyjerome/projects/metrolinx/next.metrolinx.com/node_modules/@metrolinx/cx-shared/src/components/LegacyModal/LegacyModal.tsx:42:17)
          at modalPrevSlideAriaLabel (/home/bradleyjerome/projects/metrolinx/next.metrolinx.com/node_modules/@metrolinx/cx-shared/src/components/Gallery/GalleryWithModal.tsx:51:3)
          at GalleryWithThumbnails (/home/bradleyjerome/projects/metrolinx/next.metrolinx.com/node_modules/@metrolinx/cx-shared/src/components/Gallery/Gallery.tsx:26:10)
          at contentKey (/home/bradleyjerome/projects/metrolinx/next.metrolinx.com/src/components/contentstack/ContentStackGallery/ContentStackGallery.tsx:13:39)
          at children (/home/bradleyjerome/projects/metrolinx/next.metrolinx.com/src/components/contentstack/ContentStackGallery/ContentStackGallery.spec.tsx:17:22)

      69 |       name: content.cta_label,
      70 |     });
    > 71 |     await userEvent.click(openGalleryCTA);
         |     ^
      72 |
      73 |     expect(screen.getAllByTestId("fallback-image").length).toBeGreaterThan(0);
      74 |   });

      at printWarning (node_modules/react-dom/cjs/react-dom.development.js:86:30)
      at error (node_modules/react-dom/cjs/react-dom.development.js:60:7)
      at warnOnInvalidKey (node_modules/react-dom/cjs/react-dom.development.js:15293:11)
      at reconcileChildrenArray (node_modules/react-dom/cjs/react-dom.development.js:15330:21)
      at reconcileChildFibers (node_modules/react-dom/cjs/react-dom.development.js:15821:16)
      at reconcileChildren (node_modules/react-dom/cjs/react-dom.development.js:19167:28)
      at updateFragment (node_modules/react-dom/cjs/react-dom.development.js:19514:3)
      at beginWork (node_modules/react-dom/cjs/react-dom.development.js:21640:14)
      at beginWork$1 (node_modules/react-dom/cjs/react-dom.development.js:27426:14)
      at performUnitOfWork (node_modules/react-dom/cjs/react-dom.development.js:26560:12)
      at workLoopSync (node_modules/react-dom/cjs/react-dom.development.js:26466:5)
      at renderRootSync (node_modules/react-dom/cjs/react-dom.development.js:26434:7)
      at performConcurrentWorkOnRoot (node_modules/react-dom/cjs/react-dom.development.js:25738:74)
      at flushActQueue (node_modules/react/cjs/react.development.js:2667:24)
      at act (node_modules/react/cjs/react.development.js:2582:11)
      at node_modules/@testing-library/react/dist/act-compat.js:46:25
      at Object.eventWrapper (node_modules/@testing-library/react/dist/pure.js:92:28)
      at Object.wrapEvent (node_modules/@testing-library/user-event/dist/cjs/event/wrapEvent.js:29:24)
      at Object.dispatchEvent (node_modules/@testing-library/user-event/dist/cjs/event/dispatchEvent.js:47:22)
      at Object.dispatchUIEvent (node_modules/@testing-library/user-event/dist/cjs/event/dispatchEvent.js:24:26)
      at Mouse.up (node_modules/@testing-library/user-event/dist/cjs/system/pointer/mouse.js:104:30)
      at PointerHost.release (node_modules/@testing-library/user-event/dist/cjs/system/pointer/index.js:86:28)
      at pointerAction (node_modules/@testing-library/user-event/dist/cjs/pointer/index.js:62:47)
      at Object.pointer (node_modules/@testing-library/user-event/dist/cjs/pointer/index.js:35:9)
      at Object.asyncWrapper (node_modules/@testing-library/react/dist/pure.js:73:22)
      at Object.<anonymous> (src/components/contentstack/ContentStackGallery/ContentStackGallery.spec.tsx:71:5)

    console.error
      Warning: Encountered two children with the same key, `.$`. Keys should be unique so that components maintain their identity across updates. Non-unique keys may cause children to be duplicated and/or omitted — the behavior is unsupported and could change in a future version.
          at div
          at div
          at useRef (/home/bradleyjerome/projects/metrolinx/next.metrolinx.com/node_modules/@metrolinx/cx-shared/node_modules/swiper/swiper-react.mjs:144:21)
          at div
          at div
          at div
          at div
          at children (/home/bradleyjerome/projects/metrolinx/next.metrolinx.com/node_modules/@metrolinx/cx-shared/node_modules/react-focus-lock/dist/es2015/Lock.js:20:24)
          at current (/home/bradleyjerome/projects/metrolinx/next.metrolinx.com/node_modules/@metrolinx/cx-shared/src/components/Portal/Portal.tsx:14:9)
          at modalHeadStyles (/home/bradleyjerome/projects/metrolinx/next.metrolinx.com/node_modules/@metrolinx/cx-shared/src/components/LegacyModal/LegacyModal.tsx:42:17)
          at modalPrevSlideAriaLabel (/home/bradleyjerome/projects/metrolinx/next.metrolinx.com/node_modules/@metrolinx/cx-shared/src/components/Gallery/GalleryWithModal.tsx:51:3)
          at GalleryWithThumbnails (/home/bradleyjerome/projects/metrolinx/next.metrolinx.com/node_modules/@metrolinx/cx-shared/src/components/Gallery/Gallery.tsx:26:10)
          at contentKey (/home/bradleyjerome/projects/metrolinx/next.metrolinx.com/src/components/contentstack/ContentStackGallery/ContentStackGallery.tsx:13:39)
          at children (/home/bradleyjerome/projects/metrolinx/next.metrolinx.com/src/components/contentstack/ContentStackGallery/ContentStackGallery.spec.tsx:17:22)

      69 |       name: content.cta_label,
      70 |     });
    > 71 |     await userEvent.click(openGalleryCTA);
         |     ^
      72 |
      73 |     expect(screen.getAllByTestId("fallback-image").length).toBeGreaterThan(0);
      74 |   });

      at printWarning (node_modules/react-dom/cjs/react-dom.development.js:86:30)
      at error (node_modules/react-dom/cjs/react-dom.development.js:60:7)
      at warnOnInvalidKey (node_modules/react-dom/cjs/react-dom.development.js:15293:11)
      at reconcileChildrenArray (node_modules/react-dom/cjs/react-dom.development.js:15330:21)
      at reconcileChildFibers (node_modules/react-dom/cjs/react-dom.development.js:15821:16)
      at reconcileChildren (node_modules/react-dom/cjs/react-dom.development.js:19174:28)
      at updateFragment (node_modules/react-dom/cjs/react-dom.development.js:19514:3)
      at beginWork (node_modules/react-dom/cjs/react-dom.development.js:21640:14)
      at beginWork$1 (node_modules/react-dom/cjs/react-dom.development.js:27426:14)
      at performUnitOfWork (node_modules/react-dom/cjs/react-dom.development.js:26560:12)
      at workLoopSync (node_modules/react-dom/cjs/react-dom.development.js:26466:5)
      at renderRootSync (node_modules/react-dom/cjs/react-dom.development.js:26434:7)
      at performSyncWorkOnRoot (node_modules/react-dom/cjs/react-dom.development.js:26085:20)
      at flushSyncCallbacks (node_modules/react-dom/cjs/react-dom.development.js:12042:22)
      at commitRootImpl (node_modules/react-dom/cjs/react-dom.development.js:26959:3)
      at commitRoot (node_modules/react-dom/cjs/react-dom.development.js:26682:5)
      at finishConcurrentRender (node_modules/react-dom/cjs/react-dom.development.js:25981:9)
      at performConcurrentWorkOnRoot (node_modules/react-dom/cjs/react-dom.development.js:25809:7)
      at flushActQueue (node_modules/react/cjs/react.development.js:2667:24)
      at act (node_modules/react/cjs/react.development.js:2582:11)
      at node_modules/@testing-library/react/dist/act-compat.js:46:25
      at Object.eventWrapper (node_modules/@testing-library/react/dist/pure.js:92:28)
      at Object.wrapEvent (node_modules/@testing-library/user-event/dist/cjs/event/wrapEvent.js:29:24)
      at Object.dispatchEvent (node_modules/@testing-library/user-event/dist/cjs/event/dispatchEvent.js:47:22)
      at Object.dispatchUIEvent (node_modules/@testing-library/user-event/dist/cjs/event/dispatchEvent.js:24:26)
      at Mouse.up (node_modules/@testing-library/user-event/dist/cjs/system/pointer/mouse.js:104:30)
      at PointerHost.release (node_modules/@testing-library/user-event/dist/cjs/system/pointer/index.js:86:28)
      at pointerAction (node_modules/@testing-library/user-event/dist/cjs/pointer/index.js:62:47)
      at Object.pointer (node_modules/@testing-library/user-event/dist/cjs/pointer/index.js:35:9)
      at Object.asyncWrapper (node_modules/@testing-library/react/dist/pure.js:73:22)
      at Object.<anonymous> (src/components/contentstack/ContentStackGallery/ContentStackGallery.spec.tsx:71:5)

PASS src/components/pages/ConstructionNoticePage/__tests__/ConstructionNoticeBody.spec.tsx
  ● Console

    console.warn
       [33m[1m⚠[22m[39m Runtime config is deprecated and will be removed in Next.js 16. Please remove the usage of "next/config" from your project.

      14 | // @ts-ignore
      15 | global.TextDecoder = TextDecoder;
    > 16 |
         | ^
      17 | // Make sure you can use "publicRuntimeConfig" within tests.
      18 | setConfig({ publicRuntimeConfig: (nextConfig as NextConfig).publicRuntimeConfig });
      19 |

      at node_modules/next/config.js:5:13
      at Object.<anonymous> (node_modules/next/config.js:12:3)
      at Object.<anonymous> (src/setupTests.ts:16:17)

    console.error
      Warning: Invalid DOM property `fill-rule`. Did you mean `fillRule`?
          at path
          at svg
          at className (/home/bradleyjerome/projects/metrolinx/next.metrolinx.com/src/components/svg/24/InstagramIcon.tsx:4:3)
          at div
          at div
          at div
          at div
          at div
          at bodyContent (/home/bradleyjerome/projects/metrolinx/next.metrolinx.com/src/components/pages/ConstructionNoticePage/ConstructionNoticeBody.tsx:27:42)

      35 |   contextValue = mockContextValue,
      36 | ) => {
    > 37 |   return render(
         |                ^
      38 |     <ContentstackContext.Provider value={contextValue}>
      39 |       <ConstructionNoticeBody {...props} />
      40 |     </ContentstackContext.Provider>,

      at printWarning (node_modules/react-dom/cjs/react-dom.development.js:86:30)
      at error (node_modules/react-dom/cjs/react-dom.development.js:60:7)
      at validateProperty$1 (node_modules/react-dom/cjs/react-dom.development.js:3749:9)
      at warnUnknownProperties (node_modules/react-dom/cjs/react-dom.development.js:3803:21)
      at validateProperties$2 (node_modules/react-dom/cjs/react-dom.development.js:3827:3)
      at validatePropertiesInDevelopment (node_modules/react-dom/cjs/react-dom.development.js:9541:5)
      at setInitialProperties (node_modules/react-dom/cjs/react-dom.development.js:9830:5)
      at finalizeInitialChildren (node_modules/react-dom/cjs/react-dom.development.js:10950:3)
      at completeWork (node_modules/react-dom/cjs/react-dom.development.js:22193:17)
      at completeUnitOfWork (node_modules/react-dom/cjs/react-dom.development.js:26593:16)
      at performUnitOfWork (node_modules/react-dom/cjs/react-dom.development.js:26568:5)
      at workLoopSync (node_modules/react-dom/cjs/react-dom.development.js:26466:5)
      at renderRootSync (node_modules/react-dom/cjs/react-dom.development.js:26434:7)
      at performConcurrentWorkOnRoot (node_modules/react-dom/cjs/react-dom.development.js:25738:74)
      at flushActQueue (node_modules/react/cjs/react.development.js:2667:24)
      at act (node_modules/react/cjs/react.development.js:2582:11)
      at node_modules/@testing-library/react/dist/act-compat.js:46:25
      at renderRoot (node_modules/@testing-library/react/dist/pure.js:161:26)
      at render (node_modules/@testing-library/react/dist/pure.js:247:10)
      at renderConstructionNoticeBody (src/components/pages/ConstructionNoticePage/__tests__/ConstructionNoticeBody.spec.tsx:37:16)
      at Object.renderConstructionNoticeBody (src/components/pages/ConstructionNoticePage/__tests__/ConstructionNoticeBody.spec.tsx:46:5)

    console.error
      Warning: Invalid DOM property `clip-rule`. Did you mean `clipRule`?
          at path
          at svg
          at className (/home/bradleyjerome/projects/metrolinx/next.metrolinx.com/src/components/svg/24/InstagramIcon.tsx:4:3)
          at div
          at div
          at div
          at div
          at div
          at bodyContent (/home/bradleyjerome/projects/metrolinx/next.metrolinx.com/src/components/pages/ConstructionNoticePage/ConstructionNoticeBody.tsx:27:42)

      35 |   contextValue = mockContextValue,
      36 | ) => {
    > 37 |   return render(
         |                ^
      38 |     <ContentstackContext.Provider value={contextValue}>
      39 |       <ConstructionNoticeBody {...props} />
      40 |     </ContentstackContext.Provider>,

      at printWarning (node_modules/react-dom/cjs/react-dom.development.js:86:30)
      at error (node_modules/react-dom/cjs/react-dom.development.js:60:7)
      at validateProperty$1 (node_modules/react-dom/cjs/react-dom.development.js:3749:9)
      at warnUnknownProperties (node_modules/react-dom/cjs/react-dom.development.js:3803:21)
      at validateProperties$2 (node_modules/react-dom/cjs/react-dom.development.js:3827:3)
      at validatePropertiesInDevelopment (node_modules/react-dom/cjs/react-dom.development.js:9541:5)
      at setInitialProperties (node_modules/react-dom/cjs/react-dom.development.js:9830:5)
      at finalizeInitialChildren (node_modules/react-dom/cjs/react-dom.development.js:10950:3)
      at completeWork (node_modules/react-dom/cjs/react-dom.development.js:22193:17)
      at completeUnitOfWork (node_modules/react-dom/cjs/react-dom.development.js:26593:16)
      at performUnitOfWork (node_modules/react-dom/cjs/react-dom.development.js:26568:5)
      at workLoopSync (node_modules/react-dom/cjs/react-dom.development.js:26466:5)
      at renderRootSync (node_modules/react-dom/cjs/react-dom.development.js:26434:7)
      at performConcurrentWorkOnRoot (node_modules/react-dom/cjs/react-dom.development.js:25738:74)
      at flushActQueue (node_modules/react/cjs/react.development.js:2667:24)
      at act (node_modules/react/cjs/react.development.js:2582:11)
      at node_modules/@testing-library/react/dist/act-compat.js:46:25
      at renderRoot (node_modules/@testing-library/react/dist/pure.js:161:26)
      at render (node_modules/@testing-library/react/dist/pure.js:247:10)
      at renderConstructionNoticeBody (src/components/pages/ConstructionNoticePage/__tests__/ConstructionNoticeBody.spec.tsx:37:16)
      at Object.renderConstructionNoticeBody (src/components/pages/ConstructionNoticePage/__tests__/ConstructionNoticeBody.spec.tsx:46:5)

PASS src/components/pages/SubscribeToEmailPage/__tests__/SubscribeToEmailPage.spec.tsx
  ● Console

    console.warn
       [33m[1m⚠[22m[39m Runtime config is deprecated and will be removed in Next.js 16. Please remove the usage of "next/config" from your project.

      14 | // @ts-ignore
      15 | global.TextDecoder = TextDecoder;
    > 16 |
         | ^
      17 | // Make sure you can use "publicRuntimeConfig" within tests.
      18 | setConfig({ publicRuntimeConfig: (nextConfig as NextConfig).publicRuntimeConfig });
      19 |

      at node_modules/next/config.js:5:13
      at Object.<anonymous> (node_modules/next/config.js:12:3)
      at Object.<anonymous> (src/setupTests.ts:16:17)

    console.error
      Warning: React does not recognize the `fetchPriority` prop on a DOM element. If you intentionally want it to appear in the DOM as a custom attribute, spell it as lowercase `fetchpriority` instead. If you accidentally passed it from a parent component, remove it from the DOM element.
          at img
          at picture
          at div
          at div
          at title (/home/bradleyjerome/projects/metrolinx/next.metrolinx.com/src/components/HeroBanner/HeroBanner.tsx:39:3)
          at basePath (/home/bradleyjerome/projects/metrolinx/next.metrolinx.com/src/components/contentstack/ContentstackHeroBanner/ContentstackHeroBanner.tsx:29:3)
          at div
          at div
          at SubscribeToEmailPage (/home/bradleyjerome/projects/metrolinx/next.metrolinx.com/src/components/pages/SubscribeToEmailPage/SubscribeToEmailPage.tsx:37:41)
          at SessionProvider (/home/bradleyjerome/projects/metrolinx/next.metrolinx.com/node_modules/next-auth/react/index.js:364:24)

      28 |
      29 | const renderSignUpPage = () =>
    > 30 |   render(
         |         ^
      31 |     <SessionProvider session={null}>
      32 |       <ContentstackContext.Provider value={pageMock as IContentstackContext}>
      33 |         <SubscribeToEmailPage />

      at printWarning (node_modules/react-dom/cjs/react-dom.development.js:86:30)
      at error (node_modules/react-dom/cjs/react-dom.development.js:60:7)
      at validateProperty$1 (node_modules/react-dom/cjs/react-dom.development.js:3757:7)
      at warnUnknownProperties (node_modules/react-dom/cjs/react-dom.development.js:3803:21)
      at validateProperties$2 (node_modules/react-dom/cjs/react-dom.development.js:3827:3)
      at validatePropertiesInDevelopment (node_modules/react-dom/cjs/react-dom.development.js:9541:5)
      at setInitialProperties (node_modules/react-dom/cjs/react-dom.development.js:9830:5)
      at finalizeInitialChildren (node_modules/react-dom/cjs/react-dom.development.js:10950:3)
      at completeWork (node_modules/react-dom/cjs/react-dom.development.js:22193:17)
      at completeUnitOfWork (node_modules/react-dom/cjs/react-dom.development.js:26593:16)
      at performUnitOfWork (node_modules/react-dom/cjs/react-dom.development.js:26568:5)
      at workLoopSync (node_modules/react-dom/cjs/react-dom.development.js:26466:5)
      at renderRootSync (node_modules/react-dom/cjs/react-dom.development.js:26434:7)
      at performConcurrentWorkOnRoot (node_modules/react-dom/cjs/react-dom.development.js:25738:74)
      at flushActQueue (node_modules/react/cjs/react.development.js:2667:24)
      at act (node_modules/react/cjs/react.development.js:2582:11)
      at node_modules/@testing-library/react/dist/act-compat.js:46:25
      at renderRoot (node_modules/@testing-library/react/dist/pure.js:161:26)
      at render (node_modules/@testing-library/react/dist/pure.js:247:10)
      at renderSignUpPage (src/components/pages/SubscribeToEmailPage/__tests__/SubscribeToEmailPage.spec.tsx:30:9)
      at Object.renderSignUpPage (src/components/pages/SubscribeToEmailPage/__tests__/SubscribeToEmailPage.spec.tsx:51:5)

    console.error
      Error: Not implemented: window.scrollTo
          at scrollTo (src/components/pages/SubscribeToEmailPage/SubscribeToEmailSuccess.tsx:16:12) {
        type: 'not implemented'
      }

      14 |
      15 |   useEffect(() => {
    > 16 |     window.scrollTo({ top: 0, behavior: "smooth" });
         |            ^
      17 |   }, []);
      18 |
      19 |   return (

      at VirtualConsole.<anonymous> (node_modules/jest-environment-jsdom/build/index.js:63:23)
      at module.exports (node_modules/jsdom/lib/jsdom/browser/not-implemented.js:12:26)
      at node_modules/jsdom/lib/jsdom/browser/Window.js:870:7
      at scrollTo (src/components/pages/SubscribeToEmailPage/SubscribeToEmailSuccess.tsx:16:12)
      at commitHookEffectListMount (node_modules/react-dom/cjs/react-dom.development.js:23150:26)
      at commitPassiveMountOnFiber (node_modules/react-dom/cjs/react-dom.development.js:24931:11)
      at commitPassiveMountEffects_complete (node_modules/react-dom/cjs/react-dom.development.js:24891:9)
      at commitPassiveMountEffects_begin (node_modules/react-dom/cjs/react-dom.development.js:24878:7)
      at commitPassiveMountEffects (node_modules/react-dom/cjs/react-dom.development.js:24866:3)
      at flushPassiveEffectsImpl (node_modules/react-dom/cjs/react-dom.development.js:27039:3)
      at flushPassiveEffects (node_modules/react-dom/cjs/react-dom.development.js:26984:14)
      at commitRootImpl (node_modules/react-dom/cjs/react-dom.development.js:26935:5)
      at commitRoot (node_modules/react-dom/cjs/react-dom.development.js:26682:5)
      at performSyncWorkOnRoot (node_modules/react-dom/cjs/react-dom.development.js:26117:3)
      at flushSyncCallbacks (node_modules/react-dom/cjs/react-dom.development.js:12042:22)
      at node_modules/react-dom/cjs/react-dom.development.js:25651:13
      at invokeTheCallbackFunction (node_modules/jsdom/lib/jsdom/living/generated/Function.js:19:26)
      at node_modules/jsdom/lib/jsdom/browser/Window.js:554:9

PASS src/components/Header/__tests__/Header.spec.tsx
  ● Console

    console.warn
       [33m[1m⚠[22m[39m Runtime config is deprecated and will be removed in Next.js 16. Please remove the usage of "next/config" from your project.

      14 | // @ts-ignore
      15 | global.TextDecoder = TextDecoder;
    > 16 |
         | ^
      17 | // Make sure you can use "publicRuntimeConfig" within tests.
      18 | setConfig({ publicRuntimeConfig: (nextConfig as NextConfig).publicRuntimeConfig });
      19 |

      at node_modules/next/config.js:5:13
      at Object.<anonymous> (node_modules/next/config.js:12:3)
      at Object.<anonymous> (src/setupTests.ts:16:17)

PASS src/components/NewsListing/__tests__/NewsListingContainer.spec.tsx
  ● Console

    console.warn
       [33m[1m⚠[22m[39m Runtime config is deprecated and will be removed in Next.js 16. Please remove the usage of "next/config" from your project.

      14 | // @ts-ignore
      15 | global.TextDecoder = TextDecoder;
    > 16 |
         | ^
      17 | // Make sure you can use "publicRuntimeConfig" within tests.
      18 | setConfig({ publicRuntimeConfig: (nextConfig as NextConfig).publicRuntimeConfig });
      19 |

      at node_modules/next/config.js:5:13
      at Object.<anonymous> (node_modules/next/config.js:12:3)
      at Object.<anonymous> (src/setupTests.ts:16:17)

PASS src/components/Header/__tests__/DesktopNav.spec.tsx
  ● Console

    console.warn
       [33m[1m⚠[22m[39m Runtime config is deprecated and will be removed in Next.js 16. Please remove the usage of "next/config" from your project.

      14 | // @ts-ignore
      15 | global.TextDecoder = TextDecoder;
    > 16 |
         | ^
      17 | // Make sure you can use "publicRuntimeConfig" within tests.
      18 | setConfig({ publicRuntimeConfig: (nextConfig as NextConfig).publicRuntimeConfig });
      19 |

      at node_modules/next/config.js:5:13
      at Object.<anonymous> (node_modules/next/config.js:12:3)
      at Object.<anonymous> (src/setupTests.ts:16:17)

PASS src/components/Onboarding/__tests__/SubscriptionsFormContainer.spec.tsx
  ● Console

    console.warn
       [33m[1m⚠[22m[39m Runtime config is deprecated and will be removed in Next.js 16. Please remove the usage of "next/config" from your project.

      14 | // @ts-ignore
      15 | global.TextDecoder = TextDecoder;
    > 16 |
         | ^
      17 | // Make sure you can use "publicRuntimeConfig" within tests.
      18 | setConfig({ publicRuntimeConfig: (nextConfig as NextConfig).publicRuntimeConfig });
      19 |

      at node_modules/next/config.js:5:13
      at Object.<anonymous> (node_modules/next/config.js:12:3)
      at Object.<anonymous> (src/setupTests.ts:16:17)

PASS src/components/componentMappers/__tests__/NewsDetailsComponentMapper.spec.tsx
  ● Console

    console.warn
       [33m[1m⚠[22m[39m Runtime config is deprecated and will be removed in Next.js 16. Please remove the usage of "next/config" from your project.

      14 | // @ts-ignore
      15 | global.TextDecoder = TextDecoder;
    > 16 |
         | ^
      17 | // Make sure you can use "publicRuntimeConfig" within tests.
      18 | setConfig({ publicRuntimeConfig: (nextConfig as NextConfig).publicRuntimeConfig });
      19 |

      at node_modules/next/config.js:5:13
      at Object.<anonymous> (node_modules/next/config.js:12:3)
      at Object.<anonymous> (src/setupTests.ts:16:17)

{"level":50,"time":1787144245912,"pid":1662395,"hostname":"EPCATORW0499","err":{"type":"TypeError","message":"(0 , _useAd.onSignIn)(...) is not a function","stack":"TypeError: (0 , _useAd.onSignIn)(...) is not a function\n    at currentLocale (/home/bradleyjerome/projects/metrolinx/next.metrolinx.com/src/components/Header/TopBar/TopBar.tsx:204:33)\n    at HTMLUnknownElement.callCallback (/home/bradleyjerome/projects/metrolinx/next.metrolinx.com/node_modules/react-dom/cjs/react-dom.development.js:4164:14)\n    at HTMLUnknownElement.callTheUserObjectsOperation (/home/bradleyjerome/projects/metrolinx/next.metrolinx.com/node_modules/jsdom/lib/jsdom/living/generated/EventListener.js:26:30)\n    at innerInvokeEventListeners (/home/bradleyjerome/projects/metrolinx/next.metrolinx.com/node_modules/jsdom/lib/jsdom/living/events/EventTarget-impl.js:350:25)\n    at invokeEventListeners (/home/bradleyjerome/projects/metrolinx/next.metrolinx.com/node_modules/jsdom/lib/jsdom/living/events/EventTarget-impl.js:286:3)\n    at HTMLUnknownElementImpl._dispatch (/home/bradleyjerome/projects/metrolinx/next.metrolinx.com/node_modules/jsdom/lib/jsdom/living/events/EventTarget-impl.js:233:9)\n    at HTMLUnknownElementImpl.dispatchEvent (/home/bradleyjerome/projects/metrolinx/next.metrolinx.com/node_modules/jsdom/lib/jsdom/living/events/EventTarget-impl.js:104:17)\n    at HTMLUnknownElement.dispatchEvent (/home/bradleyjerome/projects/metrolinx/next.metrolinx.com/node_modules/jsdom/lib/jsdom/living/generated/EventTarget.js:241:34)\n    at Object.invokeGuardedCallbackDev (/home/bradleyjerome/projects/metrolinx/next.metrolinx.com/node_modules/react-dom/cjs/react-dom.development.js:4213:16)\n    at invokeGuardedCallback (/home/bradleyjerome/projects/metrolinx/next.metrolinx.com/node_modules/react-dom/cjs/react-dom.development.js:4277:31)\n    at invokeGuardedCallbackAndCatchFirstError (/home/bradleyjerome/projects/metrolinx/next.metrolinx.com/node_modules/react-dom/cjs/react-dom.development.js:4291:25)\n    at executeDispatch (/home/bradleyjerome/projects/metrolinx/next.metrolinx.com/node_modules/react-dom/cjs/react-dom.development.js:9041:3)\n    at processDispatchQueueItemsInOrder (/home/bradleyjerome/projects/metrolinx/next.metrolinx.com/node_modules/react-dom/cjs/react-dom.development.js:9073:7)\n    at processDispatchQueue (/home/bradleyjerome/projects/metrolinx/next.metrolinx.com/node_modules/react-dom/cjs/react-dom.development.js:9086:5)\n    at dispatchEventsForPlugins (/home/bradleyjerome/projects/metrolinx/next.metrolinx.com/node_modules/react-dom/cjs/react-dom.development.js:9097:3)\n    at /home/bradleyjerome/projects/metrolinx/next.metrolinx.com/node_modules/react-dom/cjs/react-dom.development.js:9288:12\n    at batchedUpdates$1 (/home/bradleyjerome/projects/metrolinx/next.metrolinx.com/node_modules/react-dom/cjs/react-dom.development.js:26140:12)\n    at batchedUpdates (/home/bradleyjerome/projects/metrolinx/next.metrolinx.com/node_modules/react-dom/cjs/react-dom.development.js:3991:12)\n    at dispatchEventForPluginEventSystem (/home/bradleyjerome/projects/metrolinx/next.metrolinx.com/node_modules/react-dom/cjs/react-dom.development.js:9287:3)\n    at dispatchEventWithEnableCapturePhaseSelectiveHydrationWithoutDiscreteEventReplay (/home/bradleyjerome/projects/metrolinx/next.metrolinx.com/node_modules/react-dom/cjs/react-dom.development.js:6465:5)\n    at dispatchEvent (/home/bradleyjerome/projects/metrolinx/next.metrolinx.com/node_modules/react-dom/cjs/react-dom.development.js:6457:5)\n    at dispatchDiscreteEvent (/home/bradleyjerome/projects/metrolinx/next.metrolinx.com/node_modules/react-dom/cjs/react-dom.development.js:6430:5)\n    at HTMLDivElement.callTheUserObjectsOperation (/home/bradleyjerome/projects/metrolinx/next.metrolinx.com/node_modules/jsdom/lib/jsdom/living/generated/EventListener.js:26:30)\n    at innerInvokeEventListeners (/home/bradleyjerome/projects/metrolinx/next.metrolinx.com/node_modules/jsdom/lib/jsdom/living/events/EventTarget-impl.js:350:25)\n    at invokeEventListeners (/home/bradleyjerome/projects/metrolinx/next.metrolinx.com/node_modules/jsdom/lib/jsdom/living/events/EventTarget-impl.js:286:3)\n    at HTMLButtonElementImpl._dispatch (/home/bradleyjerome/projects/metrolinx/next.metrolinx.com/node_modules/jsdom/lib/jsdom/living/events/EventTarget-impl.js:233:9)\n    at HTMLButtonElementImpl.dispatchEvent (/home/bradleyjerome/projects/metrolinx/next.metrolinx.com/node_modules/jsdom/lib/jsdom/living/events/EventTarget-impl.js:104:17)\n    at HTMLButtonElement.dispatchEvent (/home/bradleyjerome/projects/metrolinx/next.metrolinx.com/node_modules/jsdom/lib/jsdom/living/generated/EventTarget.js:241:34)\n    at /home/bradleyjerome/projects/metrolinx/next.metrolinx.com/node_modules/@testing-library/dom/dist/events.js:19:20\n    at /home/bradleyjerome/projects/metrolinx/next.metrolinx.com/node_modules/@testing-library/react/dist/pure.js:93:16\n    at /home/bradleyjerome/projects/metrolinx/next.metrolinx.com/node_modules/@testing-library/react/dist/act-compat.js:47:24\n    at act (/home/bradleyjerome/projects/metrolinx/next.metrolinx.com/node_modules/react/cjs/react.development.js:2512:16)\n    at /home/bradleyjerome/projects/metrolinx/next.metrolinx.com/node_modules/@testing-library/react/dist/act-compat.js:46:25\n    at Object.eventWrapper (/home/bradleyjerome/projects/metrolinx/next.metrolinx.com/node_modules/@testing-library/react/dist/pure.js:92:28)\n    at fireEvent (/home/bradleyjerome/projects/metrolinx/next.metrolinx.com/node_modules/@testing-library/dom/dist/events.js:12:35)\n    at fireEvent.<computed> [as click] (/home/bradleyjerome/projects/metrolinx/next.metrolinx.com/node_modules/@testing-library/dom/dist/events.js:110:36)\n    at fireEvent.<computed> [as click] (/home/bradleyjerome/projects/metrolinx/next.metrolinx.com/node_modules/@testing-library/react/dist/fire-event.js:15:52)\n    at click (/home/bradleyjerome/projects/metrolinx/next.metrolinx.com/src/components/Header/__tests__/Header.spec.tsx:89:15)\n    at /home/bradleyjerome/projects/metrolinx/next.metrolinx.com/node_modules/@testing-library/react/dist/act-compat.js:47:24\n    at act (/home/bradleyjerome/projects/metrolinx/next.metrolinx.com/node_modules/react/cjs/react.development.js:2512:16)\n    at /home/bradleyjerome/projects/metrolinx/next.metrolinx.com/node_modules/@testing-library/react/dist/act-compat.js:46:25\n    at Object.<anonymous> (/home/bradleyjerome/projects/metrolinx/next.metrolinx.com/src/components/Header/__tests__/Header.spec.tsx:88:6)\n    at Promise.then.completed (/home/bradleyjerome/projects/metrolinx/next.metrolinx.com/node_modules/jest-circus/build/utils.js:298:28)\n    at new Promise (<anonymous>)\n    at callAsyncCircusFn (/home/bradleyjerome/projects/metrolinx/next.metrolinx.com/node_modules/jest-circus/build/utils.js:231:10)\n    at _callCircusTest (/home/bradleyjerome/projects/metrolinx/next.metrolinx.com/node_modules/jest-circus/build/run.js:316:40)\n    at _runTest (/home/bradleyjerome/projects/metrolinx/next.metrolinx.com/node_modules/jest-circus/build/run.js:252:3)\n    at _runTestsForDescribeBlock (/home/bradleyjerome/projects/metrolinx/next.metrolinx.com/node_modules/jest-circus/build/run.js:126:9)\n    at run (/home/bradleyjerome/projects/metrolinx/next.metrolinx.com/node_modules/jest-circus/build/run.js:71:3)\n    at runAndTransformResultsToJestFormat (/home/bradleyjerome/projects/metrolinx/next.metrolinx.com/node_modules/jest-circus/build/legacy-code-todo-rewrite/jestAdapterInit.js:122:21)\n    at jestAdapter (/home/bradleyjerome/projects/metrolinx/next.metrolinx.com/node_modules/jest-circus/build/legacy-code-todo-rewrite/jestAdapter.js:79:19)\n    at runTestInternal (/home/bradleyjerome/projects/metrolinx/next.metrolinx.com/node_modules/jest-runner/build/runTest.js:367:16)\n    at runTest (/home/bradleyjerome/projects/metrolinx/next.metrolinx.com/node_modules/jest-runner/build/runTest.js:444:34)\n    at Object.worker (/home/bradleyjerome/projects/metrolinx/next.metrolinx.com/node_modules/jest-runner/build/testWorker.js:106:12)"},"msg":"Error while directing user to Sign in page"}
{"level":50,"time":1787144245987,"pid":1662434,"hostname":"EPCATORW0499","msg":"Something went wrong..."}
PASS src/components/HeroBanner/__tests__/HeroBanner.spec.tsx
  ● Console

    console.warn
       [33m[1m⚠[22m[39m Runtime config is deprecated and will be removed in Next.js 16. Please remove the usage of "next/config" from your project.

      14 | // @ts-ignore
      15 | global.TextDecoder = TextDecoder;
    > 16 |
         | ^
      17 | // Make sure you can use "publicRuntimeConfig" within tests.
      18 | setConfig({ publicRuntimeConfig: (nextConfig as NextConfig).publicRuntimeConfig });
      19 |

      at node_modules/next/config.js:5:13
      at Object.<anonymous> (node_modules/next/config.js:12:3)
      at Object.<anonymous> (src/setupTests.ts:16:17)

    console.error
      Warning: React does not recognize the `fetchPriority` prop on a DOM element. If you intentionally want it to appear in the DOM as a custom attribute, spell it as lowercase `fetchpriority` instead. If you accidentally passed it from a parent component, remove it from the DOM element.
          at img
          at picture
          at div
          at div
          at title (/home/bradleyjerome/projects/metrolinx/next.metrolinx.com/src/components/HeroBanner/HeroBanner.tsx:39:3)

      13 | describe("HeroBanner", () => {
      14 |   it("should render", () => {
    > 15 |     const { getByTestId, getAllByTestId } = render(
         |                                                   ^
      16 |       <HeroBanner
      17 |         {...props}
      18 |         heroCTALinks={[

      at printWarning (node_modules/react-dom/cjs/react-dom.development.js:86:30)
      at error (node_modules/react-dom/cjs/react-dom.development.js:60:7)
      at validateProperty$1 (node_modules/react-dom/cjs/react-dom.development.js:3757:7)
      at warnUnknownProperties (node_modules/react-dom/cjs/react-dom.development.js:3803:21)
      at validateProperties$2 (node_modules/react-dom/cjs/react-dom.development.js:3827:3)
      at validatePropertiesInDevelopment (node_modules/react-dom/cjs/react-dom.development.js:9541:5)
      at setInitialProperties (node_modules/react-dom/cjs/react-dom.development.js:9830:5)
      at finalizeInitialChildren (node_modules/react-dom/cjs/react-dom.development.js:10950:3)
      at completeWork (node_modules/react-dom/cjs/react-dom.development.js:22193:17)
      at completeUnitOfWork (node_modules/react-dom/cjs/react-dom.development.js:26593:16)
      at performUnitOfWork (node_modules/react-dom/cjs/react-dom.development.js:26568:5)
      at workLoopSync (node_modules/react-dom/cjs/react-dom.development.js:26466:5)
      at renderRootSync (node_modules/react-dom/cjs/react-dom.development.js:26434:7)
      at performConcurrentWorkOnRoot (node_modules/react-dom/cjs/react-dom.development.js:25738:74)
      at flushActQueue (node_modules/react/cjs/react.development.js:2667:24)
      at act (node_modules/react/cjs/react.development.js:2582:11)
      at node_modules/@testing-library/react/dist/act-compat.js:46:25
      at renderRoot (node_modules/@testing-library/react/dist/pure.js:161:26)
      at render (node_modules/@testing-library/react/dist/pure.js:247:10)
      at Object.<anonymous> (src/components/HeroBanner/__tests__/HeroBanner.spec.tsx:15:51)

PASS src/components/ParseHtmlString/__tests__/ParseHtmlString.spec.tsx
  ● Console

    console.warn
       [33m[1m⚠[22m[39m Runtime config is deprecated and will be removed in Next.js 16. Please remove the usage of "next/config" from your project.

      14 | // @ts-ignore
      15 | global.TextDecoder = TextDecoder;
    > 16 |
         | ^
      17 | // Make sure you can use "publicRuntimeConfig" within tests.
      18 | setConfig({ publicRuntimeConfig: (nextConfig as NextConfig).publicRuntimeConfig });
      19 |

      at node_modules/next/config.js:5:13
      at Object.<anonymous> (node_modules/next/config.js:12:3)
      at Object.<anonymous> (src/setupTests.ts:16:17)

PASS src/components/Header/__tests__/MobileNav.spec.tsx
  ● Console

    console.warn
       [33m[1m⚠[22m[39m Runtime config is deprecated and will be removed in Next.js 16. Please remove the usage of "next/config" from your project.

      14 | // @ts-ignore
      15 | global.TextDecoder = TextDecoder;
    > 16 |
         | ^
      17 | // Make sure you can use "publicRuntimeConfig" within tests.
      18 | setConfig({ publicRuntimeConfig: (nextConfig as NextConfig).publicRuntimeConfig });
      19 |

      at node_modules/next/config.js:5:13
      at Object.<anonymous> (node_modules/next/config.js:12:3)
      at Object.<anonymous> (src/setupTests.ts:16:17)

{"level":50,"time":1787144246357,"pid":1662413,"hostname":"EPCATORW0499","msg":"Something went wrong..."}
PASS src/components/pages/__tests__/ProjectsSearchResults.spec.tsx
  ● Console

    console.warn
       [33m[1m⚠[22m[39m Runtime config is deprecated and will be removed in Next.js 16. Please remove the usage of "next/config" from your project.

      14 | // @ts-ignore
      15 | global.TextDecoder = TextDecoder;
    > 16 |
         | ^
      17 | // Make sure you can use "publicRuntimeConfig" within tests.
      18 | setConfig({ publicRuntimeConfig: (nextConfig as NextConfig).publicRuntimeConfig });
      19 |

      at node_modules/next/config.js:5:13
      at Object.<anonymous> (node_modules/next/config.js:12:3)
      at Object.<anonymous> (src/setupTests.ts:16:17)

    console.error
      Warning: You provided a `checked` prop to a form field without an `onChange` handler. This will render a read-only field. If the field should be mutable use `defaultChecked`. Otherwise, set either `onChange` or `readOnly`.
          at input
          at span
          at label
          at dataTestId (/home/bradleyjerome/projects/metrolinx/next.metrolinx.com/node_modules/@metrolinx/cx-shared/src/components/Switcher/Switcher.tsx:34:3)
          at div
          at div
          at section
          at div
          at div
          at div
          at div
          at page (/home/bradleyjerome/projects/metrolinx/next.metrolinx.com/src/components/pages/ProjectsSearchResults.tsx:37:74)
          at SessionProvider (/home/bradleyjerome/projects/metrolinx/next.metrolinx.com/node_modules/next-auth/react/index.js:364:24)

      44 |
      45 | const renderProjectsSearchResultsPage = () =>
    > 46 |   render(
         |         ^
      47 |     <SessionProvider session={null} refetchInterval={5 * 60} refetchOnWindowFocus={true}>
      48 |       <ProjectsSearchResults page={searchResultsContent as unknown as [IContentstackPage]} />
      49 |     </SessionProvider>,

      at printWarning (node_modules/react-dom/cjs/react-dom.development.js:86:30)
      at error (node_modules/react-dom/cjs/react-dom.development.js:60:7)
      at checkControlledValueProps (node_modules/react-dom/cjs/react-dom.development.js:1596:7)
      at initWrapperState (node_modules/react-dom/cjs/react-dom.development.js:1775:5)
      at setInitialProperties (node_modules/react-dom/cjs/react-dom.development.js:9888:7)
      at finalizeInitialChildren (node_modules/react-dom/cjs/react-dom.development.js:10950:3)
      at completeWork (node_modules/react-dom/cjs/react-dom.development.js:22193:17)
      at completeUnitOfWork (node_modules/react-dom/cjs/react-dom.development.js:26593:16)
      at performUnitOfWork (node_modules/react-dom/cjs/react-dom.development.js:26568:5)
      at workLoopSync (node_modules/react-dom/cjs/react-dom.development.js:26466:5)
      at renderRootSync (node_modules/react-dom/cjs/react-dom.development.js:26434:7)
      at performConcurrentWorkOnRoot (node_modules/react-dom/cjs/react-dom.development.js:25738:74)
      at flushActQueue (node_modules/react/cjs/react.development.js:2667:24)
      at act (node_modules/react/cjs/react.development.js:2582:11)
      at node_modules/@testing-library/react/dist/act-compat.js:46:25
      at renderRoot (node_modules/@testing-library/react/dist/pure.js:161:26)
      at render (node_modules/@testing-library/react/dist/pure.js:247:10)
      at renderProjectsSearchResultsPage (src/components/pages/__tests__/ProjectsSearchResults.spec.tsx:46:9)
      at Object.renderProjectsSearchResultsPage (src/components/pages/__tests__/ProjectsSearchResults.spec.tsx:72:27)

{"level":50,"time":1787144246466,"pid":1662413,"hostname":"EPCATORW0499","err":{"type":"Error","message":"Something went wrong, failed to subscribe.","stack":"Error: Something went wrong, failed to subscribe.\n    at onSubscribe (/home/bradleyjerome/projects/metrolinx/next.metrolinx.com/src/components/pages/SubscribeToEmailPage/SubscribeToEmailFormContainer.tsx:40:15)\n    at isSubmitted (/home/bradleyjerome/projects/metrolinx/next.metrolinx.com/node_modules/react-hook-form/src/logic/createFormControl.ts:1166:9)"},"msg":"Something went wrong, failed to subscribe."}
PASS src/components/MobileOnPageNavigation/MobileOnPageNavigation.spec.tsx
  ● Console

    console.warn
       [33m[1m⚠[22m[39m Runtime config is deprecated and will be removed in Next.js 16. Please remove the usage of "next/config" from your project.

      14 | // @ts-ignore
      15 | global.TextDecoder = TextDecoder;
    > 16 |
         | ^
      17 | // Make sure you can use "publicRuntimeConfig" within tests.
      18 | setConfig({ publicRuntimeConfig: (nextConfig as NextConfig).publicRuntimeConfig });
      19 |

      at node_modules/next/config.js:5:13
      at Object.<anonymous> (node_modules/next/config.js:12:3)
      at Object.<anonymous> (src/setupTests.ts:16:17)

PASS src/components/pages/SubscribeToEmailPage/__tests__/SubscribeToEmailFormContainer.spec.tsx
  ● Console

    console.warn
       [33m[1m⚠[22m[39m Runtime config is deprecated and will be removed in Next.js 16. Please remove the usage of "next/config" from your project.

      14 | // @ts-ignore
      15 | global.TextDecoder = TextDecoder;
    > 16 |
         | ^
      17 | // Make sure you can use "publicRuntimeConfig" within tests.
      18 | setConfig({ publicRuntimeConfig: (nextConfig as NextConfig).publicRuntimeConfig });
      19 |

      at node_modules/next/config.js:5:13
      at Object.<anonymous> (node_modules/next/config.js:12:3)
      at Object.<anonymous> (src/setupTests.ts:16:17)

PASS src/components/SubscriptionsFormFields/__tests__/ProjectsProgramsUpdatesAccordions.spec.tsx
  ● Console

    console.warn
       [33m[1m⚠[22m[39m Runtime config is deprecated and will be removed in Next.js 16. Please remove the usage of "next/config" from your project.

      14 | // @ts-ignore
      15 | global.TextDecoder = TextDecoder;
    > 16 |
         | ^
      17 | // Make sure you can use "publicRuntimeConfig" within tests.
      18 | setConfig({ publicRuntimeConfig: (nextConfig as NextConfig).publicRuntimeConfig });
      19 |

      at node_modules/next/config.js:5:13
      at Object.<anonymous> (node_modules/next/config.js:12:3)
      at Object.<anonymous> (src/setupTests.ts:16:17)

PASS src/components/pages/__tests__/NewsSearchResultsPage.spec.tsx
  ● Console

    console.warn
       [33m[1m⚠[22m[39m Runtime config is deprecated and will be removed in Next.js 16. Please remove the usage of "next/config" from your project.

      14 | // @ts-ignore
      15 | global.TextDecoder = TextDecoder;
    > 16 |
         | ^
      17 | // Make sure you can use "publicRuntimeConfig" within tests.
      18 | setConfig({ publicRuntimeConfig: (nextConfig as NextConfig).publicRuntimeConfig });
      19 |

      at node_modules/next/config.js:5:13
      at Object.<anonymous> (node_modules/next/config.js:12:3)
      at Object.<anonymous> (src/setupTests.ts:16:17)

PASS src/components/ArcGisMap/__tests__/ArcGisMap.spec.tsx
  ● Console

    console.warn
       [33m[1m⚠[22m[39m Runtime config is deprecated and will be removed in Next.js 16. Please remove the usage of "next/config" from your project.

      14 | // @ts-ignore
      15 | global.TextDecoder = TextDecoder;
    > 16 |
         | ^
      17 | // Make sure you can use "publicRuntimeConfig" within tests.
      18 | setConfig({ publicRuntimeConfig: (nextConfig as NextConfig).publicRuntimeConfig });
      19 |

      at node_modules/next/config.js:5:13
      at Object.<anonymous> (node_modules/next/config.js:12:3)
      at Object.<anonymous> (src/setupTests.ts:16:17)

PASS src/components/SubscriptionsFormFields/__tests__/SubscriptionsFormFields.spec.tsx
  ● Console

    console.warn
       [33m[1m⚠[22m[39m Runtime config is deprecated and will be removed in Next.js 16. Please remove the usage of "next/config" from your project.

      14 | // @ts-ignore
      15 | global.TextDecoder = TextDecoder;
    > 16 |
         | ^
      17 | // Make sure you can use "publicRuntimeConfig" within tests.
      18 | setConfig({ publicRuntimeConfig: (nextConfig as NextConfig).publicRuntimeConfig });
      19 |

      at node_modules/next/config.js:5:13
      at Object.<anonymous> (node_modules/next/config.js:12:3)
      at Object.<anonymous> (src/setupTests.ts:16:17)

    console.error
      Warning: An update to ProjectsProgramsUpdatesAccordions inside a test was not wrapped in act(...).
      
      When testing, code that causes React state updates should be wrapped into act(...):
      
      act(() => {
        /* fire events that update state */
      });
      /* assert on the output */
      
      This ensures that you're testing the behavior the user would see in the browser. Learn more at https://reactjs.org/link/wrap-tests-with-act
          at regions (/home/bradleyjerome/projects/metrolinx/next.metrolinx.com/src/components/SubscriptionsFormFields/ProjectsProgramsUpdatesAccordions.tsx:49:3)
          at div
          at SubscriptionsFormFields (/home/bradleyjerome/projects/metrolinx/next.metrolinx.com/src/components/SubscriptionsFormFields/SubscriptionsFormFields.tsx:50:12)
          at Object.<anonymous>.exports.FormProvider (/home/bradleyjerome/projects/metrolinx/next.metrolinx.com/node_modules/react-hook-form/src/useFormContext.tsx:90:5)
          at children (/home/bradleyjerome/projects/metrolinx/next.metrolinx.com/src/components/pages/ManageAccountPage/SubscriptionsFormProvider.tsx:25:45)

      at printWarning (node_modules/react-dom/cjs/react-dom.development.js:86:30)
      at error (node_modules/react-dom/cjs/react-dom.development.js:60:7)
      at warnIfUpdatesNotWrappedWithActDEV (node_modules/react-dom/cjs/react-dom.development.js:27589:9)
      at scheduleUpdateOnFiber (node_modules/react-dom/cjs/react-dom.development.js:25508:5)
      at dispatchSetState (node_modules/react-dom/cjs/react-dom.development.js:17527:7)
      at Object.current [as next] (node_modules/react-hook-form/src/useFormState.ts:92:26)
      at Object.isPrimitive [as next] (node_modules/react-hook-form/src/utils/isPrimitive.ts:6:1)
      at errors (node_modules/react-hook-form/src/logic/createFormControl.ts:855:26)

PASS src/components/Onboarding/__tests__/SubscriptionsForm.spec.tsx
  ● Console

    console.warn
       [33m[1m⚠[22m[39m Runtime config is deprecated and will be removed in Next.js 16. Please remove the usage of "next/config" from your project.

      14 | // @ts-ignore
      15 | global.TextDecoder = TextDecoder;
    > 16 |
         | ^
      17 | // Make sure you can use "publicRuntimeConfig" within tests.
      18 | setConfig({ publicRuntimeConfig: (nextConfig as NextConfig).publicRuntimeConfig });
      19 |

      at node_modules/next/config.js:5:13
      at Object.<anonymous> (node_modules/next/config.js:12:3)
      at Object.<anonymous> (src/setupTests.ts:16:17)

PASS src/components/TravelExpensesReportsFilters/__tests__/TravelExpensesReportsFilters.spec.tsx
  ● Console

    console.warn
       [33m[1m⚠[22m[39m Runtime config is deprecated and will be removed in Next.js 16. Please remove the usage of "next/config" from your project.

      14 | // @ts-ignore
      15 | global.TextDecoder = TextDecoder;
    > 16 |
         | ^
      17 | // Make sure you can use "publicRuntimeConfig" within tests.
      18 | setConfig({ publicRuntimeConfig: (nextConfig as NextConfig).publicRuntimeConfig });
      19 |

      at node_modules/next/config.js:5:13
      at Object.<anonymous> (node_modules/next/config.js:12:3)
      at Object.<anonymous> (src/setupTests.ts:16:17)

PASS src/components/LeaveContainer/LeaveContainer.spec.tsx
  ● Console

    console.warn
       [33m[1m⚠[22m[39m Runtime config is deprecated and will be removed in Next.js 16. Please remove the usage of "next/config" from your project.

      14 | // @ts-ignore
      15 | global.TextDecoder = TextDecoder;
    > 16 |
         | ^
      17 | // Make sure you can use "publicRuntimeConfig" within tests.
      18 | setConfig({ publicRuntimeConfig: (nextConfig as NextConfig).publicRuntimeConfig });
      19 |

      at node_modules/next/config.js:5:13
      at Object.<anonymous> (node_modules/next/config.js:12:3)
      at Object.<anonymous> (src/setupTests.ts:16:17)

PASS src/components/Podcast/Podcast.spec.tsx
  ● Console

    console.warn
       [33m[1m⚠[22m[39m Runtime config is deprecated and will be removed in Next.js 16. Please remove the usage of "next/config" from your project.

      14 | // @ts-ignore
      15 | global.TextDecoder = TextDecoder;
    > 16 |
         | ^
      17 | // Make sure you can use "publicRuntimeConfig" within tests.
      18 | setConfig({ publicRuntimeConfig: (nextConfig as NextConfig).publicRuntimeConfig });
      19 |

      at node_modules/next/config.js:5:13
      at Object.<anonymous> (node_modules/next/config.js:12:3)
      at Object.<anonymous> (src/setupTests.ts:16:17)

PASS src/components/SearchWidget/SearchWidget.spec.tsx
  ● Console

    console.warn
       [33m[1m⚠[22m[39m Runtime config is deprecated and will be removed in Next.js 16. Please remove the usage of "next/config" from your project.

      14 | // @ts-ignore
      15 | global.TextDecoder = TextDecoder;
    > 16 |
         | ^
      17 | // Make sure you can use "publicRuntimeConfig" within tests.
      18 | setConfig({ publicRuntimeConfig: (nextConfig as NextConfig).publicRuntimeConfig });
      19 |

      at node_modules/next/config.js:5:13
      at Object.<anonymous> (node_modules/next/config.js:12:3)
      at Object.<anonymous> (src/setupTests.ts:16:17)

PASS src/__tests__/pages/api/v1/_news-articles.test.ts
  ● Console

    console.warn
       [33m[1m⚠[22m[39m Runtime config is deprecated and will be removed in Next.js 16. Please remove the usage of "next/config" from your project.

      14 | // @ts-ignore
      15 | global.TextDecoder = TextDecoder;
    > 16 |
         | ^
      17 | // Make sure you can use "publicRuntimeConfig" within tests.
      18 | setConfig({ publicRuntimeConfig: (nextConfig as NextConfig).publicRuntimeConfig });
      19 |

      at node_modules/next/config.js:5:13
      at Object.<anonymous> (node_modules/next/config.js:12:3)
      at Object.<anonymous> (src/setupTests.ts:16:17)

PASS src/components/DetailedExpenseReportFlyOut/DetailedExpenseReportFlyOut.spec.tsx
  ● Console

    console.warn
       [33m[1m⚠[22m[39m Runtime config is deprecated and will be removed in Next.js 16. Please remove the usage of "next/config" from your project.

      14 | // @ts-ignore
      15 | global.TextDecoder = TextDecoder;
    > 16 |
         | ^
      17 | // Make sure you can use "publicRuntimeConfig" within tests.
      18 | setConfig({ publicRuntimeConfig: (nextConfig as NextConfig).publicRuntimeConfig });
      19 |

      at node_modules/next/config.js:5:13
      at Object.<anonymous> (node_modules/next/config.js:12:3)
      at Object.<anonymous> (src/setupTests.ts:16:17)

PASS src/components/InfoCard/__tests__/InfoCard.spec.tsx
  ● Console

    console.warn
       [33m[1m⚠[22m[39m Runtime config is deprecated and will be removed in Next.js 16. Please remove the usage of "next/config" from your project.

      14 | // @ts-ignore
      15 | global.TextDecoder = TextDecoder;
    > 16 |
         | ^
      17 | // Make sure you can use "publicRuntimeConfig" within tests.
      18 | setConfig({ publicRuntimeConfig: (nextConfig as NextConfig).publicRuntimeConfig });
      19 |

      at node_modules/next/config.js:5:13
      at Object.<anonymous> (node_modules/next/config.js:12:3)
      at Object.<anonymous> (src/setupTests.ts:16:17)

PASS src/components/pages/__tests__/ConstructionNoticePage.spec.tsx
  ● Console

    console.warn
       [33m[1m⚠[22m[39m Runtime config is deprecated and will be removed in Next.js 16. Please remove the usage of "next/config" from your project.

      14 | // @ts-ignore
      15 | global.TextDecoder = TextDecoder;
    > 16 |
         | ^
      17 | // Make sure you can use "publicRuntimeConfig" within tests.
      18 | setConfig({ publicRuntimeConfig: (nextConfig as NextConfig).publicRuntimeConfig });
      19 |

      at node_modules/next/config.js:5:13
      at Object.<anonymous> (node_modules/next/config.js:12:3)
      at Object.<anonymous> (src/setupTests.ts:16:17)

PASS src/components/DataRows/__tests__/DataRows.spec.tsx
  ● Console

    console.warn
       [33m[1m⚠[22m[39m Runtime config is deprecated and will be removed in Next.js 16. Please remove the usage of "next/config" from your project.

      14 | // @ts-ignore
      15 | global.TextDecoder = TextDecoder;
    > 16 |
         | ^
      17 | // Make sure you can use "publicRuntimeConfig" within tests.
      18 | setConfig({ publicRuntimeConfig: (nextConfig as NextConfig).publicRuntimeConfig });
      19 |

      at node_modules/next/config.js:5:13
      at Object.<anonymous> (node_modules/next/config.js:12:3)
      at Object.<anonymous> (src/setupTests.ts:16:17)

PASS src/components/pages/__tests__/NewsLandingPage.spec.tsx
  ● Console

    console.warn
       [33m[1m⚠[22m[39m Runtime config is deprecated and will be removed in Next.js 16. Please remove the usage of "next/config" from your project.

      14 | // @ts-ignore
      15 | global.TextDecoder = TextDecoder;
    > 16 |
         | ^
      17 | // Make sure you can use "publicRuntimeConfig" within tests.
      18 | setConfig({ publicRuntimeConfig: (nextConfig as NextConfig).publicRuntimeConfig });
      19 |

      at node_modules/next/config.js:5:13
      at Object.<anonymous> (node_modules/next/config.js:12:3)
      at Object.<anonymous> (src/setupTests.ts:16:17)

PASS src/__tests__/pages/api/v1/query/_search-2.test.ts
  ● Console

    console.warn
       [33m[1m⚠[22m[39m Runtime config is deprecated and will be removed in Next.js 16. Please remove the usage of "next/config" from your project.

      14 | // @ts-ignore
      15 | global.TextDecoder = TextDecoder;
    > 16 |
         | ^
      17 | // Make sure you can use "publicRuntimeConfig" within tests.
      18 | setConfig({ publicRuntimeConfig: (nextConfig as NextConfig).publicRuntimeConfig });
      19 |

      at node_modules/next/config.js:5:13
      at Object.<anonymous> (node_modules/next/config.js:12:3)
      at Object.<anonymous> (src/setupTests.ts:16:17)

PASS src/components/SearchFacets/SearchFacets.spec.tsx
  ● Console

    console.warn
       [33m[1m⚠[22m[39m Runtime config is deprecated and will be removed in Next.js 16. Please remove the usage of "next/config" from your project.

      14 | // @ts-ignore
      15 | global.TextDecoder = TextDecoder;
    > 16 |
         | ^
      17 | // Make sure you can use "publicRuntimeConfig" within tests.
      18 | setConfig({ publicRuntimeConfig: (nextConfig as NextConfig).publicRuntimeConfig });
      19 |

      at node_modules/next/config.js:5:13
      at Object.<anonymous> (node_modules/next/config.js:12:3)
      at Object.<anonymous> (src/setupTests.ts:16:17)

PASS src/components/NewsListing/__tests__/NewsListing.spec.tsx
  ● Console

    console.warn
       [33m[1m⚠[22m[39m Runtime config is deprecated and will be removed in Next.js 16. Please remove the usage of "next/config" from your project.

      14 | // @ts-ignore
      15 | global.TextDecoder = TextDecoder;
    > 16 |
         | ^
      17 | // Make sure you can use "publicRuntimeConfig" within tests.
      18 | setConfig({ publicRuntimeConfig: (nextConfig as NextConfig).publicRuntimeConfig });
      19 |

      at node_modules/next/config.js:5:13
      at Object.<anonymous> (node_modules/next/config.js:12:3)
      at Object.<anonymous> (src/setupTests.ts:16:17)

PASS src/components/ParseHtmlString/__tests__/ParseHtmlString.security.test.tsx
  ● Console

    console.warn
       [33m[1m⚠[22m[39m Runtime config is deprecated and will be removed in Next.js 16. Please remove the usage of "next/config" from your project.

      14 | // @ts-ignore
      15 | global.TextDecoder = TextDecoder;
    > 16 |
         | ^
      17 | // Make sure you can use "publicRuntimeConfig" within tests.
      18 | setConfig({ publicRuntimeConfig: (nextConfig as NextConfig).publicRuntimeConfig });
      19 |

      at node_modules/next/config.js:5:13
      at Object.<anonymous> (node_modules/next/config.js:12:3)
      at Object.<anonymous> (src/setupTests.ts:16:17)

PASS src/components/SubscriptionPrompt/__tests__/SubscriptionPrompt.spec.tsx
  ● Console

    console.warn
       [33m[1m⚠[22m[39m Runtime config is deprecated and will be removed in Next.js 16. Please remove the usage of "next/config" from your project.

      14 | // @ts-ignore
      15 | global.TextDecoder = TextDecoder;
    > 16 |
         | ^
      17 | // Make sure you can use "publicRuntimeConfig" within tests.
      18 | setConfig({ publicRuntimeConfig: (nextConfig as NextConfig).publicRuntimeConfig });
      19 |

      at node_modules/next/config.js:5:13
      at Object.<anonymous> (node_modules/next/config.js:12:3)
      at Object.<anonymous> (src/setupTests.ts:16:17)

{"level":50,"time":1787144247473,"pid":1662422,"hostname":"EPCATORW0499","err":{"type":"TypeError","message":"Cannot read properties of undefined (reading 'Symbol(Symbol.asyncIterator)')","stack":"TypeError: Cannot read properties of undefined (reading 'Symbol(Symbol.asyncIterator)')\n    at results (/home/bradleyjerome/projects/metrolinx/next.metrolinx.com/src/pages/api/v1/query/search.ts:82:38)\n    at processTicksAndRejections (node:internal/process/task_queues:104:5)\n    at Object.<anonymous> (/home/bradleyjerome/projects/metrolinx/next.metrolinx.com/src/__tests__/pages/api/v1/query/_search-2.test.ts:65:5)"},"msg":"Cannot read properties of undefined (reading 'Symbol(Symbol.asyncIterator)')"}
PASS src/components/ColorCard/__tests__/ColorCard.spec.tsx
  ● Console

    console.warn
       [33m[1m⚠[22m[39m Runtime config is deprecated and will be removed in Next.js 16. Please remove the usage of "next/config" from your project.

      14 | // @ts-ignore
      15 | global.TextDecoder = TextDecoder;
    > 16 |
         | ^
      17 | // Make sure you can use "publicRuntimeConfig" within tests.
      18 | setConfig({ publicRuntimeConfig: (nextConfig as NextConfig).publicRuntimeConfig });
      19 |

      at node_modules/next/config.js:5:13
      at Object.<anonymous> (node_modules/next/config.js:12:3)
      at Object.<anonymous> (src/setupTests.ts:16:17)

PASS src/__tests__/pages/api/v1/_autocomplete.test.ts
  ● Console

    console.warn
       [33m[1m⚠[22m[39m Runtime config is deprecated and will be removed in Next.js 16. Please remove the usage of "next/config" from your project.

      14 | // @ts-ignore
      15 | global.TextDecoder = TextDecoder;
    > 16 |
         | ^
      17 | // Make sure you can use "publicRuntimeConfig" within tests.
      18 | setConfig({ publicRuntimeConfig: (nextConfig as NextConfig).publicRuntimeConfig });
      19 |

      at node_modules/next/config.js:5:13
      at Object.<anonymous> (node_modules/next/config.js:12:3)
      at Object.<anonymous> (src/setupTests.ts:16:17)

PASS src/__tests__/pages/api/v1/query/_search.test.ts
  ● Console

    console.warn
       [33m[1m⚠[22m[39m Runtime config is deprecated and will be removed in Next.js 16. Please remove the usage of "next/config" from your project.

      14 | // @ts-ignore
      15 | global.TextDecoder = TextDecoder;
    > 16 |
         | ^
      17 | // Make sure you can use "publicRuntimeConfig" within tests.
      18 | setConfig({ publicRuntimeConfig: (nextConfig as NextConfig).publicRuntimeConfig });
      19 |

      at node_modules/next/config.js:5:13
      at Object.<anonymous> (node_modules/next/config.js:12:3)
      at Object.<anonymous> (src/setupTests.ts:16:17)

PASS src/components/ArcGisMap/__tests__/ArcGisMapContainer.spec.tsx
  ● Console

    console.warn
       [33m[1m⚠[22m[39m Runtime config is deprecated and will be removed in Next.js 16. Please remove the usage of "next/config" from your project.

      14 | // @ts-ignore
      15 | global.TextDecoder = TextDecoder;
    > 16 |
         | ^
      17 | // Make sure you can use "publicRuntimeConfig" within tests.
      18 | setConfig({ publicRuntimeConfig: (nextConfig as NextConfig).publicRuntimeConfig });
      19 |

      at node_modules/next/config.js:5:13
      at Object.<anonymous> (node_modules/next/config.js:12:3)
      at Object.<anonymous> (src/setupTests.ts:16:17)

PASS src/components/pages/__tests__/ProjectDetailsPage.spec.tsx (6.319 s)
  ● Console

    console.warn
       [33m[1m⚠[22m[39m Runtime config is deprecated and will be removed in Next.js 16. Please remove the usage of "next/config" from your project.

      14 | // @ts-ignore
      15 | global.TextDecoder = TextDecoder;
    > 16 |
         | ^
      17 | // Make sure you can use "publicRuntimeConfig" within tests.
      18 | setConfig({ publicRuntimeConfig: (nextConfig as NextConfig).publicRuntimeConfig });
      19 |

      at node_modules/next/config.js:5:13
      at Object.<anonymous> (node_modules/next/config.js:12:3)
      at Object.<anonymous> (src/setupTests.ts:16:17)

{"level":50,"time":1787144247603,"pid":1662414,"hostname":"EPCATORW0499","status":405,"message":"Only GET method(-s) allowed","response":{}}
{"level":50,"time":1787144247599,"pid":1662434,"hostname":"EPCATORW0499","err":{"type":"TypeError","message":"Cannot read properties of undefined (reading 'results')","stack":"TypeError: Cannot read properties of undefined (reading 'results')\n    at results (/home/bradleyjerome/projects/metrolinx/next.metrolinx.com/src/pages/api/v1/query/search.ts:82:38)\n    at processTicksAndRejections (node:internal/process/task_queues:104:5)\n    at Object.<anonymous> (/home/bradleyjerome/projects/metrolinx/next.metrolinx.com/src/__tests__/pages/api/v1/query/_search.test.ts:48:5)"},"msg":"Cannot read properties of undefined (reading 'results')"}
{"level":50,"time":1787144247622,"pid":1662434,"hostname":"EPCATORW0499","err":{"type":"TypeError","message":"Cannot read properties of undefined (reading 'results')","stack":"TypeError: Cannot read properties of undefined (reading 'results')\n    at results (/home/bradleyjerome/projects/metrolinx/next.metrolinx.com/src/pages/api/v1/query/search.ts:82:38)\n    at processTicksAndRejections (node:internal/process/task_queues:104:5)\n    at /home/bradleyjerome/projects/metrolinx/next.metrolinx.com/src/__tests__/pages/api/v1/query/_search.test.ts:99:5"},"msg":"Cannot read properties of undefined (reading 'results')"}
{"level":50,"time":1787144247624,"pid":1662434,"hostname":"EPCATORW0499","err":{"type":"TypeError","message":"Cannot read properties of undefined (reading 'results')","stack":"TypeError: Cannot read properties of undefined (reading 'results')\n    at results (/home/bradleyjerome/projects/metrolinx/next.metrolinx.com/src/pages/api/v1/query/search.ts:82:38)\n    at processTicksAndRejections (node:internal/process/task_queues:104:5)\n    at /home/bradleyjerome/projects/metrolinx/next.metrolinx.com/src/__tests__/pages/api/v1/query/_search.test.ts:99:5"},"msg":"Cannot read properties of undefined (reading 'results')"}
{"level":50,"time":1787144247628,"pid":1662434,"hostname":"EPCATORW0499","err":{"type":"TypeError","message":"Cannot read properties of undefined (reading 'results')","stack":"TypeError: Cannot read properties of undefined (reading 'results')\n    at results (/home/bradleyjerome/projects/metrolinx/next.metrolinx.com/src/pages/api/v1/query/search.ts:82:38)\n    at processTicksAndRejections (node:internal/process/task_queues:104:5)\n    at /home/bradleyjerome/projects/metrolinx/next.metrolinx.com/src/__tests__/pages/api/v1/query/_search.test.ts:99:5"},"msg":"Cannot read properties of undefined (reading 'results')"}
PASS src/components/SubscriptionsFormFields/__tests__/CheckBoxListField.spec.tsx
  ● Console

    console.warn
       [33m[1m⚠[22m[39m Runtime config is deprecated and will be removed in Next.js 16. Please remove the usage of "next/config" from your project.

      14 | // @ts-ignore
      15 | global.TextDecoder = TextDecoder;
    > 16 |
         | ^
      17 | // Make sure you can use "publicRuntimeConfig" within tests.
      18 | setConfig({ publicRuntimeConfig: (nextConfig as NextConfig).publicRuntimeConfig });
      19 |

      at node_modules/next/config.js:5:13
      at Object.<anonymous> (node_modules/next/config.js:12:3)
      at Object.<anonymous> (src/setupTests.ts:16:17)

PASS src/utils/__tests__/luhn.spec.ts
  ● Console

    console.warn
       [33m[1m⚠[22m[39m Runtime config is deprecated and will be removed in Next.js 16. Please remove the usage of "next/config" from your project.

      14 | // @ts-ignore
      15 | global.TextDecoder = TextDecoder;
    > 16 |
         | ^
      17 | // Make sure you can use "publicRuntimeConfig" within tests.
      18 | setConfig({ publicRuntimeConfig: (nextConfig as NextConfig).publicRuntimeConfig });
      19 |

      at node_modules/next/config.js:5:13
      at Object.<anonymous> (node_modules/next/config.js:12:3)
      at Object.<anonymous> (src/setupTests.ts:16:17)

PASS src/components/Timeline/__tests__/Timeline.spec.tsx
  ● Console

    console.warn
       [33m[1m⚠[22m[39m Runtime config is deprecated and will be removed in Next.js 16. Please remove the usage of "next/config" from your project.

      14 | // @ts-ignore
      15 | global.TextDecoder = TextDecoder;
    > 16 |
         | ^
      17 | // Make sure you can use "publicRuntimeConfig" within tests.
      18 | setConfig({ publicRuntimeConfig: (nextConfig as NextConfig).publicRuntimeConfig });
      19 |

      at node_modules/next/config.js:5:13
      at Object.<anonymous> (node_modules/next/config.js:12:3)
      at Object.<anonymous> (src/setupTests.ts:16:17)

PASS src/utils/date/__tests__/getDateInISOFormat.spec.ts
  ● Console

    console.warn
       [33m[1m⚠[22m[39m Runtime config is deprecated and will be removed in Next.js 16. Please remove the usage of "next/config" from your project.

      14 | // @ts-ignore
      15 | global.TextDecoder = TextDecoder;
    > 16 |
         | ^
      17 | // Make sure you can use "publicRuntimeConfig" within tests.
      18 | setConfig({ publicRuntimeConfig: (nextConfig as NextConfig).publicRuntimeConfig });
      19 |

      at node_modules/next/config.js:5:13
      at Object.<anonymous> (node_modules/next/config.js:12:3)
      at Object.<anonymous> (src/setupTests.ts:16:17)

PASS src/components/RelatedProjects/__tests__/RelatedProjects.spec.tsx
  ● Console

    console.warn
       [33m[1m⚠[22m[39m Runtime config is deprecated and will be removed in Next.js 16. Please remove the usage of "next/config" from your project.

      14 | // @ts-ignore
      15 | global.TextDecoder = TextDecoder;
    > 16 |
         | ^
      17 | // Make sure you can use "publicRuntimeConfig" within tests.
      18 | setConfig({ publicRuntimeConfig: (nextConfig as NextConfig).publicRuntimeConfig });
      19 |

      at node_modules/next/config.js:5:13
      at Object.<anonymous> (node_modules/next/config.js:12:3)
      at Object.<anonymous> (src/setupTests.ts:16:17)

PASS src/hooks/__tests__/useNewsArticlesSWR.spec.tsx
  ● Console

    console.warn
       [33m[1m⚠[22m[39m Runtime config is deprecated and will be removed in Next.js 16. Please remove the usage of "next/config" from your project.

      14 | // @ts-ignore
      15 | global.TextDecoder = TextDecoder;
    > 16 |
         | ^
      17 | // Make sure you can use "publicRuntimeConfig" within tests.
      18 | setConfig({ publicRuntimeConfig: (nextConfig as NextConfig).publicRuntimeConfig });
      19 |

      at node_modules/next/config.js:5:13
      at Object.<anonymous> (node_modules/next/config.js:12:3)
      at Object.<anonymous> (src/setupTests.ts:16:17)

PASS src/components/ButtonWithIcon/ButtonWithIcon.spec.tsx
  ● Console

    console.warn
       [33m[1m⚠[22m[39m Runtime config is deprecated and will be removed in Next.js 16. Please remove the usage of "next/config" from your project.

      14 | // @ts-ignore
      15 | global.TextDecoder = TextDecoder;
    > 16 |
         | ^
      17 | // Make sure you can use "publicRuntimeConfig" within tests.
      18 | setConfig({ publicRuntimeConfig: (nextConfig as NextConfig).publicRuntimeConfig });
      19 |

      at node_modules/next/config.js:5:13
      at Object.<anonymous> (node_modules/next/config.js:12:3)
      at Object.<anonymous> (src/setupTests.ts:16:17)

PASS src/components/ClickthroughMap/__tests__/MapPoint.spec.tsx
  ● Console

    console.warn
       [33m[1m⚠[22m[39m Runtime config is deprecated and will be removed in Next.js 16. Please remove the usage of "next/config" from your project.

      14 | // @ts-ignore
      15 | global.TextDecoder = TextDecoder;
    > 16 |
         | ^
      17 | // Make sure you can use "publicRuntimeConfig" within tests.
      18 | setConfig({ publicRuntimeConfig: (nextConfig as NextConfig).publicRuntimeConfig });
      19 |

      at node_modules/next/config.js:5:13
      at Object.<anonymous> (node_modules/next/config.js:12:3)
      at Object.<anonymous> (src/setupTests.ts:16:17)

PASS src/api/utils/__tests__/__search.test.ts
  ● Console

    console.warn
       [33m[1m⚠[22m[39m Runtime config is deprecated and will be removed in Next.js 16. Please remove the usage of "next/config" from your project.

      14 | // @ts-ignore
      15 | global.TextDecoder = TextDecoder;
    > 16 |
         | ^
      17 | // Make sure you can use "publicRuntimeConfig" within tests.
      18 | setConfig({ publicRuntimeConfig: (nextConfig as NextConfig).publicRuntimeConfig });
      19 |

      at node_modules/next/config.js:5:13
      at Object.<anonymous> (node_modules/next/config.js:12:3)
      at Object.<anonymous> (src/setupTests.ts:16:17)

PASS src/components/LinkedProjects/LinkedProjects.spec.tsx
  ● Console

    console.warn
       [33m[1m⚠[22m[39m Runtime config is deprecated and will be removed in Next.js 16. Please remove the usage of "next/config" from your project.

      14 | // @ts-ignore
      15 | global.TextDecoder = TextDecoder;
    > 16 |
         | ^
      17 | // Make sure you can use "publicRuntimeConfig" within tests.
      18 | setConfig({ publicRuntimeConfig: (nextConfig as NextConfig).publicRuntimeConfig });
      19 |

      at node_modules/next/config.js:5:13
      at Object.<anonymous> (node_modules/next/config.js:12:3)
      at Object.<anonymous> (src/setupTests.ts:16:17)

    console.error
      Warning: Each child in a list should have a unique "key" prop.
      
      Check the render method of `LinkedProjects`. See https://reactjs.org/link/warning-keys for more information.
          at li
          at LinkedProjects (/home/bradleyjerome/projects/metrolinx/next.metrolinx.com/src/components/LinkedProjects/LinkedProjects.tsx:12:46)

      27 |             {t("linkedProjectsHeading")}
      28 |           </h3>
    > 29 |           <ul className="flex flex-wrap gap-x-16 gap-y-24 justify-center lg:justify-start">
         |           ^
      30 |             {projects.map((project) => (
      31 |               <li key={project.uid}>
      32 |                 <ContentCard

      at printWarning (node_modules/react/cjs/react-jsx-runtime.development.js:87:30)
      at error (node_modules/react/cjs/react-jsx-runtime.development.js:61:7)
      at validateExplicitKey (node_modules/react/cjs/react-jsx-runtime.development.js:1078:5)
      at validateChildKeys (node_modules/react/cjs/react-jsx-runtime.development.js:1105:11)
      at jsxWithValidation (node_modules/react/cjs/react-jsx-runtime.development.js:1276:11)
      at jsxWithValidationDynamic (node_modules/react/cjs/react-jsx-runtime.development.js:1301:12)
      at LinkedProjects (src/components/LinkedProjects/LinkedProjects.tsx:29:11)
      at renderWithHooks (node_modules/react-dom/cjs/react-dom.development.js:16305:18)
      at mountIndeterminateComponent (node_modules/react-dom/cjs/react-dom.development.js:20074:13)
      at beginWork (node_modules/react-dom/cjs/react-dom.development.js:21587:16)
      at beginWork$1 (node_modules/react-dom/cjs/react-dom.development.js:27426:14)
      at performUnitOfWork (node_modules/react-dom/cjs/react-dom.development.js:26560:12)
      at workLoopSync (node_modules/react-dom/cjs/react-dom.development.js:26466:5)
      at renderRootSync (node_modules/react-dom/cjs/react-dom.development.js:26434:7)
      at performConcurrentWorkOnRoot (node_modules/react-dom/cjs/react-dom.development.js:25738:74)
      at flushActQueue (node_modules/react/cjs/react.development.js:2667:24)
      at act (node_modules/react/cjs/react.development.js:2582:11)
      at node_modules/@testing-library/react/dist/act-compat.js:46:25
      at renderRoot (node_modules/@testing-library/react/dist/pure.js:161:26)
      at render (node_modules/@testing-library/react/dist/pure.js:247:10)
      at Object.<anonymous> (src/components/LinkedProjects/LinkedProjects.spec.tsx:29:33)

PASS src/components/SearchPageAutoSuggest/SearchPageAutoSuggest.spec.tsx
  ● Console

    console.warn
       [33m[1m⚠[22m[39m Runtime config is deprecated and will be removed in Next.js 16. Please remove the usage of "next/config" from your project.

      14 | // @ts-ignore
      15 | global.TextDecoder = TextDecoder;
    > 16 |
         | ^
      17 | // Make sure you can use "publicRuntimeConfig" within tests.
      18 | setConfig({ publicRuntimeConfig: (nextConfig as NextConfig).publicRuntimeConfig });
      19 |

      at node_modules/next/config.js:5:13
      at Object.<anonymous> (node_modules/next/config.js:12:3)
      at Object.<anonymous> (src/setupTests.ts:16:17)

PASS src/components/BrandRibbon/__tests__/BrandRibbon.spec.tsx
  ● Console

    console.warn
       [33m[1m⚠[22m[39m Runtime config is deprecated and will be removed in Next.js 16. Please remove the usage of "next/config" from your project.

      14 | // @ts-ignore
      15 | global.TextDecoder = TextDecoder;
    > 16 |
         | ^
      17 | // Make sure you can use "publicRuntimeConfig" within tests.
      18 | setConfig({ publicRuntimeConfig: (nextConfig as NextConfig).publicRuntimeConfig });
      19 |

      at node_modules/next/config.js:5:13
      at Object.<anonymous> (node_modules/next/config.js:12:3)
      at Object.<anonymous> (src/setupTests.ts:16:17)

PASS src/components/componentMappers/__tests__/EventPageComponentMapper.spec.tsx
  ● Console

    console.warn
       [33m[1m⚠[22m[39m Runtime config is deprecated and will be removed in Next.js 16. Please remove the usage of "next/config" from your project.

      14 | // @ts-ignore
      15 | global.TextDecoder = TextDecoder;
    > 16 |
         | ^
      17 | // Make sure you can use "publicRuntimeConfig" within tests.
      18 | setConfig({ publicRuntimeConfig: (nextConfig as NextConfig).publicRuntimeConfig });
      19 |

      at node_modules/next/config.js:5:13
      at Object.<anonymous> (node_modules/next/config.js:12:3)
      at Object.<anonymous> (src/setupTests.ts:16:17)

PASS src/components/Dropdown/__tests__/DropdownList.spec.tsx
  ● Console

    console.warn
       [33m[1m⚠[22m[39m Runtime config is deprecated and will be removed in Next.js 16. Please remove the usage of "next/config" from your project.

      14 | // @ts-ignore
      15 | global.TextDecoder = TextDecoder;
    > 16 |
         | ^
      17 | // Make sure you can use "publicRuntimeConfig" within tests.
      18 | setConfig({ publicRuntimeConfig: (nextConfig as NextConfig).publicRuntimeConfig });
      19 |

      at node_modules/next/config.js:5:13
      at Object.<anonymous> (node_modules/next/config.js:12:3)
      at Object.<anonymous> (src/setupTests.ts:16:17)

PASS src/hooks/__tests__/useSearchAutosuggest.spec.ts
  ● Console

    console.warn
       [33m[1m⚠[22m[39m Runtime config is deprecated and will be removed in Next.js 16. Please remove the usage of "next/config" from your project.

      14 | // @ts-ignore
      15 | global.TextDecoder = TextDecoder;
    > 16 |
         | ^
      17 | // Make sure you can use "publicRuntimeConfig" within tests.
      18 | setConfig({ publicRuntimeConfig: (nextConfig as NextConfig).publicRuntimeConfig });
      19 |

      at node_modules/next/config.js:5:13
      at Object.<anonymous> (node_modules/next/config.js:12:3)
      at Object.<anonymous> (src/setupTests.ts:16:17)

{"level":50,"time":1787144247607,"pid":1662414,"hostname":"EPCATORW0499","status":500,"message":"_search.default.addSearchHeaders is not a function","response":{}}
PASS src/__tests__/pages/api/v1/_asset-categories.test.ts
  ● Console

    console.warn
       [33m[1m⚠[22m[39m Runtime config is deprecated and will be removed in Next.js 16. Please remove the usage of "next/config" from your project.

      14 | // @ts-ignore
      15 | global.TextDecoder = TextDecoder;
    > 16 |
         | ^
      17 | // Make sure you can use "publicRuntimeConfig" within tests.
      18 | setConfig({ publicRuntimeConfig: (nextConfig as NextConfig).publicRuntimeConfig });
      19 |

      at node_modules/next/config.js:5:13
      at Object.<anonymous> (node_modules/next/config.js:12:3)
      at Object.<anonymous> (src/setupTests.ts:16:17)

PASS src/components/componentMappers/__tests__/HomepageModularBlocksMapper.spec.tsx
  ● Console

    console.warn
       [33m[1m⚠[22m[39m Runtime config is deprecated and will be removed in Next.js 16. Please remove the usage of "next/config" from your project.

      14 | // @ts-ignore
      15 | global.TextDecoder = TextDecoder;
    > 16 |
         | ^
      17 | // Make sure you can use "publicRuntimeConfig" within tests.
      18 | setConfig({ publicRuntimeConfig: (nextConfig as NextConfig).publicRuntimeConfig });
      19 |

      at node_modules/next/config.js:5:13
      at Object.<anonymous> (node_modules/next/config.js:12:3)
      at Object.<anonymous> (src/setupTests.ts:16:17)

PASS src/components/contentstack/ContentStackRelatedLinks/__tests__/ContentStackRelatedLinks.spec.tsx
  ● Console

    console.warn
       [33m[1m⚠[22m[39m Runtime config is deprecated and will be removed in Next.js 16. Please remove the usage of "next/config" from your project.

      14 | // @ts-ignore
      15 | global.TextDecoder = TextDecoder;
    > 16 |
         | ^
      17 | // Make sure you can use "publicRuntimeConfig" within tests.
      18 | setConfig({ publicRuntimeConfig: (nextConfig as NextConfig).publicRuntimeConfig });
      19 |

      at node_modules/next/config.js:5:13
      at Object.<anonymous> (node_modules/next/config.js:12:3)
      at Object.<anonymous> (src/setupTests.ts:16:17)

{"level":50,"time":1787144248177,"pid":1662358,"hostname":"EPCATORW0499","status":405,"message":"Only GET method is allowed","response":{}}
{"level":50,"time":1787144248183,"pid":1662358,"hostname":"EPCATORW0499","status":400,"message":"Assets Categories are not found","response":{}}
{"level":50,"time":1787144248184,"pid":1662358,"hostname":"EPCATORW0499","status":500,"message":"Error","response":{}}
{"level":50,"time":1787144248186,"pid":1662358,"hostname":"EPCATORW0499","status":400,"message":"\"query\" is not allowed","response":{}}
PASS src/hooks/__tests__/useSubscriptionsSWR.spec.tsx
  ● Console

    console.warn
       [33m[1m⚠[22m[39m Runtime config is deprecated and will be removed in Next.js 16. Please remove the usage of "next/config" from your project.

      14 | // @ts-ignore
      15 | global.TextDecoder = TextDecoder;
    > 16 |
         | ^
      17 | // Make sure you can use "publicRuntimeConfig" within tests.
      18 | setConfig({ publicRuntimeConfig: (nextConfig as NextConfig).publicRuntimeConfig });
      19 |

      at node_modules/next/config.js:5:13
      at Object.<anonymous> (node_modules/next/config.js:12:3)
      at Object.<anonymous> (src/setupTests.ts:16:17)

PASS src/components/BannerWithImage/__tests__/BannerWithImage.spec.tsx
  ● Console

    console.warn
       [33m[1m⚠[22m[39m Runtime config is deprecated and will be removed in Next.js 16. Please remove the usage of "next/config" from your project.

      14 | // @ts-ignore
      15 | global.TextDecoder = TextDecoder;
    > 16 |
         | ^
      17 | // Make sure you can use "publicRuntimeConfig" within tests.
      18 | setConfig({ publicRuntimeConfig: (nextConfig as NextConfig).publicRuntimeConfig });
      19 |

      at node_modules/next/config.js:5:13
      at Object.<anonymous> (node_modules/next/config.js:12:3)
      at Object.<anonymous> (src/setupTests.ts:16:17)

PASS src/components/ColoredBanner/ColoredBanner.spec.tsx
  ● Console

    console.warn
       [33m[1m⚠[22m[39m Runtime config is deprecated and will be removed in Next.js 16. Please remove the usage of "next/config" from your project.

      14 | // @ts-ignore
      15 | global.TextDecoder = TextDecoder;
    > 16 |
         | ^
      17 | // Make sure you can use "publicRuntimeConfig" within tests.
      18 | setConfig({ publicRuntimeConfig: (nextConfig as NextConfig).publicRuntimeConfig });
      19 |

      at node_modules/next/config.js:5:13
      at Object.<anonymous> (node_modules/next/config.js:12:3)
      at Object.<anonymous> (src/setupTests.ts:16:17)

PASS src/components/SubscribeCard/SubscribeCard.spec.tsx
  ● Console

    console.warn
       [33m[1m⚠[22m[39m Runtime config is deprecated and will be removed in Next.js 16. Please remove the usage of "next/config" from your project.

      14 | // @ts-ignore
      15 | global.TextDecoder = TextDecoder;
    > 16 |
         | ^
      17 | // Make sure you can use "publicRuntimeConfig" within tests.
      18 | setConfig({ publicRuntimeConfig: (nextConfig as NextConfig).publicRuntimeConfig });
      19 |

      at node_modules/next/config.js:5:13
      at Object.<anonymous> (node_modules/next/config.js:12:3)
      at Object.<anonymous> (src/setupTests.ts:16:17)

PASS src/utils/url/__tests__/getSfmcApiUrl.spec.ts
  ● Console

    console.warn
       [33m[1m⚠[22m[39m Runtime config is deprecated and will be removed in Next.js 16. Please remove the usage of "next/config" from your project.

      14 | // @ts-ignore
      15 | global.TextDecoder = TextDecoder;
    > 16 |
         | ^
      17 | // Make sure you can use "publicRuntimeConfig" within tests.
      18 | setConfig({ publicRuntimeConfig: (nextConfig as NextConfig).publicRuntimeConfig });
      19 |

      at node_modules/next/config.js:5:13
      at Object.<anonymous> (node_modules/next/config.js:12:3)
      at Object.<anonymous> (src/setupTests.ts:16:17)

PASS src/components/BookAMeeting/__test__/BookAMeeting.spec.tsx
  ● Console

    console.warn
       [33m[1m⚠[22m[39m Runtime config is deprecated and will be removed in Next.js 16. Please remove the usage of "next/config" from your project.

      14 | // @ts-ignore
      15 | global.TextDecoder = TextDecoder;
    > 16 |
         | ^
      17 | // Make sure you can use "publicRuntimeConfig" within tests.
      18 | setConfig({ publicRuntimeConfig: (nextConfig as NextConfig).publicRuntimeConfig });
      19 |

      at node_modules/next/config.js:5:13
      at Object.<anonymous> (node_modules/next/config.js:12:3)
      at Object.<anonymous> (src/setupTests.ts:16:17)

PASS src/components/HomePageHeroBanner/HomePageHeroBanner.spec.tsx
  ● Console

    console.warn
       [33m[1m⚠[22m[39m Runtime config is deprecated and will be removed in Next.js 16. Please remove the usage of "next/config" from your project.

      14 | // @ts-ignore
      15 | global.TextDecoder = TextDecoder;
    > 16 |
         | ^
      17 | // Make sure you can use "publicRuntimeConfig" within tests.
      18 | setConfig({ publicRuntimeConfig: (nextConfig as NextConfig).publicRuntimeConfig });
      19 |

      at node_modules/next/config.js:5:13
      at Object.<anonymous> (node_modules/next/config.js:12:3)
      at Object.<anonymous> (src/setupTests.ts:16:17)

PASS src/components/CardsSlider/__tests__/CardsSlider.spec.tsx
  ● Console

    console.warn
       [33m[1m⚠[22m[39m Runtime config is deprecated and will be removed in Next.js 16. Please remove the usage of "next/config" from your project.

      14 | // @ts-ignore
      15 | global.TextDecoder = TextDecoder;
    > 16 |
         | ^
      17 | // Make sure you can use "publicRuntimeConfig" within tests.
      18 | setConfig({ publicRuntimeConfig: (nextConfig as NextConfig).publicRuntimeConfig });
      19 |

      at node_modules/next/config.js:5:13
      at Object.<anonymous> (node_modules/next/config.js:12:3)
      at Object.<anonymous> (src/setupTests.ts:16:17)

PASS src/components/Modal/__tests__/PersonDetailsModal.spec.tsx
  ● Console

    console.warn
       [33m[1m⚠[22m[39m Runtime config is deprecated and will be removed in Next.js 16. Please remove the usage of "next/config" from your project.

      14 | // @ts-ignore
      15 | global.TextDecoder = TextDecoder;
    > 16 |
         | ^
      17 | // Make sure you can use "publicRuntimeConfig" within tests.
      18 | setConfig({ publicRuntimeConfig: (nextConfig as NextConfig).publicRuntimeConfig });
      19 |

      at node_modules/next/config.js:5:13
      at Object.<anonymous> (node_modules/next/config.js:12:3)
      at Object.<anonymous> (src/setupTests.ts:16:17)

PASS migration-scripts/__tests__/client.spec.ts
  ● Console

    console.warn
       [33m[1m⚠[22m[39m Runtime config is deprecated and will be removed in Next.js 16. Please remove the usage of "next/config" from your project.

      14 | // @ts-ignore
      15 | global.TextDecoder = TextDecoder;
    > 16 |
         | ^
      17 | // Make sure you can use "publicRuntimeConfig" within tests.
      18 | setConfig({ publicRuntimeConfig: (nextConfig as NextConfig).publicRuntimeConfig });
      19 |

      at node_modules/next/config.js:5:13
      at Object.<anonymous> (node_modules/next/config.js:12:3)
      at Object.<anonymous> (src/setupTests.ts:16:17)

PASS src/hooks/__tests__/useGlobalSearch.spec.ts
  ● Console

    console.warn
       [33m[1m⚠[22m[39m Runtime config is deprecated and will be removed in Next.js 16. Please remove the usage of "next/config" from your project.

      14 | // @ts-ignore
      15 | global.TextDecoder = TextDecoder;
    > 16 |
         | ^
      17 | // Make sure you can use "publicRuntimeConfig" within tests.
      18 | setConfig({ publicRuntimeConfig: (nextConfig as NextConfig).publicRuntimeConfig });
      19 |

      at node_modules/next/config.js:5:13
      at Object.<anonymous> (node_modules/next/config.js:12:3)
      at Object.<anonymous> (src/setupTests.ts:16:17)

PASS src/components/contentstack/ContentstackAttention/ContentstackAttention.spec.tsx
  ● Console

    console.warn
       [33m[1m⚠[22m[39m Runtime config is deprecated and will be removed in Next.js 16. Please remove the usage of "next/config" from your project.

      14 | // @ts-ignore
      15 | global.TextDecoder = TextDecoder;
    > 16 |
         | ^
      17 | // Make sure you can use "publicRuntimeConfig" within tests.
      18 | setConfig({ publicRuntimeConfig: (nextConfig as NextConfig).publicRuntimeConfig });
      19 |

      at node_modules/next/config.js:5:13
      at Object.<anonymous> (node_modules/next/config.js:12:3)
      at Object.<anonymous> (src/setupTests.ts:16:17)

PASS src/components/NewsCard/NewsCard.spec.tsx
  ● Console

    console.warn
       [33m[1m⚠[22m[39m Runtime config is deprecated and will be removed in Next.js 16. Please remove the usage of "next/config" from your project.

      14 | // @ts-ignore
      15 | global.TextDecoder = TextDecoder;
    > 16 |
         | ^
      17 | // Make sure you can use "publicRuntimeConfig" within tests.
      18 | setConfig({ publicRuntimeConfig: (nextConfig as NextConfig).publicRuntimeConfig });
      19 |

      at node_modules/next/config.js:5:13
      at Object.<anonymous> (node_modules/next/config.js:12:3)
      at Object.<anonymous> (src/setupTests.ts:16:17)

PASS src/services/__tests__/contentstack.spec.ts
  ● Console

    console.warn
       [33m[1m⚠[22m[39m Runtime config is deprecated and will be removed in Next.js 16. Please remove the usage of "next/config" from your project.

      14 | // @ts-ignore
      15 | global.TextDecoder = TextDecoder;
    > 16 |
         | ^
      17 | // Make sure you can use "publicRuntimeConfig" within tests.
      18 | setConfig({ publicRuntimeConfig: (nextConfig as NextConfig).publicRuntimeConfig });
      19 |

      at node_modules/next/config.js:5:13
      at Object.<anonymous> (node_modules/next/config.js:12:3)
      at Object.<anonymous> (src/setupTests.ts:16:17)

PASS src/components/AddToCalendar/AddToCalendar.spec.tsx
  ● Console

    console.warn
       [33m[1m⚠[22m[39m Runtime config is deprecated and will be removed in Next.js 16. Please remove the usage of "next/config" from your project.

      14 | // @ts-ignore
      15 | global.TextDecoder = TextDecoder;
    > 16 |
         | ^
      17 | // Make sure you can use "publicRuntimeConfig" within tests.
      18 | setConfig({ publicRuntimeConfig: (nextConfig as NextConfig).publicRuntimeConfig });
      19 |

      at node_modules/next/config.js:5:13
      at Object.<anonymous> (node_modules/next/config.js:12:3)
      at Object.<anonymous> (src/setupTests.ts:16:17)

PASS src/components/LandAcknowledgement/__tests__/LandAcknowledgement.spec.tsx
  ● Console

    console.warn
       [33m[1m⚠[22m[39m Runtime config is deprecated and will be removed in Next.js 16. Please remove the usage of "next/config" from your project.

      14 | // @ts-ignore
      15 | global.TextDecoder = TextDecoder;
    > 16 |
         | ^
      17 | // Make sure you can use "publicRuntimeConfig" within tests.
      18 | setConfig({ publicRuntimeConfig: (nextConfig as NextConfig).publicRuntimeConfig });
      19 |

      at node_modules/next/config.js:5:13
      at Object.<anonymous> (node_modules/next/config.js:12:3)
      at Object.<anonymous> (src/setupTests.ts:16:17)

PASS src/components/ClickthroughMap/__tests__/ClickthroughMap.spec.tsx
  ● Console

    console.warn
       [33m[1m⚠[22m[39m Runtime config is deprecated and will be removed in Next.js 16. Please remove the usage of "next/config" from your project.

      14 | // @ts-ignore
      15 | global.TextDecoder = TextDecoder;
    > 16 |
         | ^
      17 | // Make sure you can use "publicRuntimeConfig" within tests.
      18 | setConfig({ publicRuntimeConfig: (nextConfig as NextConfig).publicRuntimeConfig });
      19 |

      at node_modules/next/config.js:5:13
      at Object.<anonymous> (node_modules/next/config.js:12:3)
      at Object.<anonymous> (src/setupTests.ts:16:17)

PASS src/utils/__tests__/validateEmail.spec.ts
  ● Console

    console.warn
       [33m[1m⚠[22m[39m Runtime config is deprecated and will be removed in Next.js 16. Please remove the usage of "next/config" from your project.

      14 | // @ts-ignore
      15 | global.TextDecoder = TextDecoder;
    > 16 |
         | ^
      17 | // Make sure you can use "publicRuntimeConfig" within tests.
      18 | setConfig({ publicRuntimeConfig: (nextConfig as NextConfig).publicRuntimeConfig });
      19 |

      at node_modules/next/config.js:5:13
      at Object.<anonymous> (node_modules/next/config.js:12:3)
      at Object.<anonymous> (src/setupTests.ts:16:17)

PASS src/components/pages/ConstructionNoticePage/__tests__/ConstructionNoticeHeader.spec.tsx
  ● Console

    console.warn
       [33m[1m⚠[22m[39m Runtime config is deprecated and will be removed in Next.js 16. Please remove the usage of "next/config" from your project.

      14 | // @ts-ignore
      15 | global.TextDecoder = TextDecoder;
    > 16 |
         | ^
      17 | // Make sure you can use "publicRuntimeConfig" within tests.
      18 | setConfig({ publicRuntimeConfig: (nextConfig as NextConfig).publicRuntimeConfig });
      19 |

      at node_modules/next/config.js:5:13
      at Object.<anonymous> (node_modules/next/config.js:12:3)
      at Object.<anonymous> (src/setupTests.ts:16:17)

PASS src/utils/__tests__/cloudinaryAssets.spec.ts
  ● Console

    console.warn
       [33m[1m⚠[22m[39m Runtime config is deprecated and will be removed in Next.js 16. Please remove the usage of "next/config" from your project.

      14 | // @ts-ignore
      15 | global.TextDecoder = TextDecoder;
    > 16 |
         | ^
      17 | // Make sure you can use "publicRuntimeConfig" within tests.
      18 | setConfig({ publicRuntimeConfig: (nextConfig as NextConfig).publicRuntimeConfig });
      19 |

      at node_modules/next/config.js:5:13
      at Object.<anonymous> (node_modules/next/config.js:12:3)
      at Object.<anonymous> (src/setupTests.ts:16:17)

PASS src/components/Spinner/__tests__/Spinner.spec.tsx
  ● Console

    console.warn
       [33m[1m⚠[22m[39m Runtime config is deprecated and will be removed in Next.js 16. Please remove the usage of "next/config" from your project.

      14 | // @ts-ignore
      15 | global.TextDecoder = TextDecoder;
    > 16 |
         | ^
      17 | // Make sure you can use "publicRuntimeConfig" within tests.
      18 | setConfig({ publicRuntimeConfig: (nextConfig as NextConfig).publicRuntimeConfig });
      19 |

      at node_modules/next/config.js:5:13
      at Object.<anonymous> (node_modules/next/config.js:12:3)
      at Object.<anonymous> (src/setupTests.ts:16:17)

PASS src/components/Modal/__tests__/Modal.spec.tsx
  ● Console

    console.warn
       [33m[1m⚠[22m[39m Runtime config is deprecated and will be removed in Next.js 16. Please remove the usage of "next/config" from your project.

      14 | // @ts-ignore
      15 | global.TextDecoder = TextDecoder;
    > 16 |
         | ^
      17 | // Make sure you can use "publicRuntimeConfig" within tests.
      18 | setConfig({ publicRuntimeConfig: (nextConfig as NextConfig).publicRuntimeConfig });
      19 |

      at node_modules/next/config.js:5:13
      at Object.<anonymous> (node_modules/next/config.js:12:3)
      at Object.<anonymous> (src/setupTests.ts:16:17)

PASS src/components/Table/__tests__/FlexibleTable.spec.tsx
  ● Console

    console.warn
       [33m[1m⚠[22m[39m Runtime config is deprecated and will be removed in Next.js 16. Please remove the usage of "next/config" from your project.

      14 | // @ts-ignore
      15 | global.TextDecoder = TextDecoder;
    > 16 |
         | ^
      17 | // Make sure you can use "publicRuntimeConfig" within tests.
      18 | setConfig({ publicRuntimeConfig: (nextConfig as NextConfig).publicRuntimeConfig });
      19 |

      at node_modules/next/config.js:5:13
      at Object.<anonymous> (node_modules/next/config.js:12:3)
      at Object.<anonymous> (src/setupTests.ts:16:17)

PASS src/components/Divider/Divider.spec.tsx
  ● Console

    console.warn
       [33m[1m⚠[22m[39m Runtime config is deprecated and will be removed in Next.js 16. Please remove the usage of "next/config" from your project.

      14 | // @ts-ignore
      15 | global.TextDecoder = TextDecoder;
    > 16 |
         | ^
      17 | // Make sure you can use "publicRuntimeConfig" within tests.
      18 | setConfig({ publicRuntimeConfig: (nextConfig as NextConfig).publicRuntimeConfig });
      19 |

      at node_modules/next/config.js:5:13
      at Object.<anonymous> (node_modules/next/config.js:12:3)
      at Object.<anonymous> (src/setupTests.ts:16:17)

PASS src/components/Footer/__tests__/Footer.spec.tsx
  ● Console

    console.warn
       [33m[1m⚠[22m[39m Runtime config is deprecated and will be removed in Next.js 16. Please remove the usage of "next/config" from your project.

      14 | // @ts-ignore
      15 | global.TextDecoder = TextDecoder;
    > 16 |
         | ^
      17 | // Make sure you can use "publicRuntimeConfig" within tests.
      18 | setConfig({ publicRuntimeConfig: (nextConfig as NextConfig).publicRuntimeConfig });
      19 |

      at node_modules/next/config.js:5:13
      at Object.<anonymous> (node_modules/next/config.js:12:3)
      at Object.<anonymous> (src/setupTests.ts:16:17)

PASS src/__tests__/pages/api/v1/travel-expense-report/_filters.test.ts
  ● Console

    console.warn
       [33m[1m⚠[22m[39m Runtime config is deprecated and will be removed in Next.js 16. Please remove the usage of "next/config" from your project.

      14 | // @ts-ignore
      15 | global.TextDecoder = TextDecoder;
    > 16 |
         | ^
      17 | // Make sure you can use "publicRuntimeConfig" within tests.
      18 | setConfig({ publicRuntimeConfig: (nextConfig as NextConfig).publicRuntimeConfig });
      19 |

      at node_modules/next/config.js:5:13
      at Object.<anonymous> (node_modules/next/config.js:12:3)
      at Object.<anonymous> (src/setupTests.ts:16:17)

PASS src/components/Values/__tests__/Values.spec.tsx
  ● Console

    console.warn
       [33m[1m⚠[22m[39m Runtime config is deprecated and will be removed in Next.js 16. Please remove the usage of "next/config" from your project.

      14 | // @ts-ignore
      15 | global.TextDecoder = TextDecoder;
    > 16 |
         | ^
      17 | // Make sure you can use "publicRuntimeConfig" within tests.
      18 | setConfig({ publicRuntimeConfig: (nextConfig as NextConfig).publicRuntimeConfig });
      19 |

      at node_modules/next/config.js:5:13
      at Object.<anonymous> (node_modules/next/config.js:12:3)
      at Object.<anonymous> (src/setupTests.ts:16:17)

PASS src/components/Dropdown/__tests__/DropdownButton.spec.tsx
  ● Console

    console.warn
       [33m[1m⚠[22m[39m Runtime config is deprecated and will be removed in Next.js 16. Please remove the usage of "next/config" from your project.

      14 | // @ts-ignore
      15 | global.TextDecoder = TextDecoder;
    > 16 |
         | ^
      17 | // Make sure you can use "publicRuntimeConfig" within tests.
      18 | setConfig({ publicRuntimeConfig: (nextConfig as NextConfig).publicRuntimeConfig });
      19 |

      at node_modules/next/config.js:5:13
      at Object.<anonymous> (node_modules/next/config.js:12:3)
      at Object.<anonymous> (src/setupTests.ts:16:17)

PASS src/components/pages/__tests__/PageHead.spec.tsx
  ● Console

    console.warn
       [33m[1m⚠[22m[39m Runtime config is deprecated and will be removed in Next.js 16. Please remove the usage of "next/config" from your project.

      14 | // @ts-ignore
      15 | global.TextDecoder = TextDecoder;
    > 16 |
         | ^
      17 | // Make sure you can use "publicRuntimeConfig" within tests.
      18 | setConfig({ publicRuntimeConfig: (nextConfig as NextConfig).publicRuntimeConfig });
      19 |

      at node_modules/next/config.js:5:13
      at Object.<anonymous> (node_modules/next/config.js:12:3)
      at Object.<anonymous> (src/setupTests.ts:16:17)

PASS src/components/Video/Video.spec.tsx
  ● Console

    console.warn
       [33m[1m⚠[22m[39m Runtime config is deprecated and will be removed in Next.js 16. Please remove the usage of "next/config" from your project.

      14 | // @ts-ignore
      15 | global.TextDecoder = TextDecoder;
    > 16 |
         | ^
      17 | // Make sure you can use "publicRuntimeConfig" within tests.
      18 | setConfig({ publicRuntimeConfig: (nextConfig as NextConfig).publicRuntimeConfig });
      19 |

      at node_modules/next/config.js:5:13
      at Object.<anonymous> (node_modules/next/config.js:12:3)
      at Object.<anonymous> (src/setupTests.ts:16:17)

PASS src/components/BackToTopButton/BackToTopButton.spec.tsx
  ● Console

    console.warn
       [33m[1m⚠[22m[39m Runtime config is deprecated and will be removed in Next.js 16. Please remove the usage of "next/config" from your project.

      14 | // @ts-ignore
      15 | global.TextDecoder = TextDecoder;
    > 16 |
         | ^
      17 | // Make sure you can use "publicRuntimeConfig" within tests.
      18 | setConfig({ publicRuntimeConfig: (nextConfig as NextConfig).publicRuntimeConfig });
      19 |

      at node_modules/next/config.js:5:13
      at Object.<anonymous> (node_modules/next/config.js:12:3)
      at Object.<anonymous> (src/setupTests.ts:16:17)

PASS src/components/SocialMediaSharingWidget/SocialMediaSharingWidget.spec.tsx
  ● Console

    console.warn
       [33m[1m⚠[22m[39m Runtime config is deprecated and will be removed in Next.js 16. Please remove the usage of "next/config" from your project.

      14 | // @ts-ignore
      15 | global.TextDecoder = TextDecoder;
    > 16 |
         | ^
      17 | // Make sure you can use "publicRuntimeConfig" within tests.
      18 | setConfig({ publicRuntimeConfig: (nextConfig as NextConfig).publicRuntimeConfig });
      19 |

      at node_modules/next/config.js:5:13
      at Object.<anonymous> (node_modules/next/config.js:12:3)
      at Object.<anonymous> (src/setupTests.ts:16:17)

    console.error
      Warning: Invalid DOM property `fill-rule`. Did you mean `fillRule`?
          at path
          at g
          at svg
          at xmlns (/home/bradleyjerome/projects/metrolinx/next.metrolinx.com/node_modules/@metrolinx/cx-shared/src/components/svg/36/LinkedinIcon.tsx:12:5)
          at button
          at onShareWindowClose (/home/bradleyjerome/projects/metrolinx/next.metrolinx.com/node_modules/@metrolinx/cx-shared/node_modules/react-share/es/ShareButton.js:115:59)
          at defaultProps (/home/bradleyjerome/projects/metrolinx/next.metrolinx.com/node_modules/@metrolinx/cx-shared/node_modules/react-share/es/hocs/createShareButton.js:23:63)
          at div
          at useEffect (/home/bradleyjerome/projects/metrolinx/next.metrolinx.com/node_modules/@metrolinx/cx-shared/src/components/SocialSharingWidget/SocialSharingWidget.tsx:30:3)

      13 | };
      14 |
    > 15 | const renderSocialSharingWidget = () => render(<SocialSharingWidget {...mockProps} />);
         |                                               ^
      16 |
      17 | describe("SocialSharingWidget", () => {
      18 |   it("should render social share widget", () => {

      at printWarning (node_modules/react-dom/cjs/react-dom.development.js:86:30)
      at error (node_modules/react-dom/cjs/react-dom.development.js:60:7)
      at validateProperty$1 (node_modules/react-dom/cjs/react-dom.development.js:3749:9)
      at warnUnknownProperties (node_modules/react-dom/cjs/react-dom.development.js:3803:21)
      at validateProperties$2 (node_modules/react-dom/cjs/react-dom.development.js:3827:3)
      at validatePropertiesInDevelopment (node_modules/react-dom/cjs/react-dom.development.js:9541:5)
      at setInitialProperties (node_modules/react-dom/cjs/react-dom.development.js:9830:5)
      at finalizeInitialChildren (node_modules/react-dom/cjs/react-dom.development.js:10950:3)
      at completeWork (node_modules/react-dom/cjs/react-dom.development.js:22193:17)
      at completeUnitOfWork (node_modules/react-dom/cjs/react-dom.development.js:26593:16)
      at performUnitOfWork (node_modules/react-dom/cjs/react-dom.development.js:26568:5)
      at workLoopSync (node_modules/react-dom/cjs/react-dom.development.js:26466:5)
      at renderRootSync (node_modules/react-dom/cjs/react-dom.development.js:26434:7)
      at performConcurrentWorkOnRoot (node_modules/react-dom/cjs/react-dom.development.js:25738:74)
      at flushActQueue (node_modules/react/cjs/react.development.js:2667:24)
      at act (node_modules/react/cjs/react.development.js:2582:11)
      at node_modules/@testing-library/react/dist/act-compat.js:46:25
      at renderRoot (node_modules/@testing-library/react/dist/pure.js:161:26)
      at render (node_modules/@testing-library/react/dist/pure.js:247:10)
      at renderSocialSharingWidget (src/components/SocialMediaSharingWidget/SocialMediaSharingWidget.spec.tsx:15:47)
      at Object.renderSocialSharingWidget (src/components/SocialMediaSharingWidget/SocialMediaSharingWidget.spec.tsx:19:5)

    console.error
      Warning: Invalid DOM property `clip-rule`. Did you mean `clipRule`?
          at path
          at g
          at svg
          at xmlns (/home/bradleyjerome/projects/metrolinx/next.metrolinx.com/node_modules/@metrolinx/cx-shared/src/components/svg/36/LinkedinIcon.tsx:12:5)
          at button
          at onShareWindowClose (/home/bradleyjerome/projects/metrolinx/next.metrolinx.com/node_modules/@metrolinx/cx-shared/node_modules/react-share/es/ShareButton.js:115:59)
          at defaultProps (/home/bradleyjerome/projects/metrolinx/next.metrolinx.com/node_modules/@metrolinx/cx-shared/node_modules/react-share/es/hocs/createShareButton.js:23:63)
          at div
          at useEffect (/home/bradleyjerome/projects/metrolinx/next.metrolinx.com/node_modules/@metrolinx/cx-shared/src/components/SocialSharingWidget/SocialSharingWidget.tsx:30:3)

      13 | };
      14 |
    > 15 | const renderSocialSharingWidget = () => render(<SocialSharingWidget {...mockProps} />);
         |                                               ^
      16 |
      17 | describe("SocialSharingWidget", () => {
      18 |   it("should render social share widget", () => {

      at printWarning (node_modules/react-dom/cjs/react-dom.development.js:86:30)
      at error (node_modules/react-dom/cjs/react-dom.development.js:60:7)
      at validateProperty$1 (node_modules/react-dom/cjs/react-dom.development.js:3749:9)
      at warnUnknownProperties (node_modules/react-dom/cjs/react-dom.development.js:3803:21)
      at validateProperties$2 (node_modules/react-dom/cjs/react-dom.development.js:3827:3)
      at validatePropertiesInDevelopment (node_modules/react-dom/cjs/react-dom.development.js:9541:5)
      at setInitialProperties (node_modules/react-dom/cjs/react-dom.development.js:9830:5)
      at finalizeInitialChildren (node_modules/react-dom/cjs/react-dom.development.js:10950:3)
      at completeWork (node_modules/react-dom/cjs/react-dom.development.js:22193:17)
      at completeUnitOfWork (node_modules/react-dom/cjs/react-dom.development.js:26593:16)
      at performUnitOfWork (node_modules/react-dom/cjs/react-dom.development.js:26568:5)
      at workLoopSync (node_modules/react-dom/cjs/react-dom.development.js:26466:5)
      at renderRootSync (node_modules/react-dom/cjs/react-dom.development.js:26434:7)
      at performConcurrentWorkOnRoot (node_modules/react-dom/cjs/react-dom.development.js:25738:74)
      at flushActQueue (node_modules/react/cjs/react.development.js:2667:24)
      at act (node_modules/react/cjs/react.development.js:2582:11)
      at node_modules/@testing-library/react/dist/act-compat.js:46:25
      at renderRoot (node_modules/@testing-library/react/dist/pure.js:161:26)
      at render (node_modules/@testing-library/react/dist/pure.js:247:10)
      at renderSocialSharingWidget (src/components/SocialMediaSharingWidget/SocialMediaSharingWidget.spec.tsx:15:47)
      at Object.renderSocialSharingWidget (src/components/SocialMediaSharingWidget/SocialMediaSharingWidget.spec.tsx:19:5)

PASS src/components/OnPageNavigation/OnPageNavigation.spec.tsx
  ● Console

    console.warn
       [33m[1m⚠[22m[39m Runtime config is deprecated and will be removed in Next.js 16. Please remove the usage of "next/config" from your project.

      14 | // @ts-ignore
      15 | global.TextDecoder = TextDecoder;
    > 16 |
         | ^
      17 | // Make sure you can use "publicRuntimeConfig" within tests.
      18 | setConfig({ publicRuntimeConfig: (nextConfig as NextConfig).publicRuntimeConfig });
      19 |

      at node_modules/next/config.js:5:13
      at Object.<anonymous> (node_modules/next/config.js:12:3)
      at Object.<anonymous> (src/setupTests.ts:16:17)

PASS src/api/middlewareFunctions/__tests__/withAzureB2CId.spec.ts
  ● Console

    console.warn
       [33m[1m⚠[22m[39m Runtime config is deprecated and will be removed in Next.js 16. Please remove the usage of "next/config" from your project.

      14 | // @ts-ignore
      15 | global.TextDecoder = TextDecoder;
    > 16 |
         | ^
      17 | // Make sure you can use "publicRuntimeConfig" within tests.
      18 | setConfig({ publicRuntimeConfig: (nextConfig as NextConfig).publicRuntimeConfig });
      19 |

      at node_modules/next/config.js:5:13
      at Object.<anonymous> (node_modules/next/config.js:12:3)
      at Object.<anonymous> (src/setupTests.ts:16:17)

PASS src/components/LinkedEvents/LinkedEvents.spec.tsx
  ● Console

    console.warn
       [33m[1m⚠[22m[39m Runtime config is deprecated and will be removed in Next.js 16. Please remove the usage of "next/config" from your project.

      14 | // @ts-ignore
      15 | global.TextDecoder = TextDecoder;
    > 16 |
         | ^
      17 | // Make sure you can use "publicRuntimeConfig" within tests.
      18 | setConfig({ publicRuntimeConfig: (nextConfig as NextConfig).publicRuntimeConfig });
      19 |

      at node_modules/next/config.js:5:13
      at Object.<anonymous> (node_modules/next/config.js:12:3)
      at Object.<anonymous> (src/setupTests.ts:16:17)

PASS src/hooks/__tests__/useUserProfileSWR.spec.tsx
  ● Console

    console.warn
       [33m[1m⚠[22m[39m Runtime config is deprecated and will be removed in Next.js 16. Please remove the usage of "next/config" from your project.

      14 | // @ts-ignore
      15 | global.TextDecoder = TextDecoder;
    > 16 |
         | ^
      17 | // Make sure you can use "publicRuntimeConfig" within tests.
      18 | setConfig({ publicRuntimeConfig: (nextConfig as NextConfig).publicRuntimeConfig });
      19 |

      at node_modules/next/config.js:5:13
      at Object.<anonymous> (node_modules/next/config.js:12:3)
      at Object.<anonymous> (src/setupTests.ts:16:17)

PASS src/components/PersonListing/PersonListing.spec.tsx
  ● Console

    console.warn
       [33m[1m⚠[22m[39m Runtime config is deprecated and will be removed in Next.js 16. Please remove the usage of "next/config" from your project.

      14 | // @ts-ignore
      15 | global.TextDecoder = TextDecoder;
    > 16 |
         | ^
      17 | // Make sure you can use "publicRuntimeConfig" within tests.
      18 | setConfig({ publicRuntimeConfig: (nextConfig as NextConfig).publicRuntimeConfig });
      19 |

      at node_modules/next/config.js:5:13
      at Object.<anonymous> (node_modules/next/config.js:12:3)
      at Object.<anonymous> (src/setupTests.ts:16:17)

PASS src/components/SubscribeBlock/SubscribeBlock.spec.tsx
  ● Console

    console.warn
       [33m[1m⚠[22m[39m Runtime config is deprecated and will be removed in Next.js 16. Please remove the usage of "next/config" from your project.

      14 | // @ts-ignore
      15 | global.TextDecoder = TextDecoder;
    > 16 |
         | ^
      17 | // Make sure you can use "publicRuntimeConfig" within tests.
      18 | setConfig({ publicRuntimeConfig: (nextConfig as NextConfig).publicRuntimeConfig });
      19 |

      at node_modules/next/config.js:5:13
      at Object.<anonymous> (node_modules/next/config.js:12:3)
      at Object.<anonymous> (src/setupTests.ts:16:17)

PASS src/components/SubBrandCard/SubBrandCard.spec.tsx
  ● Console

    console.warn
       [33m[1m⚠[22m[39m Runtime config is deprecated and will be removed in Next.js 16. Please remove the usage of "next/config" from your project.

      14 | // @ts-ignore
      15 | global.TextDecoder = TextDecoder;
    > 16 |
         | ^
      17 | // Make sure you can use "publicRuntimeConfig" within tests.
      18 | setConfig({ publicRuntimeConfig: (nextConfig as NextConfig).publicRuntimeConfig });
      19 |

      at node_modules/next/config.js:5:13
      at Object.<anonymous> (node_modules/next/config.js:12:3)
      at Object.<anonymous> (src/setupTests.ts:16:17)

PASS src/components/FeaturedNews/FeaturedNews.spec.tsx
  ● Console

    console.warn
       [33m[1m⚠[22m[39m Runtime config is deprecated and will be removed in Next.js 16. Please remove the usage of "next/config" from your project.

      14 | // @ts-ignore
      15 | global.TextDecoder = TextDecoder;
    > 16 |
         | ^
      17 | // Make sure you can use "publicRuntimeConfig" within tests.
      18 | setConfig({ publicRuntimeConfig: (nextConfig as NextConfig).publicRuntimeConfig });
      19 |

      at node_modules/next/config.js:5:13
      at Object.<anonymous> (node_modules/next/config.js:12:3)
      at Object.<anonymous> (src/setupTests.ts:16:17)

PASS src/components/OnlineChat/OnlineChat.spec.tsx
  ● Console

    console.warn
       [33m[1m⚠[22m[39m Runtime config is deprecated and will be removed in Next.js 16. Please remove the usage of "next/config" from your project.

      14 | // @ts-ignore
      15 | global.TextDecoder = TextDecoder;
    > 16 |
         | ^
      17 | // Make sure you can use "publicRuntimeConfig" within tests.
      18 | setConfig({ publicRuntimeConfig: (nextConfig as NextConfig).publicRuntimeConfig });
      19 |

      at node_modules/next/config.js:5:13
      at Object.<anonymous> (node_modules/next/config.js:12:3)
      at Object.<anonymous> (src/setupTests.ts:16:17)

PASS src/api/middlewareFunctions/__tests__/combineMiddlewares.spec.ts
  ● Console

    console.warn
       [33m[1m⚠[22m[39m Runtime config is deprecated and will be removed in Next.js 16. Please remove the usage of "next/config" from your project.

      14 | // @ts-ignore
      15 | global.TextDecoder = TextDecoder;
    > 16 |
         | ^
      17 | // Make sure you can use "publicRuntimeConfig" within tests.
      18 | setConfig({ publicRuntimeConfig: (nextConfig as NextConfig).publicRuntimeConfig });
      19 |

      at node_modules/next/config.js:5:13
      at Object.<anonymous> (node_modules/next/config.js:12:3)
      at Object.<anonymous> (src/setupTests.ts:16:17)

PASS src/hooks/__tests__/useSubscribeToEmailSWR.spec.tsx
  ● Console

    console.warn
       [33m[1m⚠[22m[39m Runtime config is deprecated and will be removed in Next.js 16. Please remove the usage of "next/config" from your project.

      14 | // @ts-ignore
      15 | global.TextDecoder = TextDecoder;
    > 16 |
         | ^
      17 | // Make sure you can use "publicRuntimeConfig" within tests.
      18 | setConfig({ publicRuntimeConfig: (nextConfig as NextConfig).publicRuntimeConfig });
      19 |

      at node_modules/next/config.js:5:13
      at Object.<anonymous> (node_modules/next/config.js:12:3)
      at Object.<anonymous> (src/setupTests.ts:16:17)

PASS src/components/ContentCard/ContentCard.spec.tsx
  ● Console

    console.warn
       [33m[1m⚠[22m[39m Runtime config is deprecated and will be removed in Next.js 16. Please remove the usage of "next/config" from your project.

      14 | // @ts-ignore
      15 | global.TextDecoder = TextDecoder;
    > 16 |
         | ^
      17 | // Make sure you can use "publicRuntimeConfig" within tests.
      18 | setConfig({ publicRuntimeConfig: (nextConfig as NextConfig).publicRuntimeConfig });
      19 |

      at node_modules/next/config.js:5:13
      at Object.<anonymous> (node_modules/next/config.js:12:3)
      at Object.<anonymous> (src/setupTests.ts:16:17)

PASS src/utils/user/__tests__/getAccessToken.spec.ts
  ● Console

    console.warn
       [33m[1m⚠[22m[39m Runtime config is deprecated and will be removed in Next.js 16. Please remove the usage of "next/config" from your project.

      14 | // @ts-ignore
      15 | global.TextDecoder = TextDecoder;
    > 16 |
         | ^
      17 | // Make sure you can use "publicRuntimeConfig" within tests.
      18 | setConfig({ publicRuntimeConfig: (nextConfig as NextConfig).publicRuntimeConfig });
      19 |

      at node_modules/next/config.js:5:13
      at Object.<anonymous> (node_modules/next/config.js:12:3)
      at Object.<anonymous> (src/setupTests.ts:16:17)

PASS src/hooks/__tests__/useDeviceType.spec.ts
  ● Console

    console.warn
       [33m[1m⚠[22m[39m Runtime config is deprecated and will be removed in Next.js 16. Please remove the usage of "next/config" from your project.

      14 | // @ts-ignore
      15 | global.TextDecoder = TextDecoder;
    > 16 |
         | ^
      17 | // Make sure you can use "publicRuntimeConfig" within tests.
      18 | setConfig({ publicRuntimeConfig: (nextConfig as NextConfig).publicRuntimeConfig });
      19 |

      at node_modules/next/config.js:5:13
      at Object.<anonymous> (node_modules/next/config.js:12:3)
      at Object.<anonymous> (src/setupTests.ts:16:17)

PASS src/utils/subscriptions/__tests__/transformDtoToFormValues.spec.ts
  ● Console

    console.warn
       [33m[1m⚠[22m[39m Runtime config is deprecated and will be removed in Next.js 16. Please remove the usage of "next/config" from your project.

      14 | // @ts-ignore
      15 | global.TextDecoder = TextDecoder;
    > 16 |
         | ^
      17 | // Make sure you can use "publicRuntimeConfig" within tests.
      18 | setConfig({ publicRuntimeConfig: (nextConfig as NextConfig).publicRuntimeConfig });
      19 |

      at node_modules/next/config.js:5:13
      at Object.<anonymous> (node_modules/next/config.js:12:3)
      at Object.<anonymous> (src/setupTests.ts:16:17)

PASS src/hooks/__tests__/useStartToEndDate.spec.ts
  ● Console

    console.warn
       [33m[1m⚠[22m[39m Runtime config is deprecated and will be removed in Next.js 16. Please remove the usage of "next/config" from your project.

      14 | // @ts-ignore
      15 | global.TextDecoder = TextDecoder;
    > 16 |
         | ^
      17 | // Make sure you can use "publicRuntimeConfig" within tests.
      18 | setConfig({ publicRuntimeConfig: (nextConfig as NextConfig).publicRuntimeConfig });
      19 |

      at node_modules/next/config.js:5:13
      at Object.<anonymous> (node_modules/next/config.js:12:3)
      at Object.<anonymous> (src/setupTests.ts:16:17)

PASS src/utils/__tests__/isValidContentStackLink.spec.ts
  ● Console

    console.warn
       [33m[1m⚠[22m[39m Runtime config is deprecated and will be removed in Next.js 16. Please remove the usage of "next/config" from your project.

      14 | // @ts-ignore
      15 | global.TextDecoder = TextDecoder;
    > 16 |
         | ^
      17 | // Make sure you can use "publicRuntimeConfig" within tests.
      18 | setConfig({ publicRuntimeConfig: (nextConfig as NextConfig).publicRuntimeConfig });
      19 |

      at node_modules/next/config.js:5:13
      at Object.<anonymous> (node_modules/next/config.js:12:3)
      at Object.<anonymous> (src/setupTests.ts:16:17)

PASS src/components/PodcastTranscript/PodcastTranscript.spec.tsx
  ● Console

    console.warn
       [33m[1m⚠[22m[39m Runtime config is deprecated and will be removed in Next.js 16. Please remove the usage of "next/config" from your project.

      14 | // @ts-ignore
      15 | global.TextDecoder = TextDecoder;
    > 16 |
         | ^
      17 | // Make sure you can use "publicRuntimeConfig" within tests.
      18 | setConfig({ publicRuntimeConfig: (nextConfig as NextConfig).publicRuntimeConfig });
      19 |

      at node_modules/next/config.js:5:13
      at Object.<anonymous> (node_modules/next/config.js:12:3)
      at Object.<anonymous> (src/setupTests.ts:16:17)

PASS src/components/ErrorFeedback/ErrorFeedback.spec.tsx
  ● Console

    console.warn
       [33m[1m⚠[22m[39m Runtime config is deprecated and will be removed in Next.js 16. Please remove the usage of "next/config" from your project.

      14 | // @ts-ignore
      15 | global.TextDecoder = TextDecoder;
    > 16 |
         | ^
      17 | // Make sure you can use "publicRuntimeConfig" within tests.
      18 | setConfig({ publicRuntimeConfig: (nextConfig as NextConfig).publicRuntimeConfig });
      19 |

      at node_modules/next/config.js:5:13
      at Object.<anonymous> (node_modules/next/config.js:12:3)
      at Object.<anonymous> (src/setupTests.ts:16:17)

    console.warn
      Image with src "/images/loaders/error-feedback.svg" has a "loader" property that does not implement width. Please implement it or use the "unoptimized" property instead.
      Read more: https://nextjs.org/docs/messages/next-image-missing-loader-width

       7 | };
       8 |
    >  9 | const renderErrorFeedback = () => render(<ErrorFeedback {...defaultProps} />);
         |                                         ^
      10 |
      11 | describe("ErrorFeedback", () => {
      12 |   it("should render ErrorFeedback component", () => {

      at warn (node_modules/next/src/shared/lib/utils/warn-once.ts:6:15)
      at Image (node_modules/next/src/client/legacy/image.tsx:894:19)
      at renderWithHooks (node_modules/react-dom/cjs/react-dom.development.js:16305:18)
      at mountIndeterminateComponent (node_modules/react-dom/cjs/react-dom.development.js:20074:13)
      at beginWork (node_modules/react-dom/cjs/react-dom.development.js:21587:16)
      at beginWork$1 (node_modules/react-dom/cjs/react-dom.development.js:27426:14)
      at performUnitOfWork (node_modules/react-dom/cjs/react-dom.development.js:26560:12)
      at workLoopSync (node_modules/react-dom/cjs/react-dom.development.js:26466:5)
      at renderRootSync (node_modules/react-dom/cjs/react-dom.development.js:26434:7)
      at performConcurrentWorkOnRoot (node_modules/react-dom/cjs/react-dom.development.js:25738:74)
      at flushActQueue (node_modules/react/cjs/react.development.js:2667:24)
      at act (node_modules/react/cjs/react.development.js:2582:11)
      at node_modules/@testing-library/react/dist/act-compat.js:46:25
      at renderRoot (node_modules/@testing-library/react/dist/pure.js:161:26)
      at render (node_modules/@testing-library/react/dist/pure.js:247:10)
      at renderErrorFeedback (src/components/ErrorFeedback/ErrorFeedback.spec.tsx:9:41)
      at Object.renderErrorFeedback (src/components/ErrorFeedback/ErrorFeedback.spec.tsx:13:5)

PASS src/components/componentMappers/__tests__/SidebarComponentMapper.spec.tsx
  ● Console

    console.warn
       [33m[1m⚠[22m[39m Runtime config is deprecated and will be removed in Next.js 16. Please remove the usage of "next/config" from your project.

      14 | // @ts-ignore
      15 | global.TextDecoder = TextDecoder;
    > 16 |
         | ^
      17 | // Make sure you can use "publicRuntimeConfig" within tests.
      18 | setConfig({ publicRuntimeConfig: (nextConfig as NextConfig).publicRuntimeConfig });
      19 |

      at node_modules/next/config.js:5:13
      at Object.<anonymous> (node_modules/next/config.js:12:3)
      at Object.<anonymous> (src/setupTests.ts:16:17)

PASS src/hooks/__tests__/useUpdateUserProfileSWR.spec.tsx
  ● Console

    console.warn
       [33m[1m⚠[22m[39m Runtime config is deprecated and will be removed in Next.js 16. Please remove the usage of "next/config" from your project.

      14 | // @ts-ignore
      15 | global.TextDecoder = TextDecoder;
    > 16 |
         | ^
      17 | // Make sure you can use "publicRuntimeConfig" within tests.
      18 | setConfig({ publicRuntimeConfig: (nextConfig as NextConfig).publicRuntimeConfig });
      19 |

      at node_modules/next/config.js:5:13
      at Object.<anonymous> (node_modules/next/config.js:12:3)
      at Object.<anonymous> (src/setupTests.ts:16:17)

PASS src/components/Attention/Attention.spec.tsx
  ● Console

    console.warn
       [33m[1m⚠[22m[39m Runtime config is deprecated and will be removed in Next.js 16. Please remove the usage of "next/config" from your project.

      14 | // @ts-ignore
      15 | global.TextDecoder = TextDecoder;
    > 16 |
         | ^
      17 | // Make sure you can use "publicRuntimeConfig" within tests.
      18 | setConfig({ publicRuntimeConfig: (nextConfig as NextConfig).publicRuntimeConfig });
      19 |

      at node_modules/next/config.js:5:13
      at Object.<anonymous> (node_modules/next/config.js:12:3)
      at Object.<anonymous> (src/setupTests.ts:16:17)

PASS src/components/ArcGisMap/__tests__/ArcGisIframe.spec.tsx
  ● Console

    console.warn
       [33m[1m⚠[22m[39m Runtime config is deprecated and will be removed in Next.js 16. Please remove the usage of "next/config" from your project.

      14 | // @ts-ignore
      15 | global.TextDecoder = TextDecoder;
    > 16 |
         | ^
      17 | // Make sure you can use "publicRuntimeConfig" within tests.
      18 | setConfig({ publicRuntimeConfig: (nextConfig as NextConfig).publicRuntimeConfig });
      19 |

      at node_modules/next/config.js:5:13
      at Object.<anonymous> (node_modules/next/config.js:12:3)
      at Object.<anonymous> (src/setupTests.ts:16:17)

PASS src/components/InteractiveMap/InteractiveMap.spec.tsx
  ● Console

    console.warn
       [33m[1m⚠[22m[39m Runtime config is deprecated and will be removed in Next.js 16. Please remove the usage of "next/config" from your project.

      14 | // @ts-ignore
      15 | global.TextDecoder = TextDecoder;
    > 16 |
         | ^
      17 | // Make sure you can use "publicRuntimeConfig" within tests.
      18 | setConfig({ publicRuntimeConfig: (nextConfig as NextConfig).publicRuntimeConfig });
      19 |

      at node_modules/next/config.js:5:13
      at Object.<anonymous> (node_modules/next/config.js:12:3)
      at Object.<anonymous> (src/setupTests.ts:16:17)

PASS src/components/RichTextContainer/__tests__/RichTextContainer.spec.tsx
  ● Console

    console.warn
       [33m[1m⚠[22m[39m Runtime config is deprecated and will be removed in Next.js 16. Please remove the usage of "next/config" from your project.

      14 | // @ts-ignore
      15 | global.TextDecoder = TextDecoder;
    > 16 |
         | ^
      17 | // Make sure you can use "publicRuntimeConfig" within tests.
      18 | setConfig({ publicRuntimeConfig: (nextConfig as NextConfig).publicRuntimeConfig });
      19 |

      at node_modules/next/config.js:5:13
      at Object.<anonymous> (node_modules/next/config.js:12:3)
      at Object.<anonymous> (src/setupTests.ts:16:17)

PASS src/hooks/__tests__/useNextLocale.spec.ts
  ● Console

    console.warn
       [33m[1m⚠[22m[39m Runtime config is deprecated and will be removed in Next.js 16. Please remove the usage of "next/config" from your project.

      14 | // @ts-ignore
      15 | global.TextDecoder = TextDecoder;
    > 16 |
         | ^
      17 | // Make sure you can use "publicRuntimeConfig" within tests.
      18 | setConfig({ publicRuntimeConfig: (nextConfig as NextConfig).publicRuntimeConfig });
      19 |

      at node_modules/next/config.js:5:13
      at Object.<anonymous> (node_modules/next/config.js:12:3)
      at Object.<anonymous> (src/setupTests.ts:16:17)

PASS src/components/SearchButtons/SearchButtons.spec.tsx
  ● Console

    console.warn
       [33m[1m⚠[22m[39m Runtime config is deprecated and will be removed in Next.js 16. Please remove the usage of "next/config" from your project.

      14 | // @ts-ignore
      15 | global.TextDecoder = TextDecoder;
    > 16 |
         | ^
      17 | // Make sure you can use "publicRuntimeConfig" within tests.
      18 | setConfig({ publicRuntimeConfig: (nextConfig as NextConfig).publicRuntimeConfig });
      19 |

      at node_modules/next/config.js:5:13
      at Object.<anonymous> (node_modules/next/config.js:12:3)
      at Object.<anonymous> (src/setupTests.ts:16:17)

PASS src/utils/user/__tests__/createAuthorizationHeader.spec.ts
  ● Console

    console.warn
       [33m[1m⚠[22m[39m Runtime config is deprecated and will be removed in Next.js 16. Please remove the usage of "next/config" from your project.

      14 | // @ts-ignore
      15 | global.TextDecoder = TextDecoder;
    > 16 |
         | ^
      17 | // Make sure you can use "publicRuntimeConfig" within tests.
      18 | setConfig({ publicRuntimeConfig: (nextConfig as NextConfig).publicRuntimeConfig });
      19 |

      at node_modules/next/config.js:5:13
      at Object.<anonymous> (node_modules/next/config.js:12:3)
      at Object.<anonymous> (src/setupTests.ts:16:17)

PASS src/utils/url/__tests__/getAlternativeLocaleHref.spec.ts
  ● Console

    console.warn
       [33m[1m⚠[22m[39m Runtime config is deprecated and will be removed in Next.js 16. Please remove the usage of "next/config" from your project.

      14 | // @ts-ignore
      15 | global.TextDecoder = TextDecoder;
    > 16 |
         | ^
      17 | // Make sure you can use "publicRuntimeConfig" within tests.
      18 | setConfig({ publicRuntimeConfig: (nextConfig as NextConfig).publicRuntimeConfig });
      19 |

      at node_modules/next/config.js:5:13
      at Object.<anonymous> (node_modules/next/config.js:12:3)
      at Object.<anonymous> (src/setupTests.ts:16:17)

PASS src/components/Quote/Quote.spec.tsx
  ● Console

    console.warn
       [33m[1m⚠[22m[39m Runtime config is deprecated and will be removed in Next.js 16. Please remove the usage of "next/config" from your project.

      14 | // @ts-ignore
      15 | global.TextDecoder = TextDecoder;
    > 16 |
         | ^
      17 | // Make sure you can use "publicRuntimeConfig" within tests.
      18 | setConfig({ publicRuntimeConfig: (nextConfig as NextConfig).publicRuntimeConfig });
      19 |

      at node_modules/next/config.js:5:13
      at Object.<anonymous> (node_modules/next/config.js:12:3)
      at Object.<anonymous> (src/setupTests.ts:16:17)

PASS src/hooks/__tests__/useLocaleAdjustedQuery.spec.ts
  ● Console

    console.warn
       [33m[1m⚠[22m[39m Runtime config is deprecated and will be removed in Next.js 16. Please remove the usage of "next/config" from your project.

      14 | // @ts-ignore
      15 | global.TextDecoder = TextDecoder;
    > 16 |
         | ^
      17 | // Make sure you can use "publicRuntimeConfig" within tests.
      18 | setConfig({ publicRuntimeConfig: (nextConfig as NextConfig).publicRuntimeConfig });
      19 |

      at node_modules/next/config.js:5:13
      at Object.<anonymous> (node_modules/next/config.js:12:3)
      at Object.<anonymous> (src/setupTests.ts:16:17)

PASS src/utils/__tests__/envs.spec.ts
  ● Console

    console.warn
       [33m[1m⚠[22m[39m Runtime config is deprecated and will be removed in Next.js 16. Please remove the usage of "next/config" from your project.

      14 | // @ts-ignore
      15 | global.TextDecoder = TextDecoder;
    > 16 |
         | ^
      17 | // Make sure you can use "publicRuntimeConfig" within tests.
      18 | setConfig({ publicRuntimeConfig: (nextConfig as NextConfig).publicRuntimeConfig });
      19 |

      at node_modules/next/config.js:5:13
      at Object.<anonymous> (node_modules/next/config.js:12:3)
      at Object.<anonymous> (src/setupTests.ts:16:17)

PASS src/services/v1-api/__tests__/updateUserProfile.spec.ts
  ● Console

    console.warn
       [33m[1m⚠[22m[39m Runtime config is deprecated and will be removed in Next.js 16. Please remove the usage of "next/config" from your project.

      14 | // @ts-ignore
      15 | global.TextDecoder = TextDecoder;
    > 16 |
         | ^
      17 | // Make sure you can use "publicRuntimeConfig" within tests.
      18 | setConfig({ publicRuntimeConfig: (nextConfig as NextConfig).publicRuntimeConfig });
      19 |

      at node_modules/next/config.js:5:13
      at Object.<anonymous> (node_modules/next/config.js:12:3)
      at Object.<anonymous> (src/setupTests.ts:16:17)

PASS src/utils/__tests__/fsCache.spec.ts
  ● Console

    console.warn
       [33m[1m⚠[22m[39m Runtime config is deprecated and will be removed in Next.js 16. Please remove the usage of "next/config" from your project.

      14 | // @ts-ignore
      15 | global.TextDecoder = TextDecoder;
    > 16 |
         | ^
      17 | // Make sure you can use "publicRuntimeConfig" within tests.
      18 | setConfig({ publicRuntimeConfig: (nextConfig as NextConfig).publicRuntimeConfig });
      19 |

      at node_modules/next/config.js:5:13
      at Object.<anonymous> (node_modules/next/config.js:12:3)
      at Object.<anonymous> (src/setupTests.ts:16:17)

PASS src/services/__tests__/pageService.spec.ts
  ● Console

    console.warn
       [33m[1m⚠[22m[39m Runtime config is deprecated and will be removed in Next.js 16. Please remove the usage of "next/config" from your project.

      14 | // @ts-ignore
      15 | global.TextDecoder = TextDecoder;
    > 16 |
         | ^
      17 | // Make sure you can use "publicRuntimeConfig" within tests.
      18 | setConfig({ publicRuntimeConfig: (nextConfig as NextConfig).publicRuntimeConfig });
      19 |

      at node_modules/next/config.js:5:13
      at Object.<anonymous> (node_modules/next/config.js:12:3)
      at Object.<anonymous> (src/setupTests.ts:16:17)

PASS src/components/DataPoints/__test__/DataPoints.spec.tsx
  ● Console

    console.warn
       [33m[1m⚠[22m[39m Runtime config is deprecated and will be removed in Next.js 16. Please remove the usage of "next/config" from your project.

      14 | // @ts-ignore
      15 | global.TextDecoder = TextDecoder;
    > 16 |
         | ^
      17 | // Make sure you can use "publicRuntimeConfig" within tests.
      18 | setConfig({ publicRuntimeConfig: (nextConfig as NextConfig).publicRuntimeConfig });
      19 |

      at node_modules/next/config.js:5:13
      at Object.<anonymous> (node_modules/next/config.js:12:3)
      at Object.<anonymous> (src/setupTests.ts:16:17)

PASS src/services/__tests__/redirectsService.spec.ts
  ● Console

    console.warn
       [33m[1m⚠[22m[39m Runtime config is deprecated and will be removed in Next.js 16. Please remove the usage of "next/config" from your project.

      14 | // @ts-ignore
      15 | global.TextDecoder = TextDecoder;
    > 16 |
         | ^
      17 | // Make sure you can use "publicRuntimeConfig" within tests.
      18 | setConfig({ publicRuntimeConfig: (nextConfig as NextConfig).publicRuntimeConfig });
      19 |

      at node_modules/next/config.js:5:13
      at Object.<anonymous> (node_modules/next/config.js:12:3)
      at Object.<anonymous> (src/setupTests.ts:16:17)

PASS src/services/__tests__/logger-2.spec.ts
  ● Console

    console.warn
       [33m[1m⚠[22m[39m Runtime config is deprecated and will be removed in Next.js 16. Please remove the usage of "next/config" from your project.

      14 | // @ts-ignore
      15 | global.TextDecoder = TextDecoder;
    > 16 |
         | ^
      17 | // Make sure you can use "publicRuntimeConfig" within tests.
      18 | setConfig({ publicRuntimeConfig: (nextConfig as NextConfig).publicRuntimeConfig });
      19 |

      at node_modules/next/config.js:5:13
      at Object.<anonymous> (node_modules/next/config.js:12:3)
      at Object.<anonymous> (src/setupTests.ts:16:17)

PASS src/hooks/__tests__/useUpdateSubscriptionsSWR.spec.tsx
  ● Console

    console.warn
       [33m[1m⚠[22m[39m Runtime config is deprecated and will be removed in Next.js 16. Please remove the usage of "next/config" from your project.

      14 | // @ts-ignore
      15 | global.TextDecoder = TextDecoder;
    > 16 |
         | ^
      17 | // Make sure you can use "publicRuntimeConfig" within tests.
      18 | setConfig({ publicRuntimeConfig: (nextConfig as NextConfig).publicRuntimeConfig });
      19 |

      at node_modules/next/config.js:5:13
      at Object.<anonymous> (node_modules/next/config.js:12:3)
      at Object.<anonymous> (src/setupTests.ts:16:17)

PASS src/components/SearchResultsItem/SearchResultsItem.spec.tsx
  ● Console

    console.warn
       [33m[1m⚠[22m[39m Runtime config is deprecated and will be removed in Next.js 16. Please remove the usage of "next/config" from your project.

      14 | // @ts-ignore
      15 | global.TextDecoder = TextDecoder;
    > 16 |
         | ^
      17 | // Make sure you can use "publicRuntimeConfig" within tests.
      18 | setConfig({ publicRuntimeConfig: (nextConfig as NextConfig).publicRuntimeConfig });
      19 |

      at node_modules/next/config.js:5:13
      at Object.<anonymous> (node_modules/next/config.js:12:3)
      at Object.<anonymous> (src/setupTests.ts:16:17)

PASS src/__tests__/pages/api/v1/travel-expense-report/_data.test.ts
  ● Console

    console.warn
       [33m[1m⚠[22m[39m Runtime config is deprecated and will be removed in Next.js 16. Please remove the usage of "next/config" from your project.

      14 | // @ts-ignore
      15 | global.TextDecoder = TextDecoder;
    > 16 |
         | ^
      17 | // Make sure you can use "publicRuntimeConfig" within tests.
      18 | setConfig({ publicRuntimeConfig: (nextConfig as NextConfig).publicRuntimeConfig });
      19 |

      at node_modules/next/config.js:5:13
      at Object.<anonymous> (node_modules/next/config.js:12:3)
      at Object.<anonymous> (src/setupTests.ts:16:17)

PASS src/hooks/__tests__/useIframeStatusSWR.spec.ts
  ● Console

    console.warn
       [33m[1m⚠[22m[39m Runtime config is deprecated and will be removed in Next.js 16. Please remove the usage of "next/config" from your project.

      14 | // @ts-ignore
      15 | global.TextDecoder = TextDecoder;
    > 16 |
         | ^
      17 | // Make sure you can use "publicRuntimeConfig" within tests.
      18 | setConfig({ publicRuntimeConfig: (nextConfig as NextConfig).publicRuntimeConfig });
      19 |

      at node_modules/next/config.js:5:13
      at Object.<anonymous> (node_modules/next/config.js:12:3)
      at Object.<anonymous> (src/setupTests.ts:16:17)

PASS src/components/Button/Button.spec.tsx
  ● Console

    console.warn
       [33m[1m⚠[22m[39m Runtime config is deprecated and will be removed in Next.js 16. Please remove the usage of "next/config" from your project.

      14 | // @ts-ignore
      15 | global.TextDecoder = TextDecoder;
    > 16 |
         | ^
      17 | // Make sure you can use "publicRuntimeConfig" within tests.
      18 | setConfig({ publicRuntimeConfig: (nextConfig as NextConfig).publicRuntimeConfig });
      19 |

      at node_modules/next/config.js:5:13
      at Object.<anonymous> (node_modules/next/config.js:12:3)
      at Object.<anonymous> (src/setupTests.ts:16:17)

PASS __tests__/next.config.spec.ts
  ● Console

    console.warn
       [33m[1m⚠[22m[39m Runtime config is deprecated and will be removed in Next.js 16. Please remove the usage of "next/config" from your project.

      14 | // @ts-ignore
      15 | global.TextDecoder = TextDecoder;
    > 16 |
         | ^
      17 | // Make sure you can use "publicRuntimeConfig" within tests.
      18 | setConfig({ publicRuntimeConfig: (nextConfig as NextConfig).publicRuntimeConfig });
      19 |

      at node_modules/next/config.js:5:13
      at Object.<anonymous> (node_modules/next/config.js:12:3)
      at Object.<anonymous> (src/setupTests.ts:16:17)

PASS src/utils/user/__tests__/isAuthenticated.spec.ts
  ● Console

    console.warn
       [33m[1m⚠[22m[39m Runtime config is deprecated and will be removed in Next.js 16. Please remove the usage of "next/config" from your project.

      14 | // @ts-ignore
      15 | global.TextDecoder = TextDecoder;
    > 16 |
         | ^
      17 | // Make sure you can use "publicRuntimeConfig" within tests.
      18 | setConfig({ publicRuntimeConfig: (nextConfig as NextConfig).publicRuntimeConfig });
      19 |

      at node_modules/next/config.js:5:13
      at Object.<anonymous> (node_modules/next/config.js:12:3)
      at Object.<anonymous> (src/setupTests.ts:16:17)

PASS src/hooks/__tests__/mapSearchResponseItems.spec.ts
  ● Console

    console.warn
       [33m[1m⚠[22m[39m Runtime config is deprecated and will be removed in Next.js 16. Please remove the usage of "next/config" from your project.

      14 | // @ts-ignore
      15 | global.TextDecoder = TextDecoder;
    > 16 |
         | ^
      17 | // Make sure you can use "publicRuntimeConfig" within tests.
      18 | setConfig({ publicRuntimeConfig: (nextConfig as NextConfig).publicRuntimeConfig });
      19 |

      at node_modules/next/config.js:5:13
      at Object.<anonymous> (node_modules/next/config.js:12:3)
      at Object.<anonymous> (src/setupTests.ts:16:17)

PASS src/components/FeatureListing/__tests__/FeatureListing.spec.tsx
  ● Console

    console.warn
       [33m[1m⚠[22m[39m Runtime config is deprecated and will be removed in Next.js 16. Please remove the usage of "next/config" from your project.

      14 | // @ts-ignore
      15 | global.TextDecoder = TextDecoder;
    > 16 |
         | ^
      17 | // Make sure you can use "publicRuntimeConfig" within tests.
      18 | setConfig({ publicRuntimeConfig: (nextConfig as NextConfig).publicRuntimeConfig });
      19 |

      at node_modules/next/config.js:5:13
      at Object.<anonymous> (node_modules/next/config.js:12:3)
      at Object.<anonymous> (src/setupTests.ts:16:17)

PASS src/components/Header/__tests__/FeaturedContentCard.spec.tsx
  ● Console

    console.warn
       [33m[1m⚠[22m[39m Runtime config is deprecated and will be removed in Next.js 16. Please remove the usage of "next/config" from your project.

      14 | // @ts-ignore
      15 | global.TextDecoder = TextDecoder;
    > 16 |
         | ^
      17 | // Make sure you can use "publicRuntimeConfig" within tests.
      18 | setConfig({ publicRuntimeConfig: (nextConfig as NextConfig).publicRuntimeConfig });
      19 |

      at node_modules/next/config.js:5:13
      at Object.<anonymous> (node_modules/next/config.js:12:3)
      at Object.<anonymous> (src/setupTests.ts:16:17)

PASS src/services/__tests__/podcastService.spec.ts
  ● Console

    console.warn
       [33m[1m⚠[22m[39m Runtime config is deprecated and will be removed in Next.js 16. Please remove the usage of "next/config" from your project.

      14 | // @ts-ignore
      15 | global.TextDecoder = TextDecoder;
    > 16 |
         | ^
      17 | // Make sure you can use "publicRuntimeConfig" within tests.
      18 | setConfig({ publicRuntimeConfig: (nextConfig as NextConfig).publicRuntimeConfig });
      19 |

      at node_modules/next/config.js:5:13
      at Object.<anonymous> (node_modules/next/config.js:12:3)
      at Object.<anonymous> (src/setupTests.ts:16:17)

PASS src/components/pages/SubscribeToEmailPage/__tests__/usePersistentSubscriptionEmail.spec.ts
  ● Console

    console.warn
       [33m[1m⚠[22m[39m Runtime config is deprecated and will be removed in Next.js 16. Please remove the usage of "next/config" from your project.

      14 | // @ts-ignore
      15 | global.TextDecoder = TextDecoder;
    > 16 |
         | ^
      17 | // Make sure you can use "publicRuntimeConfig" within tests.
      18 | setConfig({ publicRuntimeConfig: (nextConfig as NextConfig).publicRuntimeConfig });
      19 |

      at node_modules/next/config.js:5:13
      at Object.<anonymous> (node_modules/next/config.js:12:3)
      at Object.<anonymous> (src/setupTests.ts:16:17)

PASS src/services/__tests__/projectsSearchService.spec.ts
  ● Console

    console.warn
       [33m[1m⚠[22m[39m Runtime config is deprecated and will be removed in Next.js 16. Please remove the usage of "next/config" from your project.

      14 | // @ts-ignore
      15 | global.TextDecoder = TextDecoder;
    > 16 |
         | ^
      17 | // Make sure you can use "publicRuntimeConfig" within tests.
      18 | setConfig({ publicRuntimeConfig: (nextConfig as NextConfig).publicRuntimeConfig });
      19 |

      at node_modules/next/config.js:5:13
      at Object.<anonymous> (node_modules/next/config.js:12:3)
      at Object.<anonymous> (src/setupTests.ts:16:17)

PASS src/utils/__tests__/debounce.spec.ts
  ● Console

    console.warn
       [33m[1m⚠[22m[39m Runtime config is deprecated and will be removed in Next.js 16. Please remove the usage of "next/config" from your project.

      14 | // @ts-ignore
      15 | global.TextDecoder = TextDecoder;
    > 16 |
         | ^
      17 | // Make sure you can use "publicRuntimeConfig" within tests.
      18 | setConfig({ publicRuntimeConfig: (nextConfig as NextConfig).publicRuntimeConfig });
      19 |

      at node_modules/next/config.js:5:13
      at Object.<anonymous> (node_modules/next/config.js:12:3)
      at Object.<anonymous> (src/setupTests.ts:16:17)

PASS src/utils/__tests__/generateCspHeader.spec.ts
  ● Console

    console.warn
       [33m[1m⚠[22m[39m Runtime config is deprecated and will be removed in Next.js 16. Please remove the usage of "next/config" from your project.

      14 | // @ts-ignore
      15 | global.TextDecoder = TextDecoder;
    > 16 |
         | ^
      17 | // Make sure you can use "publicRuntimeConfig" within tests.
      18 | setConfig({ publicRuntimeConfig: (nextConfig as NextConfig).publicRuntimeConfig });
      19 |

      at node_modules/next/config.js:5:13
      at Object.<anonymous> (node_modules/next/config.js:12:3)
      at Object.<anonymous> (src/setupTests.ts:16:17)

PASS src/utils/__tests__/common.spec.ts
  ● Console

    console.warn
       [33m[1m⚠[22m[39m Runtime config is deprecated and will be removed in Next.js 16. Please remove the usage of "next/config" from your project.

      14 | // @ts-ignore
      15 | global.TextDecoder = TextDecoder;
    > 16 |
         | ^
      17 | // Make sure you can use "publicRuntimeConfig" within tests.
      18 | setConfig({ publicRuntimeConfig: (nextConfig as NextConfig).publicRuntimeConfig });
      19 |

      at node_modules/next/config.js:5:13
      at Object.<anonymous> (node_modules/next/config.js:12:3)
      at Object.<anonymous> (src/setupTests.ts:16:17)

PASS src/components/Table/__tests__/FixedTable.spec.tsx
  ● Console

    console.warn
       [33m[1m⚠[22m[39m Runtime config is deprecated and will be removed in Next.js 16. Please remove the usage of "next/config" from your project.

      14 | // @ts-ignore
      15 | global.TextDecoder = TextDecoder;
    > 16 |
         | ^
      17 | // Make sure you can use "publicRuntimeConfig" within tests.
      18 | setConfig({ publicRuntimeConfig: (nextConfig as NextConfig).publicRuntimeConfig });
      19 |

      at node_modules/next/config.js:5:13
      at Object.<anonymous> (node_modules/next/config.js:12:3)
      at Object.<anonymous> (src/setupTests.ts:16:17)

PASS src/components/HeroBanner/__tests__/getImageSource.spec.ts
  ● Console

    console.warn
       [33m[1m⚠[22m[39m Runtime config is deprecated and will be removed in Next.js 16. Please remove the usage of "next/config" from your project.

      14 | // @ts-ignore
      15 | global.TextDecoder = TextDecoder;
    > 16 |
         | ^
      17 | // Make sure you can use "publicRuntimeConfig" within tests.
      18 | setConfig({ publicRuntimeConfig: (nextConfig as NextConfig).publicRuntimeConfig });
      19 |

      at node_modules/next/config.js:5:13
      at Object.<anonymous> (node_modules/next/config.js:12:3)
      at Object.<anonymous> (src/setupTests.ts:16:17)

PASS src/components/HtmlRichTextEditor/__tests__/HtmlRichTextEditor.test.tsx
  ● Console

    console.warn
       [33m[1m⚠[22m[39m Runtime config is deprecated and will be removed in Next.js 16. Please remove the usage of "next/config" from your project.

      14 | // @ts-ignore
      15 | global.TextDecoder = TextDecoder;
    > 16 |
         | ^
      17 | // Make sure you can use "publicRuntimeConfig" within tests.
      18 | setConfig({ publicRuntimeConfig: (nextConfig as NextConfig).publicRuntimeConfig });
      19 |

      at node_modules/next/config.js:5:13
      at Object.<anonymous> (node_modules/next/config.js:12:3)
      at Object.<anonymous> (src/setupTests.ts:16:17)

PASS src/utils/__tests__/apiClient.spec.ts
  ● Console

    console.warn
       [33m[1m⚠[22m[39m Runtime config is deprecated and will be removed in Next.js 16. Please remove the usage of "next/config" from your project.

      14 | // @ts-ignore
      15 | global.TextDecoder = TextDecoder;
    > 16 |
         | ^
      17 | // Make sure you can use "publicRuntimeConfig" within tests.
      18 | setConfig({ publicRuntimeConfig: (nextConfig as NextConfig).publicRuntimeConfig });
      19 |

      at node_modules/next/config.js:5:13
      at Object.<anonymous> (node_modules/next/config.js:12:3)
      at Object.<anonymous> (src/setupTests.ts:16:17)

PASS src/components/SearchResults/__tests__/SearchResults.spec.tsx
  ● Console

    console.warn
       [33m[1m⚠[22m[39m Runtime config is deprecated and will be removed in Next.js 16. Please remove the usage of "next/config" from your project.

      14 | // @ts-ignore
      15 | global.TextDecoder = TextDecoder;
    > 16 |
         | ^
      17 | // Make sure you can use "publicRuntimeConfig" within tests.
      18 | setConfig({ publicRuntimeConfig: (nextConfig as NextConfig).publicRuntimeConfig });
      19 |

      at node_modules/next/config.js:5:13
      at Object.<anonymous> (node_modules/next/config.js:12:3)
      at Object.<anonymous> (src/setupTests.ts:16:17)

PASS src/components/contentstack/ContentstackTable/__tests__/utils.spec.ts
  ● Console

    console.warn
       [33m[1m⚠[22m[39m Runtime config is deprecated and will be removed in Next.js 16. Please remove the usage of "next/config" from your project.

      14 | // @ts-ignore
      15 | global.TextDecoder = TextDecoder;
    > 16 |
         | ^
      17 | // Make sure you can use "publicRuntimeConfig" within tests.
      18 | setConfig({ publicRuntimeConfig: (nextConfig as NextConfig).publicRuntimeConfig });
      19 |

      at node_modules/next/config.js:5:13
      at Object.<anonymous> (node_modules/next/config.js:12:3)
      at Object.<anonymous> (src/setupTests.ts:16:17)

PASS src/services/__tests__/logger-1.spec.ts
  ● Console

    console.warn
       [33m[1m⚠[22m[39m Runtime config is deprecated and will be removed in Next.js 16. Please remove the usage of "next/config" from your project.

      14 | // @ts-ignore
      15 | global.TextDecoder = TextDecoder;
    > 16 |
         | ^
      17 | // Make sure you can use "publicRuntimeConfig" within tests.
      18 | setConfig({ publicRuntimeConfig: (nextConfig as NextConfig).publicRuntimeConfig });
      19 |

      at node_modules/next/config.js:5:13
      at Object.<anonymous> (node_modules/next/config.js:12:3)
      at Object.<anonymous> (src/setupTests.ts:16:17)

PASS src/components/CookiesBanner/CookiesBanner.spec.tsx
  ● Console

    console.warn
       [33m[1m⚠[22m[39m Runtime config is deprecated and will be removed in Next.js 16. Please remove the usage of "next/config" from your project.

      14 | // @ts-ignore
      15 | global.TextDecoder = TextDecoder;
    > 16 |
         | ^
      17 | // Make sure you can use "publicRuntimeConfig" within tests.
      18 | setConfig({ publicRuntimeConfig: (nextConfig as NextConfig).publicRuntimeConfig });
      19 |

      at node_modules/next/config.js:5:13
      at Object.<anonymous> (node_modules/next/config.js:12:3)
      at Object.<anonymous> (src/setupTests.ts:16:17)

PASS src/components/DesktopOnPageNavigation/DesktopOnPageNavigation.spec.tsx
  ● Console

    console.warn
       [33m[1m⚠[22m[39m Runtime config is deprecated and will be removed in Next.js 16. Please remove the usage of "next/config" from your project.

      14 | // @ts-ignore
      15 | global.TextDecoder = TextDecoder;
    > 16 |
         | ^
      17 | // Make sure you can use "publicRuntimeConfig" within tests.
      18 | setConfig({ publicRuntimeConfig: (nextConfig as NextConfig).publicRuntimeConfig });
      19 |

      at node_modules/next/config.js:5:13
      at Object.<anonymous> (node_modules/next/config.js:12:3)
      at Object.<anonymous> (src/setupTests.ts:16:17)

PASS src/api/services/__tests__/registerToEventService.spec.ts
  ● Console

    console.warn
       [33m[1m⚠[22m[39m Runtime config is deprecated and will be removed in Next.js 16. Please remove the usage of "next/config" from your project.

      14 | // @ts-ignore
      15 | global.TextDecoder = TextDecoder;
    > 16 |
         | ^
      17 | // Make sure you can use "publicRuntimeConfig" within tests.
      18 | setConfig({ publicRuntimeConfig: (nextConfig as NextConfig).publicRuntimeConfig });
      19 |

      at node_modules/next/config.js:5:13
      at Object.<anonymous> (node_modules/next/config.js:12:3)
      at Object.<anonymous> (src/setupTests.ts:16:17)

PASS src/services/v1-api/__tests__/getNewsArticles.spec.ts
  ● Console

    console.warn
       [33m[1m⚠[22m[39m Runtime config is deprecated and will be removed in Next.js 16. Please remove the usage of "next/config" from your project.

      14 | // @ts-ignore
      15 | global.TextDecoder = TextDecoder;
    > 16 |
         | ^
      17 | // Make sure you can use "publicRuntimeConfig" within tests.
      18 | setConfig({ publicRuntimeConfig: (nextConfig as NextConfig).publicRuntimeConfig });
      19 |

      at node_modules/next/config.js:5:13
      at Object.<anonymous> (node_modules/next/config.js:12:3)
      at Object.<anonymous> (src/setupTests.ts:16:17)

PASS src/components/pages/DocumentCenter/__tests__/utils.spec.tsx
  ● Console

    console.warn
       [33m[1m⚠[22m[39m Runtime config is deprecated and will be removed in Next.js 16. Please remove the usage of "next/config" from your project.

      14 | // @ts-ignore
      15 | global.TextDecoder = TextDecoder;
    > 16 |
         | ^
      17 | // Make sure you can use "publicRuntimeConfig" within tests.
      18 | setConfig({ publicRuntimeConfig: (nextConfig as NextConfig).publicRuntimeConfig });
      19 |

      at node_modules/next/config.js:5:13
      at Object.<anonymous> (node_modules/next/config.js:12:3)
      at Object.<anonymous> (src/setupTests.ts:16:17)

PASS src/services/__tests__/pageComponentResolver.spec.ts
  ● Console

    console.warn
       [33m[1m⚠[22m[39m Runtime config is deprecated and will be removed in Next.js 16. Please remove the usage of "next/config" from your project.

      14 | // @ts-ignore
      15 | global.TextDecoder = TextDecoder;
    > 16 |
         | ^
      17 | // Make sure you can use "publicRuntimeConfig" within tests.
      18 | setConfig({ publicRuntimeConfig: (nextConfig as NextConfig).publicRuntimeConfig });
      19 |

      at node_modules/next/config.js:5:13
      at Object.<anonymous> (node_modules/next/config.js:12:3)
      at Object.<anonymous> (src/setupTests.ts:16:17)

PASS __tests__/next-sitemap.config.spec.ts
  ● Console

    console.warn
       [33m[1m⚠[22m[39m Runtime config is deprecated and will be removed in Next.js 16. Please remove the usage of "next/config" from your project.

      14 | // @ts-ignore
      15 | global.TextDecoder = TextDecoder;
    > 16 |
         | ^
      17 | // Make sure you can use "publicRuntimeConfig" within tests.
      18 | setConfig({ publicRuntimeConfig: (nextConfig as NextConfig).publicRuntimeConfig });
      19 |

      at node_modules/next/config.js:5:13
      at Object.<anonymous> (node_modules/next/config.js:12:3)
      at Object.<anonymous> (src/setupTests.ts:16:17)

PASS src/services/__tests__/staticPathsResolver.spec.ts
  ● Console

    console.warn
       [33m[1m⚠[22m[39m Runtime config is deprecated and will be removed in Next.js 16. Please remove the usage of "next/config" from your project.

      14 | // @ts-ignore
      15 | global.TextDecoder = TextDecoder;
    > 16 |
         | ^
      17 | // Make sure you can use "publicRuntimeConfig" within tests.
      18 | setConfig({ publicRuntimeConfig: (nextConfig as NextConfig).publicRuntimeConfig });
      19 |

      at node_modules/next/config.js:5:13
      at Object.<anonymous> (node_modules/next/config.js:12:3)
      at Object.<anonymous> (src/setupTests.ts:16:17)

PASS src/services/__tests__/renderOption.spec.ts
  ● Console

    console.warn
       [33m[1m⚠[22m[39m Runtime config is deprecated and will be removed in Next.js 16. Please remove the usage of "next/config" from your project.

      14 | // @ts-ignore
      15 | global.TextDecoder = TextDecoder;
    > 16 |
         | ^
      17 | // Make sure you can use "publicRuntimeConfig" within tests.
      18 | setConfig({ publicRuntimeConfig: (nextConfig as NextConfig).publicRuntimeConfig });
      19 |

      at node_modules/next/config.js:5:13
      at Object.<anonymous> (node_modules/next/config.js:12:3)
      at Object.<anonymous> (src/setupTests.ts:16:17)

PASS src/components/pages/ManageAccountPage/__tests__/utils.spec.ts
  ● Console

    console.warn
       [33m[1m⚠[22m[39m Runtime config is deprecated and will be removed in Next.js 16. Please remove the usage of "next/config" from your project.

      14 | // @ts-ignore
      15 | global.TextDecoder = TextDecoder;
    > 16 |
         | ^
      17 | // Make sure you can use "publicRuntimeConfig" within tests.
      18 | setConfig({ publicRuntimeConfig: (nextConfig as NextConfig).publicRuntimeConfig });
      19 |

      at node_modules/next/config.js:5:13
      at Object.<anonymous> (node_modules/next/config.js:12:3)
      at Object.<anonymous> (src/setupTests.ts:16:17)

PASS src/api/utils/__tests__/_logger.spec.ts
  ● Console

    console.warn
       [33m[1m⚠[22m[39m Runtime config is deprecated and will be removed in Next.js 16. Please remove the usage of "next/config" from your project.

      14 | // @ts-ignore
      15 | global.TextDecoder = TextDecoder;
    > 16 |
         | ^
      17 | // Make sure you can use "publicRuntimeConfig" within tests.
      18 | setConfig({ publicRuntimeConfig: (nextConfig as NextConfig).publicRuntimeConfig });
      19 |

      at node_modules/next/config.js:5:13
      at Object.<anonymous> (node_modules/next/config.js:12:3)
      at Object.<anonymous> (src/setupTests.ts:16:17)

{"level":50,"time":1787144250686,"pid":1662414,"hostname":"EPCATORW0499","msg":"data: [{\"severity\":\"error\",\"message\":\"some error test message\",\"timestamp\":1673427025009,\"source\":\"static\",\"userAgent\":\"Mozilla/5.0 (Windows NT 10.0; Win64; x64) AppleWebKit/537.36 (KHTML, like Gecko) Chrome/108.0.0.0 Safari/537.36\",\"host\":\"localhost:3000\",\"path\":\"/en\"},{\"severity\":\"warning\",\"message\":\"anotherm warning test message\",\"details\":[1,2,3,\"4\",true],\"timestamp\":1673427025525,\"source\":\"static\",\"userAgent\":\"Mozilla/5.0 (Windows NT 10.0; Win64; x64) AppleWebKit/537.36 (KHTML, like Gecko) Chrome/108.0.0.0 Safari/537.36\",\"host\":\"localhost:3000\",\"path\":\"/en/find-a-station/wereqw-r-qwe-rqw-r-q\"},{\"severity\":\"info\",\"message\":\"\",\"timestamp\":1673427025960,\"source\":\"static\",\"userAgent\":\"Mozilla/5.0 (Windows NT 10.0; Win64; x64) AppleWebKit/537.36 (KHTML, like Gecko) Chrome/108.0.0.0 Safari/537.36\",\"host\":\"localhost:3000\",\"path\":\"/en?search=union\"}]; URL: https://some-test-url.example.com; Status code: 500"}
PASS src/utils/__tests__/locale.spec.ts
  ● Console

    console.warn
       [33m[1m⚠[22m[39m Runtime config is deprecated and will be removed in Next.js 16. Please remove the usage of "next/config" from your project.

      14 | // @ts-ignore
      15 | global.TextDecoder = TextDecoder;
    > 16 |
         | ^
      17 | // Make sure you can use "publicRuntimeConfig" within tests.
      18 | setConfig({ publicRuntimeConfig: (nextConfig as NextConfig).publicRuntimeConfig });
      19 |

      at node_modules/next/config.js:5:13
      at Object.<anonymous> (node_modules/next/config.js:12:3)
      at Object.<anonymous> (src/setupTests.ts:16:17)

PASS src/services/__tests__/projectsService.spec.ts
  ● Console

    console.warn
       [33m[1m⚠[22m[39m Runtime config is deprecated and will be removed in Next.js 16. Please remove the usage of "next/config" from your project.

      14 | // @ts-ignore
      15 | global.TextDecoder = TextDecoder;
    > 16 |
         | ^
      17 | // Make sure you can use "publicRuntimeConfig" within tests.
      18 | setConfig({ publicRuntimeConfig: (nextConfig as NextConfig).publicRuntimeConfig });
      19 |

      at node_modules/next/config.js:5:13
      at Object.<anonymous> (node_modules/next/config.js:12:3)
      at Object.<anonymous> (src/setupTests.ts:16:17)

PASS src/components/Tooltip/Tooltip.spec.tsx
  ● Console

    console.warn
       [33m[1m⚠[22m[39m Runtime config is deprecated and will be removed in Next.js 16. Please remove the usage of "next/config" from your project.

      14 | // @ts-ignore
      15 | global.TextDecoder = TextDecoder;
    > 16 |
         | ^
      17 | // Make sure you can use "publicRuntimeConfig" within tests.
      18 | setConfig({ publicRuntimeConfig: (nextConfig as NextConfig).publicRuntimeConfig });
      19 |

      at node_modules/next/config.js:5:13
      at Object.<anonymous> (node_modules/next/config.js:12:3)
      at Object.<anonymous> (src/setupTests.ts:16:17)

PASS src/api/middlewareFunctions/__tests__/withOcpApimParams.spec.ts
  ● Console

    console.warn
       [33m[1m⚠[22m[39m Runtime config is deprecated and will be removed in Next.js 16. Please remove the usage of "next/config" from your project.

      14 | // @ts-ignore
      15 | global.TextDecoder = TextDecoder;
    > 16 |
         | ^
      17 | // Make sure you can use "publicRuntimeConfig" within tests.
      18 | setConfig({ publicRuntimeConfig: (nextConfig as NextConfig).publicRuntimeConfig });
      19 |

      at node_modules/next/config.js:5:13
      at Object.<anonymous> (node_modules/next/config.js:12:3)
      at Object.<anonymous> (src/setupTests.ts:16:17)

PASS src/hooks/__tests__/useClearStoragesOnSignOut.spec.ts
  ● Console

    console.warn
       [33m[1m⚠[22m[39m Runtime config is deprecated and will be removed in Next.js 16. Please remove the usage of "next/config" from your project.

      14 | // @ts-ignore
      15 | global.TextDecoder = TextDecoder;
    > 16 |
         | ^
      17 | // Make sure you can use "publicRuntimeConfig" within tests.
      18 | setConfig({ publicRuntimeConfig: (nextConfig as NextConfig).publicRuntimeConfig });
      19 |

      at node_modules/next/config.js:5:13
      at Object.<anonymous> (node_modules/next/config.js:12:3)
      at Object.<anonymous> (src/setupTests.ts:16:17)

PASS src/components/CustomImage/__tests__/CustomImage.spec.tsx
  ● Console

    console.warn
       [33m[1m⚠[22m[39m Runtime config is deprecated and will be removed in Next.js 16. Please remove the usage of "next/config" from your project.

      14 | // @ts-ignore
      15 | global.TextDecoder = TextDecoder;
    > 16 |
         | ^
      17 | // Make sure you can use "publicRuntimeConfig" within tests.
      18 | setConfig({ publicRuntimeConfig: (nextConfig as NextConfig).publicRuntimeConfig });
      19 |

      at node_modules/next/config.js:5:13
      at Object.<anonymous> (node_modules/next/config.js:12:3)
      at Object.<anonymous> (src/setupTests.ts:16:17)

PASS src/utils/__tests__/isContentstackApiError.spec.ts
  ● Console

    console.warn
       [33m[1m⚠[22m[39m Runtime config is deprecated and will be removed in Next.js 16. Please remove the usage of "next/config" from your project.

      14 | // @ts-ignore
      15 | global.TextDecoder = TextDecoder;
    > 16 |
         | ^
      17 | // Make sure you can use "publicRuntimeConfig" within tests.
      18 | setConfig({ publicRuntimeConfig: (nextConfig as NextConfig).publicRuntimeConfig });
      19 |

      at node_modules/next/config.js:5:13
      at Object.<anonymous> (node_modules/next/config.js:12:3)
      at Object.<anonymous> (src/setupTests.ts:16:17)

PASS src/utils/url/__tests__/removeDuplicateExtension.test.ts
  ● Console

    console.warn
       [33m[1m⚠[22m[39m Runtime config is deprecated and will be removed in Next.js 16. Please remove the usage of "next/config" from your project.

      14 | // @ts-ignore
      15 | global.TextDecoder = TextDecoder;
    > 16 |
         | ^
      17 | // Make sure you can use "publicRuntimeConfig" within tests.
      18 | setConfig({ publicRuntimeConfig: (nextConfig as NextConfig).publicRuntimeConfig });
      19 |

      at node_modules/next/config.js:5:13
      at Object.<anonymous> (node_modules/next/config.js:12:3)
      at Object.<anonymous> (src/setupTests.ts:16:17)

PASS src/hooks/__tests__/useOnlineChat.spec.ts
  ● Console

    console.warn
       [33m[1m⚠[22m[39m Runtime config is deprecated and will be removed in Next.js 16. Please remove the usage of "next/config" from your project.

      14 | // @ts-ignore
      15 | global.TextDecoder = TextDecoder;
    > 16 |
         | ^
      17 | // Make sure you can use "publicRuntimeConfig" within tests.
      18 | setConfig({ publicRuntimeConfig: (nextConfig as NextConfig).publicRuntimeConfig });
      19 |

      at node_modules/next/config.js:5:13
      at Object.<anonymous> (node_modules/next/config.js:12:3)
      at Object.<anonymous> (src/setupTests.ts:16:17)

PASS src/components/SubscriptionPrompt/__tests__/SubscriptionPromptWrapper.spec.tsx
  ● Console

    console.warn
       [33m[1m⚠[22m[39m Runtime config is deprecated and will be removed in Next.js 16. Please remove the usage of "next/config" from your project.

      14 | // @ts-ignore
      15 | global.TextDecoder = TextDecoder;
    > 16 |
         | ^
      17 | // Make sure you can use "publicRuntimeConfig" within tests.
      18 | setConfig({ publicRuntimeConfig: (nextConfig as NextConfig).publicRuntimeConfig });
      19 |

      at node_modules/next/config.js:5:13
      at Object.<anonymous> (node_modules/next/config.js:12:3)
      at Object.<anonymous> (src/setupTests.ts:16:17)

PASS src/hooks/__tests__/useBackToTop.spec.ts
  ● Console

    console.warn
       [33m[1m⚠[22m[39m Runtime config is deprecated and will be removed in Next.js 16. Please remove the usage of "next/config" from your project.

      14 | // @ts-ignore
      15 | global.TextDecoder = TextDecoder;
    > 16 |
         | ^
      17 | // Make sure you can use "publicRuntimeConfig" within tests.
      18 | setConfig({ publicRuntimeConfig: (nextConfig as NextConfig).publicRuntimeConfig });
      19 |

      at node_modules/next/config.js:5:13
      at Object.<anonymous> (node_modules/next/config.js:12:3)
      at Object.<anonymous> (src/setupTests.ts:16:17)

PASS src/components/ClientSideErrorFallback/__tests__/ClientSideErrorFallback.spec.tsx
  ● Console

    console.warn
       [33m[1m⚠[22m[39m Runtime config is deprecated and will be removed in Next.js 16. Please remove the usage of "next/config" from your project.

      14 | // @ts-ignore
      15 | global.TextDecoder = TextDecoder;
    > 16 |
         | ^
      17 | // Make sure you can use "publicRuntimeConfig" within tests.
      18 | setConfig({ publicRuntimeConfig: (nextConfig as NextConfig).publicRuntimeConfig });
      19 |

      at node_modules/next/config.js:5:13
      at Object.<anonymous> (node_modules/next/config.js:12:3)
      at Object.<anonymous> (src/setupTests.ts:16:17)

    console.error
      Error: Uncaught [Error: ]
          at Object.<anonymous> (src/components/ClientSideErrorFallback/__tests__/ClientSideErrorFallback.spec.tsx:18:35)
          at new Promise (<anonymous>) {
        detail: Error: 
            at ErroringChild (/home/bradleyjerome/projects/metrolinx/next.metrolinx.com/src/components/ClientSideErrorFallback/__tests__/ClientSideErrorFallback.spec.tsx:6:9)
            at renderWithHooks (/home/bradleyjerome/projects/metrolinx/next.metrolinx.com/node_modules/react-dom/cjs/react-dom.development.js:16305:18)
            at mountIndeterminateComponent (/home/bradleyjerome/projects/metrolinx/next.metrolinx.com/node_modules/react-dom/cjs/react-dom.development.js:20074:13)
            at beginWork (/home/bradleyjerome/projects/metrolinx/next.metrolinx.com/node_modules/react-dom/cjs/react-dom.development.js:21587:16)
            at HTMLUnknownElement.callCallback (/home/bradleyjerome/projects/metrolinx/next.metrolinx.com/node_modules/react-dom/cjs/react-dom.development.js:4164:14)
            at HTMLUnknownElement.callTheUserObjectsOperation (/home/bradleyjerome/projects/metrolinx/next.metrolinx.com/node_modules/jsdom/lib/jsdom/living/generated/EventListener.js:26:30)
            at innerInvokeEventListeners (/home/bradleyjerome/projects/metrolinx/next.metrolinx.com/node_modules/jsdom/lib/jsdom/living/events/EventTarget-impl.js:350:25)
            at invokeEventListeners (/home/bradleyjerome/projects/metrolinx/next.metrolinx.com/node_modules/jsdom/lib/jsdom/living/events/EventTarget-impl.js:286:3)
            at HTMLUnknownElementImpl._dispatch (/home/bradleyjerome/projects/metrolinx/next.metrolinx.com/node_modules/jsdom/lib/jsdom/living/events/EventTarget-impl.js:233:9)
            at HTMLUnknownElementImpl.dispatchEvent (/home/bradleyjerome/projects/metrolinx/next.metrolinx.com/node_modules/jsdom/lib/jsdom/living/events/EventTarget-impl.js:104:17)
            at HTMLUnknownElement.dispatchEvent (/home/bradleyjerome/projects/metrolinx/next.metrolinx.com/node_modules/jsdom/lib/jsdom/living/generated/EventTarget.js:241:34)
            at Object.invokeGuardedCallbackDev (/home/bradleyjerome/projects/metrolinx/next.metrolinx.com/node_modules/react-dom/cjs/react-dom.development.js:4213:16)
            at invokeGuardedCallback (/home/bradleyjerome/projects/metrolinx/next.metrolinx.com/node_modules/react-dom/cjs/react-dom.development.js:4277:31)
            at beginWork$1 (/home/bradleyjerome/projects/metrolinx/next.metrolinx.com/node_modules/react-dom/cjs/react-dom.development.js:27451:7)
            at performUnitOfWork (/home/bradleyjerome/projects/metrolinx/next.metrolinx.com/node_modules/react-dom/cjs/react-dom.development.js:26560:12)
            at workLoopSync (/home/bradleyjerome/projects/metrolinx/next.metrolinx.com/node_modules/react-dom/cjs/react-dom.development.js:26466:5)
            at renderRootSync (/home/bradleyjerome/projects/metrolinx/next.metrolinx.com/node_modules/react-dom/cjs/react-dom.development.js:26434:7)
            at performConcurrentWorkOnRoot (/home/bradleyjerome/projects/metrolinx/next.metrolinx.com/node_modules/react-dom/cjs/react-dom.development.js:25738:74)
            at flushActQueue (/home/bradleyjerome/projects/metrolinx/next.metrolinx.com/node_modules/react/cjs/react.development.js:2667:24)
            at act (/home/bradleyjerome/projects/metrolinx/next.metrolinx.com/node_modules/react/cjs/react.development.js:2582:11)
            at /home/bradleyjerome/projects/metrolinx/next.metrolinx.com/node_modules/@testing-library/react/dist/act-compat.js:46:25
            at renderRoot (/home/bradleyjerome/projects/metrolinx/next.metrolinx.com/node_modules/@testing-library/react/dist/pure.js:161:26)
            at render (/home/bradleyjerome/projects/metrolinx/next.metrolinx.com/node_modules/@testing-library/react/dist/pure.js:247:10)
            at Object.<anonymous> (/home/bradleyjerome/projects/metrolinx/next.metrolinx.com/src/components/ClientSideErrorFallback/__tests__/ClientSideErrorFallback.spec.tsx:18:35)
            at Promise.then.completed (/home/bradleyjerome/projects/metrolinx/next.metrolinx.com/node_modules/jest-circus/build/utils.js:298:28)
            at new Promise (<anonymous>)
            at callAsyncCircusFn (/home/bradleyjerome/projects/metrolinx/next.metrolinx.com/node_modules/jest-circus/build/utils.js:231:10)
            at _callCircusTest (/home/bradleyjerome/projects/metrolinx/next.metrolinx.com/node_modules/jest-circus/build/run.js:316:40)
            at processTicksAndRejections (node:internal/process/task_queues:104:5)
            at _runTest (/home/bradleyjerome/projects/metrolinx/next.metrolinx.com/node_modules/jest-circus/build/run.js:252:3)
            at _runTestsForDescribeBlock (/home/bradleyjerome/projects/metrolinx/next.metrolinx.com/node_modules/jest-circus/build/run.js:126:9)
            at _runTestsForDescribeBlock (/home/bradleyjerome/projects/metrolinx/next.metrolinx.com/node_modules/jest-circus/build/run.js:121:9)
            at run (/home/bradleyjerome/projects/metrolinx/next.metrolinx.com/node_modules/jest-circus/build/run.js:71:3)
            at runAndTransformResultsToJestFormat (/home/bradleyjerome/projects/metrolinx/next.metrolinx.com/node_modules/jest-circus/build/legacy-code-todo-rewrite/jestAdapterInit.js:122:21)
            at jestAdapter (/home/bradleyjerome/projects/metrolinx/next.metrolinx.com/node_modules/jest-circus/build/legacy-code-todo-rewrite/jestAdapter.js:79:19)
            at runTestInternal (/home/bradleyjerome/projects/metrolinx/next.metrolinx.com/node_modules/jest-runner/build/runTest.js:367:16)
            at runTest (/home/bradleyjerome/projects/metrolinx/next.metrolinx.com/node_modules/jest-runner/build/runTest.js:444:34)
            at Object.worker (/home/bradleyjerome/projects/metrolinx/next.metrolinx.com/node_modules/jest-runner/build/testWorker.js:106:12),
        type: 'unhandled exception'
      }

      16 | describe("Error Boundary", () => {
      17 |   it("should render ClientSideErrorFallback component when there is an error", () => {
    > 18 |     const { getByTestId } = render(
         |                                   ^
      19 |       <ErrorBoundary fallbackRender={(props) => <ClientSideErrorFallback {...props} />}>
      20 |         <ErroringChild />
      21 |       </ErrorBoundary>,

      at VirtualConsole.<anonymous> (node_modules/jest-environment-jsdom/build/index.js:63:23)
      at reportException (node_modules/jsdom/lib/jsdom/living/helpers/runtime-script-errors.js:70:28)
      at innerInvokeEventListeners (node_modules/jsdom/lib/jsdom/living/events/EventTarget-impl.js:353:9)
      at invokeEventListeners (node_modules/jsdom/lib/jsdom/living/events/EventTarget-impl.js:286:3)
      at HTMLUnknownElementImpl._dispatch (node_modules/jsdom/lib/jsdom/living/events/EventTarget-impl.js:233:9)
      at HTMLUnknownElementImpl.dispatchEvent (node_modules/jsdom/lib/jsdom/living/events/EventTarget-impl.js:104:17)
      at HTMLUnknownElement.dispatchEvent (node_modules/jsdom/lib/jsdom/living/generated/EventTarget.js:241:34)
      at Object.invokeGuardedCallbackDev (node_modules/react-dom/cjs/react-dom.development.js:4213:16)
      at invokeGuardedCallback (node_modules/react-dom/cjs/react-dom.development.js:4277:31)
      at beginWork$1 (node_modules/react-dom/cjs/react-dom.development.js:27451:7)
      at performUnitOfWork (node_modules/react-dom/cjs/react-dom.development.js:26560:12)
      at workLoopSync (node_modules/react-dom/cjs/react-dom.development.js:26466:5)
      at renderRootSync (node_modules/react-dom/cjs/react-dom.development.js:26434:7)
      at performConcurrentWorkOnRoot (node_modules/react-dom/cjs/react-dom.development.js:25738:74)
      at flushActQueue (node_modules/react/cjs/react.development.js:2667:24)
      at act (node_modules/react/cjs/react.development.js:2582:11)
      at node_modules/@testing-library/react/dist/act-compat.js:46:25
      at renderRoot (node_modules/@testing-library/react/dist/pure.js:161:26)
      at render (node_modules/@testing-library/react/dist/pure.js:247:10)
      at Object.<anonymous> (src/components/ClientSideErrorFallback/__tests__/ClientSideErrorFallback.spec.tsx:18:35)

    console.error
      Error: Uncaught [Error: ]
          at Object.<anonymous> (src/components/ClientSideErrorFallback/__tests__/ClientSideErrorFallback.spec.tsx:18:35)
          at new Promise (<anonymous>) {
        detail: Error: 
            at ErroringChild (/home/bradleyjerome/projects/metrolinx/next.metrolinx.com/src/components/ClientSideErrorFallback/__tests__/ClientSideErrorFallback.spec.tsx:6:9)
            at renderWithHooks (/home/bradleyjerome/projects/metrolinx/next.metrolinx.com/node_modules/react-dom/cjs/react-dom.development.js:16305:18)
            at mountIndeterminateComponent (/home/bradleyjerome/projects/metrolinx/next.metrolinx.com/node_modules/react-dom/cjs/react-dom.development.js:20074:13)
            at beginWork (/home/bradleyjerome/projects/metrolinx/next.metrolinx.com/node_modules/react-dom/cjs/react-dom.development.js:21587:16)
            at HTMLUnknownElement.callCallback (/home/bradleyjerome/projects/metrolinx/next.metrolinx.com/node_modules/react-dom/cjs/react-dom.development.js:4164:14)
            at HTMLUnknownElement.callTheUserObjectsOperation (/home/bradleyjerome/projects/metrolinx/next.metrolinx.com/node_modules/jsdom/lib/jsdom/living/generated/EventListener.js:26:30)
            at innerInvokeEventListeners (/home/bradleyjerome/projects/metrolinx/next.metrolinx.com/node_modules/jsdom/lib/jsdom/living/events/EventTarget-impl.js:350:25)
            at invokeEventListeners (/home/bradleyjerome/projects/metrolinx/next.metrolinx.com/node_modules/jsdom/lib/jsdom/living/events/EventTarget-impl.js:286:3)
            at HTMLUnknownElementImpl._dispatch (/home/bradleyjerome/projects/metrolinx/next.metrolinx.com/node_modules/jsdom/lib/jsdom/living/events/EventTarget-impl.js:233:9)
            at HTMLUnknownElementImpl.dispatchEvent (/home/bradleyjerome/projects/metrolinx/next.metrolinx.com/node_modules/jsdom/lib/jsdom/living/events/EventTarget-impl.js:104:17)
            at HTMLUnknownElement.dispatchEvent (/home/bradleyjerome/projects/metrolinx/next.metrolinx.com/node_modules/jsdom/lib/jsdom/living/generated/EventTarget.js:241:34)
            at Object.invokeGuardedCallbackDev (/home/bradleyjerome/projects/metrolinx/next.metrolinx.com/node_modules/react-dom/cjs/react-dom.development.js:4213:16)
            at invokeGuardedCallback (/home/bradleyjerome/projects/metrolinx/next.metrolinx.com/node_modules/react-dom/cjs/react-dom.development.js:4277:31)
            at beginWork$1 (/home/bradleyjerome/projects/metrolinx/next.metrolinx.com/node_modules/react-dom/cjs/react-dom.development.js:27451:7)
            at performUnitOfWork (/home/bradleyjerome/projects/metrolinx/next.metrolinx.com/node_modules/react-dom/cjs/react-dom.development.js:26560:12)
            at workLoopSync (/home/bradleyjerome/projects/metrolinx/next.metrolinx.com/node_modules/react-dom/cjs/react-dom.development.js:26466:5)
            at renderRootSync (/home/bradleyjerome/projects/metrolinx/next.metrolinx.com/node_modules/react-dom/cjs/react-dom.development.js:26434:7)
            at recoverFromConcurrentError (/home/bradleyjerome/projects/metrolinx/next.metrolinx.com/node_modules/react-dom/cjs/react-dom.development.js:25850:20)
            at performConcurrentWorkOnRoot (/home/bradleyjerome/projects/metrolinx/next.metrolinx.com/node_modules/react-dom/cjs/react-dom.development.js:25750:22)
            at flushActQueue (/home/bradleyjerome/projects/metrolinx/next.metrolinx.com/node_modules/react/cjs/react.development.js:2667:24)
            at act (/home/bradleyjerome/projects/metrolinx/next.metrolinx.com/node_modules/react/cjs/react.development.js:2582:11)
            at /home/bradleyjerome/projects/metrolinx/next.metrolinx.com/node_modules/@testing-library/react/dist/act-compat.js:46:25
            at renderRoot (/home/bradleyjerome/projects/metrolinx/next.metrolinx.com/node_modules/@testing-library/react/dist/pure.js:161:26)
            at render (/home/bradleyjerome/projects/metrolinx/next.metrolinx.com/node_modules/@testing-library/react/dist/pure.js:247:10)
            at Object.<anonymous> (/home/bradleyjerome/projects/metrolinx/next.metrolinx.com/src/components/ClientSideErrorFallback/__tests__/ClientSideErrorFallback.spec.tsx:18:35)
            at Promise.then.completed (/home/bradleyjerome/projects/metrolinx/next.metrolinx.com/node_modules/jest-circus/build/utils.js:298:28)
            at new Promise (<anonymous>)
            at callAsyncCircusFn (/home/bradleyjerome/projects/metrolinx/next.metrolinx.com/node_modules/jest-circus/build/utils.js:231:10)
            at _callCircusTest (/home/bradleyjerome/projects/metrolinx/next.metrolinx.com/node_modules/jest-circus/build/run.js:316:40)
            at processTicksAndRejections (node:internal/process/task_queues:104:5)
            at _runTest (/home/bradleyjerome/projects/metrolinx/next.metrolinx.com/node_modules/jest-circus/build/run.js:252:3)
            at _runTestsForDescribeBlock (/home/bradleyjerome/projects/metrolinx/next.metrolinx.com/node_modules/jest-circus/build/run.js:126:9)
            at _runTestsForDescribeBlock (/home/bradleyjerome/projects/metrolinx/next.metrolinx.com/node_modules/jest-circus/build/run.js:121:9)
            at run (/home/bradleyjerome/projects/metrolinx/next.metrolinx.com/node_modules/jest-circus/build/run.js:71:3)
            at runAndTransformResultsToJestFormat (/home/bradleyjerome/projects/metrolinx/next.metrolinx.com/node_modules/jest-circus/build/legacy-code-todo-rewrite/jestAdapterInit.js:122:21)
            at jestAdapter (/home/bradleyjerome/projects/metrolinx/next.metrolinx.com/node_modules/jest-circus/build/legacy-code-todo-rewrite/jestAdapter.js:79:19)
            at runTestInternal (/home/bradleyjerome/projects/metrolinx/next.metrolinx.com/node_modules/jest-runner/build/runTest.js:367:16)
            at runTest (/home/bradleyjerome/projects/metrolinx/next.metrolinx.com/node_modules/jest-runner/build/runTest.js:444:34)
            at Object.worker (/home/bradleyjerome/projects/metrolinx/next.metrolinx.com/node_modules/jest-runner/build/testWorker.js:106:12),
        type: 'unhandled exception'
      }

      16 | describe("Error Boundary", () => {
      17 |   it("should render ClientSideErrorFallback component when there is an error", () => {
    > 18 |     const { getByTestId } = render(
         |                                   ^
      19 |       <ErrorBoundary fallbackRender={(props) => <ClientSideErrorFallback {...props} />}>
      20 |         <ErroringChild />
      21 |       </ErrorBoundary>,

      at VirtualConsole.<anonymous> (node_modules/jest-environment-jsdom/build/index.js:63:23)
      at reportException (node_modules/jsdom/lib/jsdom/living/helpers/runtime-script-errors.js:70:28)
      at innerInvokeEventListeners (node_modules/jsdom/lib/jsdom/living/events/EventTarget-impl.js:353:9)
      at invokeEventListeners (node_modules/jsdom/lib/jsdom/living/events/EventTarget-impl.js:286:3)
      at HTMLUnknownElementImpl._dispatch (node_modules/jsdom/lib/jsdom/living/events/EventTarget-impl.js:233:9)
      at HTMLUnknownElementImpl.dispatchEvent (node_modules/jsdom/lib/jsdom/living/events/EventTarget-impl.js:104:17)
      at HTMLUnknownElement.dispatchEvent (node_modules/jsdom/lib/jsdom/living/generated/EventTarget.js:241:34)
      at Object.invokeGuardedCallbackDev (node_modules/react-dom/cjs/react-dom.development.js:4213:16)
      at invokeGuardedCallback (node_modules/react-dom/cjs/react-dom.development.js:4277:31)
      at beginWork$1 (node_modules/react-dom/cjs/react-dom.development.js:27451:7)
      at performUnitOfWork (node_modules/react-dom/cjs/react-dom.development.js:26560:12)
      at workLoopSync (node_modules/react-dom/cjs/react-dom.development.js:26466:5)
      at renderRootSync (node_modules/react-dom/cjs/react-dom.development.js:26434:7)
      at recoverFromConcurrentError (node_modules/react-dom/cjs/react-dom.development.js:25850:20)
      at performConcurrentWorkOnRoot (node_modules/react-dom/cjs/react-dom.development.js:25750:22)
      at flushActQueue (node_modules/react/cjs/react.development.js:2667:24)
      at act (node_modules/react/cjs/react.development.js:2582:11)
      at node_modules/@testing-library/react/dist/act-compat.js:46:25
      at renderRoot (node_modules/@testing-library/react/dist/pure.js:161:26)
      at render (node_modules/@testing-library/react/dist/pure.js:247:10)
      at Object.<anonymous> (src/components/ClientSideErrorFallback/__tests__/ClientSideErrorFallback.spec.tsx:18:35)

    console.error
      The above error occurred in the <ErroringChild> component:
      
          at ErroringChild (/home/bradleyjerome/projects/metrolinx/next.metrolinx.com/src/components/ClientSideErrorFallback/__tests__/ClientSideErrorFallback.spec.tsx:6:9)
          at ErrorBoundary (/home/bradleyjerome/projects/metrolinx/next.metrolinx.com/node_modules/react-error-boundary/dist/react-error-boundary.cjs.js:59:35)
      
      React will try to recreate this component tree from scratch using the error boundary you provided, ErrorBoundary.

      16 | describe("Error Boundary", () => {
      17 |   it("should render ClientSideErrorFallback component when there is an error", () => {
    > 18 |     const { getByTestId } = render(
         |                                   ^
      19 |       <ErrorBoundary fallbackRender={(props) => <ClientSideErrorFallback {...props} />}>
      20 |         <ErroringChild />
      21 |       </ErrorBoundary>,

      at logCapturedError (node_modules/react-dom/cjs/react-dom.development.js:18687:23)
      at ErrorBoundary.callback (node_modules/react-dom/cjs/react-dom.development.js:18755:7)
      at callCallback (node_modules/react-dom/cjs/react-dom.development.js:13923:12)
      at commitUpdateQueue (node_modules/react-dom/cjs/react-dom.development.js:13944:9)
      at commitLayoutEffectOnFiber (node_modules/react-dom/cjs/react-dom.development.js:23364:13)
      at commitLayoutMountEffects_complete (node_modules/react-dom/cjs/react-dom.development.js:24688:9)
      at commitLayoutEffects_begin (node_modules/react-dom/cjs/react-dom.development.js:24674:7)
      at commitLayoutEffects (node_modules/react-dom/cjs/react-dom.development.js:24612:3)
      at commitRootImpl (node_modules/react-dom/cjs/react-dom.development.js:26823:5)
      at commitRoot (node_modules/react-dom/cjs/react-dom.development.js:26682:5)
      at finishConcurrentRender (node_modules/react-dom/cjs/react-dom.development.js:25892:9)
      at performConcurrentWorkOnRoot (node_modules/react-dom/cjs/react-dom.development.js:25809:7)
      at flushActQueue (node_modules/react/cjs/react.development.js:2667:24)
      at act (node_modules/react/cjs/react.development.js:2582:11)
      at node_modules/@testing-library/react/dist/act-compat.js:46:25
      at renderRoot (node_modules/@testing-library/react/dist/pure.js:161:26)
      at render (node_modules/@testing-library/react/dist/pure.js:247:10)
      at Object.<anonymous> (src/components/ClientSideErrorFallback/__tests__/ClientSideErrorFallback.spec.tsx:18:35)

PASS src/utils/__tests__/isObject.spec.ts
  ● Console

    console.warn
       [33m[1m⚠[22m[39m Runtime config is deprecated and will be removed in Next.js 16. Please remove the usage of "next/config" from your project.

      14 | // @ts-ignore
      15 | global.TextDecoder = TextDecoder;
    > 16 |
         | ^
      17 | // Make sure you can use "publicRuntimeConfig" within tests.
      18 | setConfig({ publicRuntimeConfig: (nextConfig as NextConfig).publicRuntimeConfig });
      19 |

      at node_modules/next/config.js:5:13
      at Object.<anonymous> (node_modules/next/config.js:12:3)
      at Object.<anonymous> (src/setupTests.ts:16:17)

PASS src/components/CookiesBanner/bannerTemplate.spec.ts
  ● Console

    console.warn
       [33m[1m⚠[22m[39m Runtime config is deprecated and will be removed in Next.js 16. Please remove the usage of "next/config" from your project.

      14 | // @ts-ignore
      15 | global.TextDecoder = TextDecoder;
    > 16 |
         | ^
      17 | // Make sure you can use "publicRuntimeConfig" within tests.
      18 | setConfig({ publicRuntimeConfig: (nextConfig as NextConfig).publicRuntimeConfig });
      19 |

      at node_modules/next/config.js:5:13
      at Object.<anonymous> (node_modules/next/config.js:12:3)
      at Object.<anonymous> (src/setupTests.ts:16:17)

PASS src/components/Input/InputField.spec.tsx
  ● Console

    console.warn
       [33m[1m⚠[22m[39m Runtime config is deprecated and will be removed in Next.js 16. Please remove the usage of "next/config" from your project.

      14 | // @ts-ignore
      15 | global.TextDecoder = TextDecoder;
    > 16 |
         | ^
      17 | // Make sure you can use "publicRuntimeConfig" within tests.
      18 | setConfig({ publicRuntimeConfig: (nextConfig as NextConfig).publicRuntimeConfig });
      19 |

      at node_modules/next/config.js:5:13
      at Object.<anonymous> (node_modules/next/config.js:12:3)
      at Object.<anonymous> (src/setupTests.ts:16:17)

PASS src/services/__tests__/eventsService.spec.ts
  ● Console

    console.warn
       [33m[1m⚠[22m[39m Runtime config is deprecated and will be removed in Next.js 16. Please remove the usage of "next/config" from your project.

      14 | // @ts-ignore
      15 | global.TextDecoder = TextDecoder;
    > 16 |
         | ^
      17 | // Make sure you can use "publicRuntimeConfig" within tests.
      18 | setConfig({ publicRuntimeConfig: (nextConfig as NextConfig).publicRuntimeConfig });
      19 |

      at node_modules/next/config.js:5:13
      at Object.<anonymous> (node_modules/next/config.js:12:3)
      at Object.<anonymous> (src/setupTests.ts:16:17)

PASS src/hooks/__tests__/useSort.spec.ts
  ● Console

    console.warn
       [33m[1m⚠[22m[39m Runtime config is deprecated and will be removed in Next.js 16. Please remove the usage of "next/config" from your project.

      14 | // @ts-ignore
      15 | global.TextDecoder = TextDecoder;
    > 16 |
         | ^
      17 | // Make sure you can use "publicRuntimeConfig" within tests.
      18 | setConfig({ publicRuntimeConfig: (nextConfig as NextConfig).publicRuntimeConfig });
      19 |

      at node_modules/next/config.js:5:13
      at Object.<anonymous> (node_modules/next/config.js:12:3)
      at Object.<anonymous> (src/setupTests.ts:16:17)

PASS src/components/SubscriptionPrompt/__tests__/SubscriptionPromptContainer.spec.tsx
  ● Console

    console.warn
       [33m[1m⚠[22m[39m Runtime config is deprecated and will be removed in Next.js 16. Please remove the usage of "next/config" from your project.

      14 | // @ts-ignore
      15 | global.TextDecoder = TextDecoder;
    > 16 |
         | ^
      17 | // Make sure you can use "publicRuntimeConfig" within tests.
      18 | setConfig({ publicRuntimeConfig: (nextConfig as NextConfig).publicRuntimeConfig });
      19 |

      at node_modules/next/config.js:5:13
      at Object.<anonymous> (node_modules/next/config.js:12:3)
      at Object.<anonymous> (src/setupTests.ts:16:17)

PASS src/components/ErrorBoundary/ErrorBoundary.spec.tsx
  ● Console

    console.warn
       [33m[1m⚠[22m[39m Runtime config is deprecated and will be removed in Next.js 16. Please remove the usage of "next/config" from your project.

      14 | // @ts-ignore
      15 | global.TextDecoder = TextDecoder;
    > 16 |
         | ^
      17 | // Make sure you can use "publicRuntimeConfig" within tests.
      18 | setConfig({ publicRuntimeConfig: (nextConfig as NextConfig).publicRuntimeConfig });
      19 |

      at node_modules/next/config.js:5:13
      at Object.<anonymous> (node_modules/next/config.js:12:3)
      at Object.<anonymous> (src/setupTests.ts:16:17)

PASS src/utils/__tests__/pageDataCache.spec.ts
  ● Console

    console.warn
       [33m[1m⚠[22m[39m Runtime config is deprecated and will be removed in Next.js 16. Please remove the usage of "next/config" from your project.

      14 | // @ts-ignore
      15 | global.TextDecoder = TextDecoder;
    > 16 |
         | ^
      17 | // Make sure you can use "publicRuntimeConfig" within tests.
      18 | setConfig({ publicRuntimeConfig: (nextConfig as NextConfig).publicRuntimeConfig });
      19 |

      at node_modules/next/config.js:5:13
      at Object.<anonymous> (node_modules/next/config.js:12:3)
      at Object.<anonymous> (src/setupTests.ts:16:17)

PASS src/utils/user/__tests__/transformPostalCode.spec.ts
  ● Console

    console.warn
       [33m[1m⚠[22m[39m Runtime config is deprecated and will be removed in Next.js 16. Please remove the usage of "next/config" from your project.

      14 | // @ts-ignore
      15 | global.TextDecoder = TextDecoder;
    > 16 |
         | ^
      17 | // Make sure you can use "publicRuntimeConfig" within tests.
      18 | setConfig({ publicRuntimeConfig: (nextConfig as NextConfig).publicRuntimeConfig });
      19 |

      at node_modules/next/config.js:5:13
      at Object.<anonymous> (node_modules/next/config.js:12:3)
      at Object.<anonymous> (src/setupTests.ts:16:17)

PASS src/utils/url/__tests__/getPathname.spec.ts
  ● Console

    console.warn
       [33m[1m⚠[22m[39m Runtime config is deprecated and will be removed in Next.js 16. Please remove the usage of "next/config" from your project.

      14 | // @ts-ignore
      15 | global.TextDecoder = TextDecoder;
    > 16 |
         | ^
      17 | // Make sure you can use "publicRuntimeConfig" within tests.
      18 | setConfig({ publicRuntimeConfig: (nextConfig as NextConfig).publicRuntimeConfig });
      19 |

      at node_modules/next/config.js:5:13
      at Object.<anonymous> (node_modules/next/config.js:12:3)
      at Object.<anonymous> (src/setupTests.ts:16:17)

PASS src/components/Onboarding/__tests__/utils.spec.ts
  ● Console

    console.warn
       [33m[1m⚠[22m[39m Runtime config is deprecated and will be removed in Next.js 16. Please remove the usage of "next/config" from your project.

      14 | // @ts-ignore
      15 | global.TextDecoder = TextDecoder;
    > 16 |
         | ^
      17 | // Make sure you can use "publicRuntimeConfig" within tests.
      18 | setConfig({ publicRuntimeConfig: (nextConfig as NextConfig).publicRuntimeConfig });
      19 |

      at node_modules/next/config.js:5:13
      at Object.<anonymous> (node_modules/next/config.js:12:3)
      at Object.<anonymous> (src/setupTests.ts:16:17)

PASS src/components/pages/RegionTopicPage/__tests__/RegionTopicPage.spec.tsx
  ● Console

    console.warn
       [33m[1m⚠[22m[39m Runtime config is deprecated and will be removed in Next.js 16. Please remove the usage of "next/config" from your project.

      14 | // @ts-ignore
      15 | global.TextDecoder = TextDecoder;
    > 16 |
         | ^
      17 | // Make sure you can use "publicRuntimeConfig" within tests.
      18 | setConfig({ publicRuntimeConfig: (nextConfig as NextConfig).publicRuntimeConfig });
      19 |

      at node_modules/next/config.js:5:13
      at Object.<anonymous> (node_modules/next/config.js:12:3)
      at Object.<anonymous> (src/setupTests.ts:16:17)

PASS src/hooks/__tests__/useAuthRefetchInterval.spec.ts
  ● Console

    console.warn
       [33m[1m⚠[22m[39m Runtime config is deprecated and will be removed in Next.js 16. Please remove the usage of "next/config" from your project.

      14 | // @ts-ignore
      15 | global.TextDecoder = TextDecoder;
    > 16 |
         | ^
      17 | // Make sure you can use "publicRuntimeConfig" within tests.
      18 | setConfig({ publicRuntimeConfig: (nextConfig as NextConfig).publicRuntimeConfig });
      19 |

      at node_modules/next/config.js:5:13
      at Object.<anonymous> (node_modules/next/config.js:12:3)
      at Object.<anonymous> (src/setupTests.ts:16:17)

    console.error
      Warning: An update to TestComponent inside a test was not wrapped in act(...).
      
      When testing, code that causes React state updates should be wrapped into act(...):
      
      act(() => {
        /* fire events that update state */
      });
      /* assert on the output */
      
      This ensures that you're testing the behavior the user would see in the browser. Learn more at https://reactjs.org/link/wrap-tests-with-act
          at TestComponent (/home/bradleyjerome/projects/metrolinx/next.metrolinx.com/node_modules/@testing-library/react/dist/pure.js:278:5)

      38 |         if (!session) return;
      39 |
    > 40 |         setSession(session);
         |         ^
      41 |       })
      42 |       .finally(() => setIsLoading(false));
      43 |

      at printWarning (node_modules/react-dom/cjs/react-dom.development.js:86:30)
      at error (node_modules/react-dom/cjs/react-dom.development.js:60:7)
      at warnIfUpdatesNotWrappedWithActDEV (node_modules/react-dom/cjs/react-dom.development.js:27589:9)
      at scheduleUpdateOnFiber (node_modules/react-dom/cjs/react-dom.development.js:25508:5)
      at dispatchSetState (node_modules/react-dom/cjs/react-dom.development.js:17527:7)
      at setSession (src/hooks/useAuthRefetchInterval.ts:40:9)

    console.error
      Warning: An update to TestComponent inside a test was not wrapped in act(...).
      
      When testing, code that causes React state updates should be wrapped into act(...):
      
      act(() => {
        /* fire events that update state */
      });
      /* assert on the output */
      
      This ensures that you're testing the behavior the user would see in the browser. Learn more at https://reactjs.org/link/wrap-tests-with-act
          at TestComponent (/home/bradleyjerome/projects/metrolinx/next.metrolinx.com/node_modules/@testing-library/react/dist/pure.js:278:5)

      40 |         setSession(session);
      41 |       })
    > 42 |       .finally(() => setIsLoading(false));
         |                      ^
      43 |
      44 |     return () => {
      45 |       window.removeEventListener("mousedown", debouncedHandleEvent, true);

      at printWarning (node_modules/react-dom/cjs/react-dom.development.js:86:30)
      at error (node_modules/react-dom/cjs/react-dom.development.js:60:7)
      at warnIfUpdatesNotWrappedWithActDEV (node_modules/react-dom/cjs/react-dom.development.js:27589:9)
      at scheduleUpdateOnFiber (node_modules/react-dom/cjs/react-dom.development.js:25508:5)
      at dispatchSetState (node_modules/react-dom/cjs/react-dom.development.js:17527:7)
      at setIsLoading (src/hooks/useAuthRefetchInterval.ts:42:22)

    console.error
      Warning: An update to TestComponent inside a test was not wrapped in act(...).
      
      When testing, code that causes React state updates should be wrapped into act(...):
      
      act(() => {
        /* fire events that update state */
      });
      /* assert on the output */
      
      This ensures that you're testing the behavior the user would see in the browser. Learn more at https://reactjs.org/link/wrap-tests-with-act
          at TestComponent (/home/bradleyjerome/projects/metrolinx/next.metrolinx.com/node_modules/@testing-library/react/dist/pure.js:278:5)

      70 |
      71 |     timer.current = setTimeout(
    > 72 |       () => setRefetchInterval((prevState) => (prevState !== 0 ? 0 : prevState)),
         |             ^
      73 |       TIMEOUT_INTERVAL,
      74 |     );
      75 |

      at printWarning (node_modules/react-dom/cjs/react-dom.development.js:86:30)
      at error (node_modules/react-dom/cjs/react-dom.development.js:60:7)
      at warnIfUpdatesNotWrappedWithActDEV (node_modules/react-dom/cjs/react-dom.development.js:27589:9)
      at scheduleUpdateOnFiber (node_modules/react-dom/cjs/react-dom.development.js:25508:5)
      at dispatchSetState (node_modules/react-dom/cjs/react-dom.development.js:17527:7)
      at setRefetchInterval (src/hooks/useAuthRefetchInterval.ts:72:13)
      at callTimer (node_modules/@sinonjs/fake-timers/src/fake-timers-src.js:744:24)
      at doTickInner (node_modules/@sinonjs/fake-timers/src/fake-timers-src.js:1312:29)
      at doTick (node_modules/@sinonjs/fake-timers/src/fake-timers-src.js:1393:20)
      at Object.tick (node_modules/@sinonjs/fake-timers/src/fake-timers-src.js:1401:20)
      at Object.runToLast (node_modules/@sinonjs/fake-timers/src/fake-timers-src.js:1558:26)
      at FakeTimers.runOnlyPendingTimers (node_modules/@jest/fake-timers/build/modernFakeTimers.js:60:19)
      at Object.runOnlyPendingTimers (src/hooks/__tests__/useAuthRefetchInterval.spec.ts:15:10)

PASS src/components/pages/ConstructionNoticePage/__tests__/date.spec.ts
  ● Console

    console.warn
       [33m[1m⚠[22m[39m Runtime config is deprecated and will be removed in Next.js 16. Please remove the usage of "next/config" from your project.

      14 | // @ts-ignore
      15 | global.TextDecoder = TextDecoder;
    > 16 |
         | ^
      17 | // Make sure you can use "publicRuntimeConfig" within tests.
      18 | setConfig({ publicRuntimeConfig: (nextConfig as NextConfig).publicRuntimeConfig });
      19 |

      at node_modules/next/config.js:5:13
      at Object.<anonymous> (node_modules/next/config.js:12:3)
      at Object.<anonymous> (src/setupTests.ts:16:17)

PASS src/utils/url/__tests__/getApiV1Url.spec.ts
  ● Console

    console.warn
       [33m[1m⚠[22m[39m Runtime config is deprecated and will be removed in Next.js 16. Please remove the usage of "next/config" from your project.

      14 | // @ts-ignore
      15 | global.TextDecoder = TextDecoder;
    > 16 |
         | ^
      17 | // Make sure you can use "publicRuntimeConfig" within tests.
      18 | setConfig({ publicRuntimeConfig: (nextConfig as NextConfig).publicRuntimeConfig });
      19 |

      at node_modules/next/config.js:5:13
      at Object.<anonymous> (node_modules/next/config.js:12:3)
      at Object.<anonymous> (src/setupTests.ts:16:17)

PASS src/services/__tests__/regionService.spec.ts
  ● Console

    console.warn
       [33m[1m⚠[22m[39m Runtime config is deprecated and will be removed in Next.js 16. Please remove the usage of "next/config" from your project.

      14 | // @ts-ignore
      15 | global.TextDecoder = TextDecoder;
    > 16 |
         | ^
      17 | // Make sure you can use "publicRuntimeConfig" within tests.
      18 | setConfig({ publicRuntimeConfig: (nextConfig as NextConfig).publicRuntimeConfig });
      19 |

      at node_modules/next/config.js:5:13
      at Object.<anonymous> (node_modules/next/config.js:12:3)
      at Object.<anonymous> (src/setupTests.ts:16:17)

PASS src/utils/__tests__/isBrowser.spec.ts
  ● Console

    console.warn
       [33m[1m⚠[22m[39m Runtime config is deprecated and will be removed in Next.js 16. Please remove the usage of "next/config" from your project.

      14 | // @ts-ignore
      15 | global.TextDecoder = TextDecoder;
    > 16 |
         | ^
      17 | // Make sure you can use "publicRuntimeConfig" within tests.
      18 | setConfig({ publicRuntimeConfig: (nextConfig as NextConfig).publicRuntimeConfig });
      19 |

      at node_modules/next/config.js:5:13
      at Object.<anonymous> (node_modules/next/config.js:12:3)
      at Object.<anonymous> (src/setupTests.ts:16:17)

PASS src/utils/__tests__/cookies.spec.ts
  ● Console

    console.warn
       [33m[1m⚠[22m[39m Runtime config is deprecated and will be removed in Next.js 16. Please remove the usage of "next/config" from your project.

      14 | // @ts-ignore
      15 | global.TextDecoder = TextDecoder;
    > 16 |
         | ^
      17 | // Make sure you can use "publicRuntimeConfig" within tests.
      18 | setConfig({ publicRuntimeConfig: (nextConfig as NextConfig).publicRuntimeConfig });
      19 |

      at node_modules/next/config.js:5:13
      at Object.<anonymous> (node_modules/next/config.js:12:3)
      at Object.<anonymous> (src/setupTests.ts:16:17)

PASS src/components/CommonAnalytics/CommonAnalytics.spec.tsx
  ● Console

    console.warn
       [33m[1m⚠[22m[39m Runtime config is deprecated and will be removed in Next.js 16. Please remove the usage of "next/config" from your project.

      14 | // @ts-ignore
      15 | global.TextDecoder = TextDecoder;
    > 16 |
         | ^
      17 | // Make sure you can use "publicRuntimeConfig" within tests.
      18 | setConfig({ publicRuntimeConfig: (nextConfig as NextConfig).publicRuntimeConfig });
      19 |

      at node_modules/next/config.js:5:13
      at Object.<anonymous> (node_modules/next/config.js:12:3)
      at Object.<anonymous> (src/setupTests.ts:16:17)

PASS src/utils/__tests__/parseJson.spec.ts
  ● Console

    console.warn
       [33m[1m⚠[22m[39m Runtime config is deprecated and will be removed in Next.js 16. Please remove the usage of "next/config" from your project.

      14 | // @ts-ignore
      15 | global.TextDecoder = TextDecoder;
    > 16 |
         | ^
      17 | // Make sure you can use "publicRuntimeConfig" within tests.
      18 | setConfig({ publicRuntimeConfig: (nextConfig as NextConfig).publicRuntimeConfig });
      19 |

      at node_modules/next/config.js:5:13
      at Object.<anonymous> (node_modules/next/config.js:12:3)
      at Object.<anonymous> (src/setupTests.ts:16:17)

PASS src/services/v1-api/__tests__/getSubscriptions.spec.ts
  ● Console

    console.warn
       [33m[1m⚠[22m[39m Runtime config is deprecated and will be removed in Next.js 16. Please remove the usage of "next/config" from your project.

      14 | // @ts-ignore
      15 | global.TextDecoder = TextDecoder;
    > 16 |
         | ^
      17 | // Make sure you can use "publicRuntimeConfig" within tests.
      18 | setConfig({ publicRuntimeConfig: (nextConfig as NextConfig).publicRuntimeConfig });
      19 |

      at node_modules/next/config.js:5:13
      at Object.<anonymous> (node_modules/next/config.js:12:3)
      at Object.<anonymous> (src/setupTests.ts:16:17)

PASS src/components/CustomLink/CustomLink.spec.tsx
  ● Console

    console.warn
       [33m[1m⚠[22m[39m Runtime config is deprecated and will be removed in Next.js 16. Please remove the usage of "next/config" from your project.

      14 | // @ts-ignore
      15 | global.TextDecoder = TextDecoder;
    > 16 |
         | ^
      17 | // Make sure you can use "publicRuntimeConfig" within tests.
      18 | setConfig({ publicRuntimeConfig: (nextConfig as NextConfig).publicRuntimeConfig });
      19 |

      at node_modules/next/config.js:5:13
      at Object.<anonymous> (node_modules/next/config.js:12:3)
      at Object.<anonymous> (src/setupTests.ts:16:17)

PASS src/services/__tests__/userProfileService.spec.ts
  ● Console

    console.warn
       [33m[1m⚠[22m[39m Runtime config is deprecated and will be removed in Next.js 16. Please remove the usage of "next/config" from your project.

      14 | // @ts-ignore
      15 | global.TextDecoder = TextDecoder;
    > 16 |
         | ^
      17 | // Make sure you can use "publicRuntimeConfig" within tests.
      18 | setConfig({ publicRuntimeConfig: (nextConfig as NextConfig).publicRuntimeConfig });
      19 |

      at node_modules/next/config.js:5:13
      at Object.<anonymous> (node_modules/next/config.js:12:3)
      at Object.<anonymous> (src/setupTests.ts:16:17)

PASS src/utils/__tests__/refineClientData.spec.ts
  ● Console

    console.warn
       [33m[1m⚠[22m[39m Runtime config is deprecated and will be removed in Next.js 16. Please remove the usage of "next/config" from your project.

      14 | // @ts-ignore
      15 | global.TextDecoder = TextDecoder;
    > 16 |
         | ^
      17 | // Make sure you can use "publicRuntimeConfig" within tests.
      18 | setConfig({ publicRuntimeConfig: (nextConfig as NextConfig).publicRuntimeConfig });
      19 |

      at node_modules/next/config.js:5:13
      at Object.<anonymous> (node_modules/next/config.js:12:3)
      at Object.<anonymous> (src/setupTests.ts:16:17)

PASS src/services/v1-api/__tests__/subscribeToEmail.spec.ts
  ● Console

    console.warn
       [33m[1m⚠[22m[39m Runtime config is deprecated and will be removed in Next.js 16. Please remove the usage of "next/config" from your project.

      14 | // @ts-ignore
      15 | global.TextDecoder = TextDecoder;
    > 16 |
         | ^
      17 | // Make sure you can use "publicRuntimeConfig" within tests.
      18 | setConfig({ publicRuntimeConfig: (nextConfig as NextConfig).publicRuntimeConfig });
      19 |

      at node_modules/next/config.js:5:13
      at Object.<anonymous> (node_modules/next/config.js:12:3)
      at Object.<anonymous> (src/setupTests.ts:16:17)

PASS src/utils/subscriptions/__tests__/sortFormValues.spec.ts
  ● Console

    console.warn
       [33m[1m⚠[22m[39m Runtime config is deprecated and will be removed in Next.js 16. Please remove the usage of "next/config" from your project.

      14 | // @ts-ignore
      15 | global.TextDecoder = TextDecoder;
    > 16 |
         | ^
      17 | // Make sure you can use "publicRuntimeConfig" within tests.
      18 | setConfig({ publicRuntimeConfig: (nextConfig as NextConfig).publicRuntimeConfig });
      19 |

      at node_modules/next/config.js:5:13
      at Object.<anonymous> (node_modules/next/config.js:12:3)
      at Object.<anonymous> (src/setupTests.ts:16:17)

PASS src/services/v1-api/__tests__/getUserProfile.spec.ts
  ● Console

    console.warn
       [33m[1m⚠[22m[39m Runtime config is deprecated and will be removed in Next.js 16. Please remove the usage of "next/config" from your project.

      14 | // @ts-ignore
      15 | global.TextDecoder = TextDecoder;
    > 16 |
         | ^
      17 | // Make sure you can use "publicRuntimeConfig" within tests.
      18 | setConfig({ publicRuntimeConfig: (nextConfig as NextConfig).publicRuntimeConfig });
      19 |

      at node_modules/next/config.js:5:13
      at Object.<anonymous> (node_modules/next/config.js:12:3)
      at Object.<anonymous> (src/setupTests.ts:16:17)

PASS src/utils/__tests__/isNumeric.spec.ts
  ● Console

    console.warn
       [33m[1m⚠[22m[39m Runtime config is deprecated and will be removed in Next.js 16. Please remove the usage of "next/config" from your project.

      14 | // @ts-ignore
      15 | global.TextDecoder = TextDecoder;
    > 16 |
         | ^
      17 | // Make sure you can use "publicRuntimeConfig" within tests.
      18 | setConfig({ publicRuntimeConfig: (nextConfig as NextConfig).publicRuntimeConfig });
      19 |

      at node_modules/next/config.js:5:13
      at Object.<anonymous> (node_modules/next/config.js:12:3)
      at Object.<anonymous> (src/setupTests.ts:16:17)

PASS src/components/PersonListing/Persons/Persons.spec.tsx
  ● Console

    console.warn
       [33m[1m⚠[22m[39m Runtime config is deprecated and will be removed in Next.js 16. Please remove the usage of "next/config" from your project.

      14 | // @ts-ignore
      15 | global.TextDecoder = TextDecoder;
    > 16 |
         | ^
      17 | // Make sure you can use "publicRuntimeConfig" within tests.
      18 | setConfig({ publicRuntimeConfig: (nextConfig as NextConfig).publicRuntimeConfig });
      19 |

      at node_modules/next/config.js:5:13
      at Object.<anonymous> (node_modules/next/config.js:12:3)
      at Object.<anonymous> (src/setupTests.ts:16:17)

PASS src/services/__tests__/gtm.spec.ts
  ● Console

    console.warn
       [33m[1m⚠[22m[39m Runtime config is deprecated and will be removed in Next.js 16. Please remove the usage of "next/config" from your project.

      14 | // @ts-ignore
      15 | global.TextDecoder = TextDecoder;
    > 16 |
         | ^
      17 | // Make sure you can use "publicRuntimeConfig" within tests.
      18 | setConfig({ publicRuntimeConfig: (nextConfig as NextConfig).publicRuntimeConfig });
      19 |

      at node_modules/next/config.js:5:13
      at Object.<anonymous> (node_modules/next/config.js:12:3)
      at Object.<anonymous> (src/setupTests.ts:16:17)

PASS src/services/__tests__/contactUsService.spec.ts
  ● Console

    console.warn
       [33m[1m⚠[22m[39m Runtime config is deprecated and will be removed in Next.js 16. Please remove the usage of "next/config" from your project.

      14 | // @ts-ignore
      15 | global.TextDecoder = TextDecoder;
    > 16 |
         | ^
      17 | // Make sure you can use "publicRuntimeConfig" within tests.
      18 | setConfig({ publicRuntimeConfig: (nextConfig as NextConfig).publicRuntimeConfig });
      19 |

      at node_modules/next/config.js:5:13
      at Object.<anonymous> (node_modules/next/config.js:12:3)
      at Object.<anonymous> (src/setupTests.ts:16:17)

PASS src/__tests__/api/_create-contact.test.ts
  ● Console

    console.warn
       [33m[1m⚠[22m[39m Runtime config is deprecated and will be removed in Next.js 16. Please remove the usage of "next/config" from your project.

      14 | // @ts-ignore
      15 | global.TextDecoder = TextDecoder;
    > 16 |
         | ^
      17 | // Make sure you can use "publicRuntimeConfig" within tests.
      18 | setConfig({ publicRuntimeConfig: (nextConfig as NextConfig).publicRuntimeConfig });
      19 |

      at node_modules/next/config.js:5:13
      at Object.<anonymous> (node_modules/next/config.js:12:3)
      at Object.<anonymous> (src/setupTests.ts:16:17)

PASS src/components/LinkButton/LinkButton.spec.tsx
  ● Console

    console.warn
       [33m[1m⚠[22m[39m Runtime config is deprecated and will be removed in Next.js 16. Please remove the usage of "next/config" from your project.

      14 | // @ts-ignore
      15 | global.TextDecoder = TextDecoder;
    > 16 |
         | ^
      17 | // Make sure you can use "publicRuntimeConfig" within tests.
      18 | setConfig({ publicRuntimeConfig: (nextConfig as NextConfig).publicRuntimeConfig });
      19 |

      at node_modules/next/config.js:5:13
      at Object.<anonymous> (node_modules/next/config.js:12:3)
      at Object.<anonymous> (src/setupTests.ts:16:17)

PASS src/utils/subscriptions/__tests__/mapProjectInterestOption.spec.ts
  ● Console

    console.warn
       [33m[1m⚠[22m[39m Runtime config is deprecated and will be removed in Next.js 16. Please remove the usage of "next/config" from your project.

      14 | // @ts-ignore
      15 | global.TextDecoder = TextDecoder;
    > 16 |
         | ^
      17 | // Make sure you can use "publicRuntimeConfig" within tests.
      18 | setConfig({ publicRuntimeConfig: (nextConfig as NextConfig).publicRuntimeConfig });
      19 |

      at node_modules/next/config.js:5:13
      at Object.<anonymous> (node_modules/next/config.js:12:3)
      at Object.<anonymous> (src/setupTests.ts:16:17)

PASS src/services/__tests__/directoryService.spec.ts
  ● Console

    console.warn
       [33m[1m⚠[22m[39m Runtime config is deprecated and will be removed in Next.js 16. Please remove the usage of "next/config" from your project.

      14 | // @ts-ignore
      15 | global.TextDecoder = TextDecoder;
    > 16 |
         | ^
      17 | // Make sure you can use "publicRuntimeConfig" within tests.
      18 | setConfig({ publicRuntimeConfig: (nextConfig as NextConfig).publicRuntimeConfig });
      19 |

      at node_modules/next/config.js:5:13
      at Object.<anonymous> (node_modules/next/config.js:12:3)
      at Object.<anonymous> (src/setupTests.ts:16:17)

PASS src/utils/subscriptions/__tests__/mapRegionalInterestOption.spec.ts
  ● Console

    console.warn
       [33m[1m⚠[22m[39m Runtime config is deprecated and will be removed in Next.js 16. Please remove the usage of "next/config" from your project.

      14 | // @ts-ignore
      15 | global.TextDecoder = TextDecoder;
    > 16 |
         | ^
      17 | // Make sure you can use "publicRuntimeConfig" within tests.
      18 | setConfig({ publicRuntimeConfig: (nextConfig as NextConfig).publicRuntimeConfig });
      19 |

      at node_modules/next/config.js:5:13
      at Object.<anonymous> (node_modules/next/config.js:12:3)
      at Object.<anonymous> (src/setupTests.ts:16:17)

PASS src/utils/__tests__/events.spec.ts
  ● Console

    console.warn
       [33m[1m⚠[22m[39m Runtime config is deprecated and will be removed in Next.js 16. Please remove the usage of "next/config" from your project.

      14 | // @ts-ignore
      15 | global.TextDecoder = TextDecoder;
    > 16 |
         | ^
      17 | // Make sure you can use "publicRuntimeConfig" within tests.
      18 | setConfig({ publicRuntimeConfig: (nextConfig as NextConfig).publicRuntimeConfig });
      19 |

      at node_modules/next/config.js:5:13
      at Object.<anonymous> (node_modules/next/config.js:12:3)
      at Object.<anonymous> (src/setupTests.ts:16:17)

PASS src/utils/__tests__/date.spec.ts
  ● Console

    console.warn
       [33m[1m⚠[22m[39m Runtime config is deprecated and will be removed in Next.js 16. Please remove the usage of "next/config" from your project.

      14 | // @ts-ignore
      15 | global.TextDecoder = TextDecoder;
    > 16 |
         | ^
      17 | // Make sure you can use "publicRuntimeConfig" within tests.
      18 | setConfig({ publicRuntimeConfig: (nextConfig as NextConfig).publicRuntimeConfig });
      19 |

      at node_modules/next/config.js:5:13
      at Object.<anonymous> (node_modules/next/config.js:12:3)
      at Object.<anonymous> (src/setupTests.ts:16:17)

PASS src/utils/subscriptions/__tests__/mapSubscriptionOption.spec.ts
  ● Console

    console.warn
       [33m[1m⚠[22m[39m Runtime config is deprecated and will be removed in Next.js 16. Please remove the usage of "next/config" from your project.

      14 | // @ts-ignore
      15 | global.TextDecoder = TextDecoder;
    > 16 |
         | ^
      17 | // Make sure you can use "publicRuntimeConfig" within tests.
      18 | setConfig({ publicRuntimeConfig: (nextConfig as NextConfig).publicRuntimeConfig });
      19 |

      at node_modules/next/config.js:5:13
      at Object.<anonymous> (node_modules/next/config.js:12:3)
      at Object.<anonymous> (src/setupTests.ts:16:17)

PASS src/utils/user/__tests__/removePhoneMaskChars.spec.ts
  ● Console

    console.warn
       [33m[1m⚠[22m[39m Runtime config is deprecated and will be removed in Next.js 16. Please remove the usage of "next/config" from your project.

      14 | // @ts-ignore
      15 | global.TextDecoder = TextDecoder;
    > 16 |
         | ^
      17 | // Make sure you can use "publicRuntimeConfig" within tests.
      18 | setConfig({ publicRuntimeConfig: (nextConfig as NextConfig).publicRuntimeConfig });
      19 |

      at node_modules/next/config.js:5:13
      at Object.<anonymous> (node_modules/next/config.js:12:3)
      at Object.<anonymous> (src/setupTests.ts:16:17)

PASS src/components/pages/SubscribeToEmailPage/__tests__/utils.spec.ts
  ● Console

    console.warn
       [33m[1m⚠[22m[39m Runtime config is deprecated and will be removed in Next.js 16. Please remove the usage of "next/config" from your project.

      14 | // @ts-ignore
      15 | global.TextDecoder = TextDecoder;
    > 16 |
         | ^
      17 | // Make sure you can use "publicRuntimeConfig" within tests.
      18 | setConfig({ publicRuntimeConfig: (nextConfig as NextConfig).publicRuntimeConfig });
      19 |

      at node_modules/next/config.js:5:13
      at Object.<anonymous> (node_modules/next/config.js:12:3)
      at Object.<anonymous> (src/setupTests.ts:16:17)

PASS src/utils/subscriptions/__tests__/transformFormValuesToDto.spec.ts
  ● Console

    console.warn
       [33m[1m⚠[22m[39m Runtime config is deprecated and will be removed in Next.js 16. Please remove the usage of "next/config" from your project.

      14 | // @ts-ignore
      15 | global.TextDecoder = TextDecoder;
    > 16 |
         | ^
      17 | // Make sure you can use "publicRuntimeConfig" within tests.
      18 | setConfig({ publicRuntimeConfig: (nextConfig as NextConfig).publicRuntimeConfig });
      19 |

      at node_modules/next/config.js:5:13
      at Object.<anonymous> (node_modules/next/config.js:12:3)
      at Object.<anonymous> (src/setupTests.ts:16:17)

PASS src/utils/__tests__/isValidHttpUrl.spec.ts
  ● Console

    console.warn
       [33m[1m⚠[22m[39m Runtime config is deprecated and will be removed in Next.js 16. Please remove the usage of "next/config" from your project.

      14 | // @ts-ignore
      15 | global.TextDecoder = TextDecoder;
    > 16 |
         | ^
      17 | // Make sure you can use "publicRuntimeConfig" within tests.
      18 | setConfig({ publicRuntimeConfig: (nextConfig as NextConfig).publicRuntimeConfig });
      19 |

      at node_modules/next/config.js:5:13
      at Object.<anonymous> (node_modules/next/config.js:12:3)
      at Object.<anonymous> (src/setupTests.ts:16:17)

PASS src/utils/__tests__/slug.spec.ts
  ● Console

    console.warn
       [33m[1m⚠[22m[39m Runtime config is deprecated and will be removed in Next.js 16. Please remove the usage of "next/config" from your project.

      14 | // @ts-ignore
      15 | global.TextDecoder = TextDecoder;
    > 16 |
         | ^
      17 | // Make sure you can use "publicRuntimeConfig" within tests.
      18 | setConfig({ publicRuntimeConfig: (nextConfig as NextConfig).publicRuntimeConfig });
      19 |

      at node_modules/next/config.js:5:13
      at Object.<anonymous> (node_modules/next/config.js:12:3)
      at Object.<anonymous> (src/setupTests.ts:16:17)

PASS src/services/v1-api/__tests__/updateSubscriptions.spec.ts
  ● Console

    console.warn
       [33m[1m⚠[22m[39m Runtime config is deprecated and will be removed in Next.js 16. Please remove the usage of "next/config" from your project.

      14 | // @ts-ignore
      15 | global.TextDecoder = TextDecoder;
    > 16 |
         | ^
      17 | // Make sure you can use "publicRuntimeConfig" within tests.
      18 | setConfig({ publicRuntimeConfig: (nextConfig as NextConfig).publicRuntimeConfig });
      19 |

      at node_modules/next/config.js:5:13
      at Object.<anonymous> (node_modules/next/config.js:12:3)
      at Object.<anonymous> (src/setupTests.ts:16:17)

PASS src/services/__tests__/newsService.spec.ts
  ● Console

    console.warn
       [33m[1m⚠[22m[39m Runtime config is deprecated and will be removed in Next.js 16. Please remove the usage of "next/config" from your project.

      14 | // @ts-ignore
      15 | global.TextDecoder = TextDecoder;
    > 16 |
         | ^
      17 | // Make sure you can use "publicRuntimeConfig" within tests.
      18 | setConfig({ publicRuntimeConfig: (nextConfig as NextConfig).publicRuntimeConfig });
      19 |

      at node_modules/next/config.js:5:13
      at Object.<anonymous> (node_modules/next/config.js:12:3)
      at Object.<anonymous> (src/setupTests.ts:16:17)

PASS src/utils/__tests__/getValue.spec.ts
  ● Console

    console.warn
       [33m[1m⚠[22m[39m Runtime config is deprecated and will be removed in Next.js 16. Please remove the usage of "next/config" from your project.

      14 | // @ts-ignore
      15 | global.TextDecoder = TextDecoder;
    > 16 |
         | ^
      17 | // Make sure you can use "publicRuntimeConfig" within tests.
      18 | setConfig({ publicRuntimeConfig: (nextConfig as NextConfig).publicRuntimeConfig });
      19 |

      at node_modules/next/config.js:5:13
      at Object.<anonymous> (node_modules/next/config.js:12:3)
      at Object.<anonymous> (src/setupTests.ts:16:17)

PASS src/utils/__tests__/formatPhoneNumber.spec.ts
  ● Console

    console.warn
       [33m[1m⚠[22m[39m Runtime config is deprecated and will be removed in Next.js 16. Please remove the usage of "next/config" from your project.

      14 | // @ts-ignore
      15 | global.TextDecoder = TextDecoder;
    > 16 |
         | ^
      17 | // Make sure you can use "publicRuntimeConfig" within tests.
      18 | setConfig({ publicRuntimeConfig: (nextConfig as NextConfig).publicRuntimeConfig });
      19 |

      at node_modules/next/config.js:5:13
      at Object.<anonymous> (node_modules/next/config.js:12:3)
      at Object.<anonymous> (src/setupTests.ts:16:17)

PASS src/services/__tests__/topicService.spec.ts
  ● Console

    console.warn
       [33m[1m⚠[22m[39m Runtime config is deprecated and will be removed in Next.js 16. Please remove the usage of "next/config" from your project.

      14 | // @ts-ignore
      15 | global.TextDecoder = TextDecoder;
    > 16 |
         | ^
      17 | // Make sure you can use "publicRuntimeConfig" within tests.
      18 | setConfig({ publicRuntimeConfig: (nextConfig as NextConfig).publicRuntimeConfig });
      19 |

      at node_modules/next/config.js:5:13
      at Object.<anonymous> (node_modules/next/config.js:12:3)
      at Object.<anonymous> (src/setupTests.ts:16:17)

PASS src/utils/subscriptions/__tests__/isUserSubscribed.spec.ts
  ● Console

    console.warn
       [33m[1m⚠[22m[39m Runtime config is deprecated and will be removed in Next.js 16. Please remove the usage of "next/config" from your project.

      14 | // @ts-ignore
      15 | global.TextDecoder = TextDecoder;
    > 16 |
         | ^
      17 | // Make sure you can use "publicRuntimeConfig" within tests.
      18 | setConfig({ publicRuntimeConfig: (nextConfig as NextConfig).publicRuntimeConfig });
      19 |

      at node_modules/next/config.js:5:13
      at Object.<anonymous> (node_modules/next/config.js:12:3)
      at Object.<anonymous> (src/setupTests.ts:16:17)

PASS src/utils/__tests__/breadcrumbs.spec.ts
  ● Console

    console.warn
       [33m[1m⚠[22m[39m Runtime config is deprecated and will be removed in Next.js 16. Please remove the usage of "next/config" from your project.

      14 | // @ts-ignore
      15 | global.TextDecoder = TextDecoder;
    > 16 |
         | ^
      17 | // Make sure you can use "publicRuntimeConfig" within tests.
      18 | setConfig({ publicRuntimeConfig: (nextConfig as NextConfig).publicRuntimeConfig });
      19 |

      at node_modules/next/config.js:5:13
      at Object.<anonymous> (node_modules/next/config.js:12:3)
      at Object.<anonymous> (src/setupTests.ts:16:17)


Test Suites: 247 passed, 247 total
Tests:       1200 passed, 1200 total
Snapshots:   12 passed, 12 total
Time:        11.693 s
Ran all test suites.

> metrolinx-starter@0.1.0 check-types
> tsc


=== Gate Result: PASS ===
